"video_id";"fecha";"titulo";"fuente";"texto";"palabras"
"_3D-vPylSMY";"20250405";"Intervencion senador IVan Cepeda Congreso por la Paz";"https://youtu.be/_3D-vPylSMY";"quien ha sabido conducir la delegación de paz del gobierno en los complejos diálogos con el ejército de Liberación Nacional e insistir en todo momento en que nuestra mirada sobre la paz y sus logros y esfuerzos debe ser siempre apreciativa, que no puede haber desperdicio soberbia frente a la paz. Lo que ha logrado con tantos esfuerzos el pueblo colombiano, sus organizaciones, sus comunidades, debe ser reconocido en todo momento. Y de eso se trata esta reunión. Primero, es una respuesta a quienes nos invitan a tirar la toalla. y a renunciar al diálogo como salida a nuestro largo, sangriento y doloroso conflicto armado y multiplicidad de violencias. Hoy más que nunca nos reafirmamos en la vigencia de la búsqueda del diálogo, de la necesidad de reactivar las mesas de diálogo, de reactivar el proceso con el LN, de buscar que a través de las iniciativas humanitarias cese la violencia contra los pueblos indígenas, el campesinado, las comunidades es afrodescendientes, los pobladores rurales y también urbanos que padecen la violencia. Que se respete a los firmantes, las y los firmantes de paz, a quienes encabezan la implementación del acuerdo de paz de 2016. Para ello queremos en este ejercicio que ya ha definido Vera tratar por lo menos tres asuntos que consideramos fundamentales. Primero que discutamos en torno a la vigencia de la paz y aquí que reafirmemos algunas verdades que pueden ser tomadas como verdades evidentes y obvias, pero no lo son. Colombia continúa un conflicto armado que es histórico y que requiere una salida política. La paz es un asunto político, no es un asunto exclusivamente jurídico y mucho menos exclusivamente que se imponga por vías militares. El diálogo sigue siendo para nosotros lo que caracteriza esencialmente al género humano. Su potencia, su poder radica en el diálogo, en la construcción de la concertación para poder construir desde la diversidad realidades nuevas. Así que para quienes quieren llamarnos a dejar el diálogo, por ejemplo, con el Ejército de Liberación Nacional, les decimos claramente, no vamos a renunciar a ese propósito. Pero también obviamente un diálogo eficaz. No se trata de simplemente dejar las armas, desmovilizarse, no se trata de pacificar las regiones, pero tampoco de un diálogo eterno que no lleva a resultados, que se prolonga y se prolonga en ciclos durante décadas. No puede seguir siendo ese el horizonte. Necesitamos hoy respuestas claras de transformación territorial, de acción humanitaria, en fin. Y eso es válido también como parte de un acuerdo nacional, porque la paz no la vamos a construir solamente ni exclusivamente con quienes están armados. La paz se construye en el seno de la sociedad colombiana, entre las fuerzas políticas que viven en una confrontación radical y a veces tan cruenta como la propia confrontación armada, el llamado a los medios de comunicación a que promuevan otra manera de informar. otra cultura de la información sobre la paz, sobre la necesidad del entendimiento entre los colombianos. El llamado a todos los sectores que podamos aportar algo para la paz. Primer asunto. Segundo, la acción por la paz. No queremos simplemente una reflexión, un diálogo, una escucha. Queremos salir de aquí a tomar las calles del país y a una gran movilización nacional para exigir a todos los armados, oficiales y también a los grupos armados a que paren ya la violencia en todas sus formas y la confrontación. y a que se respete a las poblaciones, a la acción humanitaria, por supuesto, y a la vigencia del principio de distinción entre los combatientes y los no combatientes. Todos debemos respetar a los movimientos sociales, a las comunidades y evitar cualquier mezcla intencional o no en el discurso que ponga en riesgo la vida de los líderes sociales en los territorios donde se está llevando a cabo la confrontación armada. Y por último, esta reunión es para que confluyamos. Hay muchos llamados a crear un movimiento nacional por la paz y es hora de que surja. Es hora de que articulemos todos los movimientos que hay, las plataformas que tienen una tradición, unos logros, cada una de ellas que han sido fundamentales para lograr avanzar, por ejemplo, en la implementación del acuerdo de paz de 2016, para lograr desarrollar las mesas de diálogo, para crear un marco jurídico y legal necesario para poder hacer viable que los grupos que giran en torno a las economías ilícitas también puedan entrar en procesos de paz. Frente a todo eso, necesitamos un movimiento nacional por la paz y nuestra invitación en esta reunión es a que le pongamos a eso un cronograma, un plan y unas fechas. Así que muchas gracias por estar aquí en esta iniciativa. A continuación, ¿no? ¿Qué es esto?";"785"
"-m66-eM116I";"20250429";"CONFORMACIÓN DEL BLOQUE METRO";"https://youtu.be/-m66-eM116I";"Eh, digamos, mi trabajo como defensor de derechos humanos y en en mi ejercicio como congresista, me he cuidado mucho de no caer en eh afirmaciones eh que no tengan un sustento, una muy profunda investigación. Y las eh investigaciones serias son las que se hacen en primer lugar en el terreno. Eh, es cierto, yo no estuve el día en que en alguna reunión secreta se decidió que crear el bloque metro, pero yo sí estuve en Providencia, en San José del Nú, hice el recorrido con víctimas. Yo fui hasta la hacienda Huacharacas acompañado eh de una víctima que me narró exactamente lo que había pasado ahí. Eh, y qué hechos son absolutamente eh indiscutibles. Eh, estamos hablando de pequeñas poblaciones. Esto no es una gran ciudad, no es no son decenas de miles de personas. Eh, ahí vive una población pequeña, digamos, demográficamente hablando. No estamos hablando tampoco de eh vastísimas extensiones geográficas, no. Es un pueblo que tiene una iglesia que tiene como todo pueblo una estación de policía, tiene una bomba de gasolina y tiene una gran hacienda a su lado. Bueno, entonces la pregunta que se cae de su peso, que es obvia, es cómo pudo surgir allí un grupo armado, que pasara inadvertido eh no solamente a los pobladores de ese lugar, sino sobre todo a quienes controlaban esa población, que eran las familias como en todo pueblo rural en Colombia, hay unas familias semifeudales que controlan la vida, la tierra, la economía lícita ilícita en esos territorios. ¿Cómo pudo pasar desapercibido ese hecho que era una catedral gigantesca a la vista de todo el mundo? Y es más, una otra pregunta sencilla. A pocos kilómetros de esta población Providencia San José del Nus, queda la población de Amalfi, de la cual, hay que recordarlo, pues en este caso las grandes familias o las familias que llegaron a controlar a Malfi eran ni más ni menos que la de los hermanos Castaño Hill y los hermanos Rendón. Así que en ese mundo, que es un mundo que tiene unas dimensiones muy concretas, es realmente difícil eh que se escapen, no digo yo, a una investigación de un detective muy avesado, sino al sentido común ciertas realidades. Ah.";"374"
"9D15x-Hi0co";"20250429";"RESPUESTAS AL EXPRESIDENTE ÁLVARO URIBE：";"https://youtu.be/9D15x-Hi0co";"Concretamente recuerdo que recibí eh una solicitud de él en términos de entrevistarme eh con quién era su pareja, la señora de Yanira Gómez, quien figura en este proceso también como víctima. y con ella tuve eh tres reuniones.";"39"
"G-KqIm_nIVU";"20250429";"LAS MASACRES EN SAN ROQUE Y LA HACIENDA GUACHARACAS";"https://youtu.be/G-KqIm_nIVU";"Hay una historia muy larga. Esa historia es una historia que se remonta a la década de 1980 en Antioquia, cuando eh en ese departamento lamentablemente se entronizaron los clanes eh narcoparamilitares. surgieron familias que se dedicaron al mismo tiempo al narcotráfico y al paramilitarismo y sometieron regiones enteras a el imperio eh de ejércitos que terminaron unificados en una sola estructura, las Autodefensas Unidas de Colombia, que ejercía, entre otras cosas, su poder a través de empresas de seguridad. eh que creó el entonces gobernador de Antioquia, las empresas Convivir. Eh, una de esas haciendas y uno de esos municipios que tuvo la desgracia de padecer estas formas de control social fue eh el municipio de San Roque. Y allí se entronizó un régimen que con el la justificación de responder a una agresión de la guerrilla, cosa que es cierta en ese territorio hacía presencia una eh unidad del ejército de liberación nacional, pero utilizando eso como eh justificación, pues sembró el terror a través de masacres, asesinatos, selectivos, desapariciones forzadas, al punto que en una pequeña población se instaló un centro de formación paramilitar. Esa es la historia que está ahí y que es difícil de borrar porque digamos se pueden borrar a veces tal vez homicidios, eh hechos individuales, aunque dicen que no hay un crimen perfecto. Eh ahora, si no hay un crimen perfecto, no hay crímenes de les humanidad perfectos. Eso sí eh se lo puedo decir con toda eh la certeza. Aquí estamos ante hechos que son innegables. Allí, en esa población pequeña existió un grupo paramilitar. Ese grupo paramilitar realizó masacres. Esas masacres contaron con la participación de los señores que gobernaban ese territorio. Esa es la situación. M.";"287"
"HJH0iMCkYHg";"20250429";"DECLARACIONES QUE CONTROVIERTEN LAS MENTIRAS DE ALIAS EL TUS";"https://youtu.be/HJH0iMCkYHg";"Buenos días. Ayer fue un día significativo en el juicio que se sigue contra el expresidente Álvaro Urive. Hubo tres valiosas declaraciones y quiero mencionar simplemente algunos de sus aspectos. Ayer, en el juicio oral que se sigue contra el expresidente Álvaro Uribe Vélez, quedaron plenamente controvertidas las mentiras del narcotraficante y financiador de grupos paramilitares Juan Carlos Sierra Ramírez, alias El Tuzo, cuyo testimonio ha sido parte de la estrategia de fraude procesal. Primero, la declaración de el exjefe de las Autodefensas Unidas de Colombia, Salvatore Mancuso, quien afirmó que la extradición de algunos de los principales jefes de esa organización por parte del expresidente Uribe en mayo de 2008, tuvo como finalidad silenciar sus confesiones y ocultar las responsabilidades al más alto nivel de crímenes de estado perpetrados y que eso fue lo que nos dijo a quienes estuvimos presentes en la reunión llevada a cabo en mayo de 2009 en una penitenciaría en Washington. comillas, porque con nuestra extradición, básicamente, esto fue lo que dijo Mancuso, se pretendía silenciarnos y callar u ocultar la responsabilidad que tenía el Estado en crímenes de guerra. Esos crímenes fueron cometidos por nosotros en las autodefensas en connivencia con el Estado. Obviamente, si hablamos de crímenes de Estado, estamos hablando en ese entonces del gobierno de la seguridad democrática y fui enfático en expresarle a esa comisión que la política de seguridad democrática del presidente Uribe funcionó porque nosotros, los paramilitares, las autodefensas, estuvimos detrás de ello. Esa fue la contundente afirmación que hizo Mancuso. En segundo lugar, también Mancuso dejó en claro, además que era compañero de celda de Juan Carlos Sierra, por lo que le preguntó si quería reunirse con la comisión que lo visitó. Sierra consultó con su abogado y le dijo que estaba interesado. En consecuencia, el interés fue de Sierra, no de Piedad Córdoba, mío o de los otros integrantes de esta comisión que lo visitamos. También dejó en claro en su declaración Mancuso que fue Sierra el que pidió protección para sus familiares y que la senadora Piedad Córdoba le ofreció asilo humanitario para ellos y no un ofrecimiento, como él dijo, transaccional en contraprestación de acusaciones que pudiera ser ante la justicia. En tercer lugar, otro hecho relevante, la declaración del periodista Juan Carlos Giraldo, quien se ratifica de lo dicho ante la Corte Suprema en 2019, así como de las conversaciones que sostuvo con Juan Carlos Sierra y allí se evidencia esto. Primero, el periodista Giraldo no fue emisario del exmistrado José Luis Barceló ni de los doctores Eduardo Montealegre y Jorge Perdón. Segundo, ellos no le hicieron ofrecimientos a Sierra para que declarara en contra de los hermanos Uribe Vélez y tercero fue Sierra quien buscó a la Fiscalía General de la Nación. Y por último, un momento esencial, culminante de la audiencia, el testimonio del exministro y exagistrado auxiliar de la Corte Suprema de Justicia, Iván Velázquez, quien dejó totalmente claro que Sierra se hizo referencia efectivamente a los hermanos Uribe y concretamente al presidente de ese entonces, Álvaro Uribe Vélez, en declaraciones que rindió ante la justicia, contrario a lo que había sostenido el exparamilitar, perdón, el ex narcotraficante o narcotraficante condenado, eh, Juan Carlos Sierra. Con relación a la diligencia cumplida en Estados Unidos por el entonces magistrado Velázquez como parte de las labores del radicado 26,625 por la llamada parapolítica. Sierra Ramírez hizo una exposición voluntaria y en extremo detallada del llamado caso Tasmania, es decir, de su participación en la elaboración de un falso testimonio testimonio cuyo destinatario era el presidente de la República de ese entonces, Álvaro Uribe, contó cómo fue que se elaboró una carta que fue leída por Uribe, dirigida a él en 2007 por el paramilitar de ese entonces, Juan Carlos Orlando Moncada Zapata, alias Tasmaña, en lo que se en la que se informaba al mandatario eh que supuestamente el magistrado Iván Velázquez eh estaría hurdiendo un plan en su contra y que habría hecho una entrevista en la que eh le propuso a Tasmania que hiciera afirmaciones contra Uribe a cambio de beneficios jurídicos. Sierra contó cómo se hurdió todo el plan, cuáles fueron los reales beneficios que obtuvieron los paramilitares por participar en ese montaje contra el magistrado Velázquez. Habló de Mario Uribe Escobar y de Santiago Uribe. De esa declaración quedaron constancias escritas. que reclamaba el Tuso Sierra para luego validar su colaboración obteniendo rebaja de penas ante las autoridades estadounidenses. decir que Sierra confesó haber participado en una operación de fraude procesal de eh elaboración de falso testimonio antes de este episodio que ha involucrado al expresidente Álvaro Uribe eh, y que lo tiene ante la justicia precisamente por esos delitos. fraude procesal, soborno en también una actuación penal y soborno eh como parte de un entramado que se hizo en mi contra y en contra de otras víctimas como los magistrados Eduardo, perdón, como el exfiscal Eduardo Montealegre, el ex fiscal Perdomo y la médica de Yanira Jorz. M.";"832"
"HXoTOn0glic";"20250429";"LA DECLARACIÓN DE JUAN GUILLERMO MONSALVE Y EL NERVIOSISMO D";"https://youtu.be/HXoTOn0glic";"Bueno, más allá de la distorsión de la cual está siendo objeto la información sobre el proceso judicial contra el expresidente Álvaro Uribe, vale la pena escuchar en directo lo que está ocurriendo en este importante juicio. En el día de hoy en el expamilitar Juan Guillermo Monsalve ha rendido un testimonio supremamente impactante que creo debe ser escuchado con atención. En ese testimonio, Molzalve dice que en el 94 la guerrilla atacó guacharacas y junto a otras personas él participó en la creación del grupo paramilitar que terminó siendo el bloque Metro. rural. En ese trabajo de conformación del grupo, él sostiene, hoy lo dijo nuevamente que estaban involucrados los hermanos Uribe Vélez, los hermanos Gallón Enado y los hermanos Villegas Uribe. Ese grupo se dedicó al narcotráfico, al cartel de la gasolina, a masacrar a pobladores de esa zona del país y en un momento determinado hacer campaña para la elección presidencial de Álvaro Uribe, según Monzá, hay que escuchar atentamente ese testimonio que ha quedado para la historia del país. Yes.";"174"
"Ms5Mu_FYxX4";"20250429";"TESTIMONIO DE LA INVESTIGADORA DEL CTI LUZ MIREYA LÓPEZ RODR";"https://youtu.be/Ms5Mu_FYxX4";"Hoy, en el juicio al expresidente Álvaro Urivio Vélez comenzó a rendir testimonio la investigadora del CTI, Luz Mireya López Rodríguez. Su labor en desarrollo y cumplimiento de los autos y órdenes de la Corte Suprema de Justicia da cuenta de las visitas que Diego Cadena efectuó a la cárcel La Picota los días 21 y 22 de febrero de 2018. Contrario a lo que han sostenido otros testigos que pretenden favorecer al expresidente Uribe como Héctor Romero, Víctoria Eugenia Jaramillo y Ricardo Williamson. Se evidencia que Cadena y Pardo Haser eh planificaron meticulosamente la reunión en la que presionaron al testigo Monsalve y que la iniciativa de buscar su retractación fue de ellos, cumpliendo el encargo del expresidente y entonces senador de la República. Como se sabe, el expresidente Uribe debía presentar el recurso contra el auto inhibitorio, en este caso el 23 de febrero del año 2018. En la reunión del 22 de febrero de 2018 en la picota en la tarde entre el abogado cadena Enrique Pardo, el abogado Héctor Romero y Juan Guillermo Monsalve, Cadena y Pardo intentaron desesperadamente obtener la retractación de Monsalve a cambio de beneficios jurídicos. Antes de ese encuentro en la tarde del 22, Pardo y Cadena se reunieron en tres oportunidades. La primera reunión se produjo el 21 de febrero de 2018, en las horas de la tarde durante 1 hora y 5 minutos. A esa reunión, el testigo Monsalve se negó a concurrir y recibir a Cadena. La segunda visita de cadena se produjo el 22 de febrero del mismo año en las horas de la mañana. Y por último, la tercera se produjo en las horas de la tarde de ese mismo día durante 20 minutos para preparar la que tendrían a continuación y que le dirían a Monsalv. Eh, al comparar el registro fílmico de la reunión de la picota del 22 de febrero de 2018 y lo declarado por Héctor Romero, en el juicio se evidencia que este último mintió en su testimonio al menos en tres oportunidades. Primero, según Romero, no habló con Diego Cadena antes de la reunión con Monsalve, cuando en realidad estuvo sentado a solas con él en la misma mesa durante varios minutos antes de que ingresara Monsalve. Segundo, según Romero, Enrique Pardo Hash, solo se acercó un momento a la mesa de la reunión cuando en realidad participó casi que en toda ella. Y tercero, en un momento del encuentro se levantó de la mesa Romero a conversar con Cadena eh para eh tratar asuntos que se estaban desarrollando en la reunión. La realidad probatoria va demostrando con nitidez cómo se ha desarrollado a cabo la planificación del fraude procesal y del soborno a gran escala, en este caso, bajo la conducción y determinación del acusado Uribe Vélez. M.";"468"
"OwOs8owZ3Lw";"20250429";"LA FALAZ DECLARACIÓN DE HIILDA JANETH NIÑO FARFÁN";"https://youtu.be/OwOs8owZ3Lw";"Buenos días. Mientras el país estaba movilizado ayer llenando las plazas de las principales ciudades del país, en el juicio oral que se lleva a cabo contra el expresidente Álvaro Uribe por tres delitos, eh se presentó la declaración de la exfiscal Hilda Janet Niño Farfán. He aquí un resumen de esa declaración, la falaz declaración de Hilda Janet Niño Farfán. Ayer en el juicio oral que se sigue contra el expresidente Álvaro Uribe Vélez, se pudo escuchar a la exfiscal Hilda Janet Niño Farfán, condenada por recibir sobornos del narcotraficante Miguel Ángel Mejía Múnera, alias el mellizo. La fiscalía, como ha hecho con otros testigos presentados por el acusado Uribe Vélez, puso en claro las falacias de esta testiga. Primero, mientras que Hilda Niño dijo ante la Corte Suprema de Justicia que los ex fiscales Eduardo Montealegre y Jorge Perdomo estarían involucrados en un supuesto complot en contra de los hermanos Uribe Vélez en la diligencia de ayer, en el juicio oral, reconoció que nunca recibió de ellos una instrucción en tal sentido. Segundo, la exfiscal niño habría hecho estos señalamientos a cambio de que el acusado Uribe Vélez le ayudara para que fuera trasladada de lugar de reclusión. En una conversación interceptada el 9 de mayo de 2018, Diego Cadena, como ustedes saben, abogado en la sombra de Álvaro Uribe, se comprometió con la exfiscal Niño a pedir ayuda de Uribe para el referido traslado. Estos son fragmentos de esa conversación, dice la exfiscal niño Doc. ¿Y qué hago para que él me pueda ayudar con eso o con el director de la policía? ¿Por qué es que hay dos sitios? Está ese y está Carabineros. Y contesta Cadena, ""Le voy a averiguar y le digo, doc, se lo prometo. Il Janet niño, ayúdeme, doc, con eso usted, cadena. Se lo prometo que sí. Tercero, aunque niño aduce que su traslado no se dio por intermediación de Uribe Vélez, como lo indica la Corte Suprema de Justicia, coincidencialmente cuando ya estaba en conversaciones con el enviado de Uribe, es decir, el llamado abogangster Diego Cadena y tras 6 meses de lucha en los que no había logrado nada, es cuando consigue finalmente su traslado de sitio de reclusión. Cuarto, pese a que la exfiscal Niño dice que sus declaraciones no tienen relación con las visitas del abogado Cadena, se evidencian dos coincidencias. La primera eh es que eh Cadena la visita el 6 de julio de 2017 y la primera vez que ella solicita a la fiscalía ser escuchada en el caso de los 12 apóstoles que involucra a Santiago Uribe fue en septiembre de 2017, es decir, a pocas semanas de esa visita. Segundo, eh la segunda vez que solicita ser escuchada con el mismo propósito fue el 23 de abril de 2018, es decir, pocos días después de la segunda visita de cadena que se produjo el 17 de abril de ese año. Quinto, además, como lo advierte la Corte Suprema de Justicia en este caso y cito a la Corte, comillas, es llamativo que decida establecer contacto con el senador de ese entonces, Uribe Vélez, para el primer trimestre de 2018 a iniciativa propia para revelarle unos hechos que al parecer habrían sucedido 3 años atrás. Esto es en el 2015, que el acercamiento de la potencial testigo de nuevo se confiara a Diego Cadena cuando los abogados principales están al frente de las investigaciones que tendrían relación con el tema a declarar por esta solicita pretendida testigo. Hasta ahí la Corte Suprema. Bueno, como se sabe, los abogados principales han sido el doctor Granados y el doctor Lomar. Bueno, veremos el jueves cómo sigue desarrollándose el juicio contra el expresidente Álvaro Urive Vélez. M.";"620"
"X8haC3kuiVw";"20250429";"Juan Guillermo Monsalve ratifica sus afirmaciones ante la ju";"https://youtu.be/X8haC3kuiVw";"Y vale la pena señalar a propósito de esta de esta respuesta, senador Iván, que ninguno de los testigos eh que usted ha presentado, ninguno de los testigos en este caso, todos, ninguno de ellos se ha retractado a pesar de las presiones, a pesar de las amenazas, es decir, se mantienen después de tanto tiempo. Y por el contrario cogen más fuerza sus dichos. Eh, sí, aquí hay una circunstancia que es la siguiente. Yo realicé dos entrevistas en el año 2011, una al señor Monsalve y otra al señor Sierra. Bueno, en realidad cronológicamente fue primero la del señor Sierra, a quien Holman, usted también entrevistó en algún momento. Y otra al señor Monzal. Esas dos entrevistas de manera inmediata o a los pocos días de haberlas realizado, las entregué a la fiscal general de ese entonces, Vivia Morales. Esas entrevistas son anteriores a todo este proceso judicial, porque el proceso judicial realmente comenzó cuando yo hice mi primer debate en la Cámara sobre estos hechos. Ahí fue cuando Uribe apareció con los primeros eh falsos testigos y de ahí en adelante ha presentado eh prácticamente una veintena de personas eh muchas de ellas paramilitares, narcotraficantes, que me acusan de haber intentado a través de soborno, convencerlas de eh testificar en contradura, pero La realidad es que yo no he presentado a la justicia un solo testigo. En estos 14 años no he presentado el primer testigo ante la justicia. Así que la primera cuestión que debería explicarle el expresidente Álvaro Uribe es eh si en realidad mi pretensión era llevar decenas de testigos ante la justicia porque eso no se hizo realidad. Eh, llegamos a la conclusión un poco absurda de que personas que han estado en el mundo criminal eh tienen una conciencia que les impide acceder al soborno. Es esa la absurda hipótesis que él pretende venderle al país. Por supuesto, eso se cae de su peso, que es una mentira. Yeah.";"327"
"XN-SuP9XkCs";"20250429";"LAS MENTIRAS Y “OLVIDOS” DE JUAN CARLOS SIERRA, ALIAS ‘EL TU";"https://youtu.be/XN-SuP9XkCs";"Hoy quiero destacar dos hechos sobre el juicio que se sigue contra el expresidente Álvaro Uribe. La primera eh cuestión es la denuncia que hicimos como bancada de víctimas sobre el señor alias Simón. Señalamos que este es un testigo de Uribe que además de ser un falso testigo, pues ahora aparece como cabecilla de una estructura del clan del Golf. sobre tan importante revelación. No hemos escuchado ni una sola palabra de la defensa de Uribe, ni tampoco de su entorno político tan buciferante con relación a otros temas. Eh, y el segundo hecho fue la declaración del señor eh Juan Carlos eh Sierra, alias el Tuzo, plagada de mentiras y olvidos. Eh, de esta declaración cabe destacar lo siguiente. Primero, en este episodio, en la declaración de hoy, aparece por primera vez con tanta fuerza y claridad la oficina de Envigado. De una parte del Tuso Sierra era el enlace entre el narcotráfico y esa organización criminal, como consta en distintas decisiones judiciales, como por ejemplo una del Tribunal Superior de Medellín con relación al bloque Héroes de Granada y por otra parte el contacto entre Álvaro Uribe y el Tuso Sierra lo hizo Juan Manuel Aguilar, hermano de Carlos Mario Aguilar Echeverry, conocido también como Rogelio. jefe de la oficina de Envigado tras la ruptura eh perdón, tras tras la captura de alias Donberna. Segundo, en la declaración de hoy, el Tuso tuvo que eh admitir que esta era una visita oficial de una comisión del Senado de la República y que fue él quien solicitó a Piedad Córdoba y a quien estábamos presentes eh asilo para su familia ante la situación que él mismo reconoció era de riesgo por las declaraciones que él estaba haciendo ante la justicia. Tercero, con relación a la visita que hicimos el 27 de julio de 2009 en esa cárcel de Washington, cabe recordar que en varias oportunidades, en una narración que él hizo de carácter biográfico, mencionó eh él sin ninguna presión de manera espontánea a los hermanos Álvaro, Santiago y Jaime, conocido también como el pecoso Uribe Vélez. Eh, con relación a Santiago, habló de sus estrechas relaciones con el clan de los hermanos Gallóno. Con relación a El pecoso dijo que lo conocía personalmente y con relación al primo de Álvaro Uribe dijo que no solamente tenía relaciones familiares con Mario Uribe, sino también de índole comercial. Y con relación a Álvaro Uribe, sí, también lo mencionó, dijo que gracias a él como presidente de la República, eh Álvaro Uribe lo había logrado incluir eh como parte del proceso de la llamada desmovilización paramilitar de las Autodefensas Unidas de Colombia. Hay que recordar que esto fue escandaloso, puesto que Sierra aparecía como narcotraficante puro y fue por decisión de Álvaro Uribe que quedó incluido como parte de las Autodefensas Unidas de Colombia. En cuarto lugar, cabe destacar que en una declaración que él rindió en este proceso ante la Fiscalía General de la Nación, cuando se le preguntó, ""¿Usted ha declarado en contra del expresidente Álvaro Uribe?"" y su familia en alguna investigación. La respuesta del Tuso fue, ""He declarado no una, sino muchísimas veces."" Eh, quinto, en la carta que el Tuso Sierra envía a la Corte Suprema de Justicia, eh una primera el primero de agosto y otra el 20 de diciembre de 2018, señala falsamente que se le hicieron ofrecimientos a cambio de que declarara en contra de los hermanos Uribe Vélez, un hecho que hoy precisamente quedó desmentido por su propia declaración. Pero también hay que recordar la declaración que hizo su abogado estadounidense Manuel Retureta en la revista Semana, quien al referirse al hecho de que eh si él hubiera escuchado que se le hiciera un ofrecimiento ilícito en esa reunión que tuvimos en julio de 2009 en Washington, en la cárcel con él, pues dice Retureta, ""Yo como el único abogado americano en esa reunión Si yo hubiera oído algo así, me hubiera sentado con los fiscales estadounidenses para decir, esto es lo que está pasando. Por último, en interceptación del 7 de mayo de 2018, el acusado Álvaro Uribe le da la siguiente instrucción al abogánster Diego Cadena sobre cómo debe acomodar el Tuso Sierra su declaración. Comillas. Dígale que lo importante es que declare lo que quiera decir, que si tiene que quitarle o agregarle a eso, a esa declaración, que tranquilo. Esto es un resumen de lo que fue hoy el desfile de mentiras y olvidos de alias el Tus.";"751"
"b3QpYRD3vj0";"20250429";"LA DECLARACIÓN DE FABIÁN ROJAS PUERTAS";"https://youtu.be/b3QpYRD3vj0";"Ayer el juicio oral quedó suspendido por una decisión que tomaron algunos magistrados de la Corte Suprema de Justicia. Eh, esperamos ahora con paciencia que se reanude el juicio e en una decisión que debe tomar eh la juez 45 de conocimiento eh que esperamos sea favorable para que podamos seguir adelantando esta labor probatoria. Eh, pero antes eh de ese anuncio eh pudimos escuchar la declaración de Fabián Rojas Puertas, eh quien eh es o mejor fue integrante de la Unidad de Trabajo Legislativo del entonces, senador Álvaro Uribe. Hago algunas consideraciones sobre esa declaración. Primero, en este escenario cobra especial interés el involucramiento que en la búsqueda y recolección de falsos testigos hizo el senador Uribe Vélez de integrantes de su unidad de trabajo legislativo, como el caso de el propio Fabián Rojas y también de María Claudia Daaa, conocida como Callita. Eh, segundo, el 22 de febrero de 2018, Fabián Rojas, María Claudia Daa y los abogados Diego Cadena y Juan José Salazar se reunieron para organizar las cartas con contenido falso de los internos Carlos Enrique Vélez, alias Víctor, John Jairo Cárdenas Suárez, alias Fosforito y Fauner José Barona Rodríguez, alias Racomín, que al día siguiente Álvaro Uribe y su abogado Jaime Granados, en una improvisada rueda de prensa en las escalinatas del Palacio de Justicia, anunciaron que erradicarían como en efecto lo hicieron, junto con el recurso de reposición contra el autoinhibitorio de la Corte Suprema ditado a mi favor y en el que se compulsó copias contra Uribe por presunta manipulación de testigos. Tercero, Fabián Rojas dejó en evidencia que Álvaro Uribe Vélez planificó la recolección de falsos testigos de la cárcel de Cómbita, los señores Máximo Cuesta Valencia, Elm José Mármol Torrza y Giovanica David Zapata, con los que por intermedio del abogado Diego Cadena, intentó que se revocara el autoinhibitorio. Para ello, orquestó una reunión que se que se intentó ocultar a la Corte Suprema de Justicia y en la que participaron el entonces director de la cárcel de Cóbita, el coronel Ricaute y la abogada Ángela López. Cuarto, la conversación en conversación, perdón, con Diego Cadena, eh, que data del 21 de junio de 2018, Fabián Rojas se refiere a la preocupación que tiene con relación a los presos de CBita y a la participación de Ángela López. Dice lo siguiente, comillas, usted le dice a Cadena, se cuidó. Yo entiendo el papel de la doctora, pero ahí hay que limitar. O sea, ellos han sido bien, pero ellos toca limitarlos. Si me explico, doctor, porque usted sabe, usted me entenderá mi preocupación. Quinto, Rojas señala que cuando advirtió que dos de esas cartas tenían la misma caligrafía y fueron elaboradas por Diego Cadena y Ángela López, alertó al senador Uribe sobre esa circunstancia sin que eso hubiera sido obstáculo para que Uribe autorizara a Cadena para que siguiera acudiendo a esos métodos. que replicó con varios de los falsos testigos traídos al proceso por el acusado. En interceptación telefónica del 23 de junio de 2018, Cadena dice, ""Mire, presidente, yo sé de la preocupación del doctor Fabián, pero presidente, yo soy penalista, también yo he manejado, usted sabe."" Y Uribe responde, ""Está bien, vamos para adelante. texto, en palabras de la Corte Suprema de Justicia, cito aquí a la Corte, nítido se aprecia entonces que sin haberle ocasionado ningún disgusto esta situación, el senador Uribe Vélez, respecto a la manera como Diego Cadena realiza su trabajo, las razones que le ofreció ante la objeción de su asesor Rojas Puertas, Rojas Puerta, que no de él le bastaron para autorizarlo a seguir adelante sin ninguna observación, instrucción o prohibición de volverlo a hacer como en efecto ocurrió. Bueno, muchas gracias. M.";"620"
"ecUCaWPISnA";"20250429";"COMUNICADO DE PRENSA DE LA BANCADA DE VÍCTIMAS CASO URIBE";"https://youtu.be/ecUCaWPISnA";"La bancada de víctimas en el proceso que se sigue actualmente contra el expresidente Álvaro Uribe ha hecho hoy un anuncio que consideramos es muy relevante. Hemos puesto en conocimiento de la señora juez que lleva este proceso eh hechos que nos suscitan la más onda preocupación. Uno de los testigos que presenta la defensa del expresidente Álvaro Uribe, el señor Ramiro de Jesús Enao, aparece en distintos informes que hemos venido corroborando, informes oficiales, hay que decirlo, como el cabecilla de una nueva estructura del llamado Clan del Golfo, estructura que se está conformando con exparamilitares en el oriente antioqueño, el señor Ramiro de Jesús Enao, conocido también con el alias de Simón o también de Fantasma, eh fue eh señalado por la Corte Suprema de Justicia como falso testigo y también a él se le compulsó copias en eh el auto eh que profirió la Corte cuando eh se inhibió de investigar. Es decir, el señor eh alias Simón viene siendo utilizado por el expresidente Uribe como un falso testigo desde hace tiempo. Ahora, repito, aparece involucrado en informes como cabecilla de una estructura neoparamilitar y narcotraficante, eh, que estaría además en una zona en la cual existió, hay que recordarlo, el bloque Metro. Entre otras cosas, esa nueva estructura del clan del Golfo lleva el nombre en honor al a quien fuera el jefe de esa estructura del bloque metro, el señor alias Rodrigo Doblecer. Eh, y al parecer también hay otras estructuras que dentro de ese frente llevan nombres de personas que hicieron parte del bloque metro. Es más, esta estructura estaría actuando en los territorios en los que eh pues tuvo lugar la presencia de ese grupo paramilitar. Así que llamamos la atención a que se esté utilizando como parte de la defensa del expresidente Uribe a paramilitares activos, no solamente a testigos que han estado involucrados con el paramilitarismo, como son la casi totalidad de los testigos que hablan a favor de Uribe, sino ahora personas que actualmente hacen parte de una organización delictiva de alta peligrosidad. M.";"344"
"iVn712tSECQ";"20250429";"CONCLUSIÓN SOBRE LAS DECLARACIONES DE VICTORIA EUGENIA JARAM";"https://youtu.be/iVn712tSECQ";"Este es nuestro balance de lo escuchado hoy en el juicio eh contra el expresidente Álvaro Uribe. Hoy el país pudo escuchar dos testimonios que son en realidad un nudo de numerosas contradicciones y mentiras. Aquí están algunas de las principales y más relevantes. Primero, Victoria Jaramillo guarda silencio sobre las circunstancias en las que se conoció con Diego Cadena. omite decir que sirvió de puente entre él y Juan Carlos Rodríguez Aliaceus para que se presentara como testigo en el proceso contra Santiago Uribe en el que hizo falsos señalamientos en mi contra y a quien cadena terminó representando como apoderado. Segundo, la teoría de la defensa se basa en que Victoria Jaramillo y Ricardo Williamson se conocieron circunstancialmente el 31 de diciembre de 2017. en chat exhibido por la fiscalía. Sin embargo, queda en evidencia que se conocían de antes. Jaramillo dijo, pero era como antes del 31 de diciembre, un domingo. Williamson se negó a declarar expresamente sobre lo dicho por Jaramillo, por lo que la fiscalía impugnó su credibilidad. Tercero, Williamson en su declaración afirma que el 31 de diciembre de 2017 le dijo a Victoria Jaramillo que Monsalve llegaba llorando y quería decir la verdad, mientras que Victoria Jaramillo dice que fue con posterioridad que Williamson la abordó por teléfono. Cuarto, Williamson dice que durante todo el mes de diciembre su cuñado Enrique Pardo le habló sobre el supuesto deseo de Monsalve de retractarse. Por el contrario, Pardo ante la Corte Suprema declaró que habló con Williamson de este tema únicamente el 31 de diciembre de 2017 y que fue producto de la Divina Providencia. Quinto, Victoria Jaramillo en su declaración dijo que después de estos hechos se encontró casualmente con Williamson en un puesto de votación, mientras que este último en declaración rendida ante la Comisión de Disciplina Judicial de Bogotá, declaró que se reunió con ella otra vez. Y por último, sexto, llama la atención que Victoria Jaramillo, Diego Cadena, Enrique Pardo Hash y todos los demás que han declarado falsamente en este proceso y seguramente declararán como parte de eh los testigos a escuchar, señalen que a ellos solo les interesaba la verdad. Todos responden al libreto del acusado Uribe Vélez. Hay que recordar que Victoria Jaramillo, eh, a Victoria Jaramillo, la Corte Suprema de Justicia le compulsó copias por la presunta realización del delito de falso testimonio. Esas son algunas de las conclusiones.";"402"
"u60jnNhdTFs";"20250429";"CONTINUACIÓN DEL TESTIMONIO DE LUZ MIREYA LÓPEZ RODRÍGUEZ";"https://youtu.be/u60jnNhdTFs";"Un saludo especial a las mujeres en el día de hoy. Continúo con la labor de explicación y exposición de lo que está ocurriendo en el juicio contra el expresidente Álvaro Uribe. En el día de ayer tuvo lugar la segunda parte del testimonio de la investigadora del CTI, Luz Mireya López Rodríguez, quien dio cuenta de actividades de policía judicial ordenadas por la Corte Suprema de Justicia. Se presentaron nuevos elementos probatorios que demuestran la operación de fraude procesal y soborno ordenada presuntamente por el acusado Uribe Vélez. a sus compradores de falsos testigos, Diego Cadena y el socio de este Juan José Salazar, pero igualmente las contradicciones que surgieron con Carlos Enrique Vélez, alias Víctor, eh, que han puesto en evidencia esta operación criminal. Primero, hubo una intensa actividad de estos abogados en las cárceles eh de Palmira y Cómbita alrededor de las fechas del 20 y 23 de febrero eh de 2018, como también lo hicieron en la cárcel la Picota. Eh, con relación a estos testigos también hubo intentos de soborno antes y después eh de ese periodo entre el 20 y 23 de febrero de 2018. Segundo, en la cárcel de Palmira, los abogados Cadena Salazar y Sánchez Cañón obtuvieron cartas con contenido falso de Carlos Enrique Vélez y John James Cárdenas Suárez, alias Fosforito. En la cárcel de Cómbita obtuvieron la carta de Fauner José Barahona, alias Racumín. Tercero, en la audiencia fueron exhibidos los soportes documentales de pagos a Carlos Enrique Vélez, sus familiares y también a Eurídice Cortés alias Diana. En la agenda personal de Vélez aparecen los contactos celulares de Cadena y Salazar, así como la relación de los dineros recibidos según Véz por concepto de regalías. La investigadora acreditó 26 giros hechos a por cadena eh a través de Rodolfo Echeverry, mensajero de su oficina, a familiares y amigos de alias Víctor, así como a Euridice Cortés, que superan los 10 millones de pesos. También cuatro giros por valor de 500,000 pesos del abogado Sánchez Cañón a María Elena Vélez Ramírez, hermana de alias Víctor. Cuarto, sobre estos pagos, el acusado Uribe Vélez ha afirmado que le dijo a Cadena, comillas, lo cito, hombre, doctor Diego, si me hubiera consultado le hubiera dicho que de ninguna manera. Pero al mismo tiempo y de forma evidentemente contradictoria, Uribe ha intentado justificar públicamente esos pagos diciendo que eran giros humanitarios de poca cuantía. Quinto, el material probatorio muestra que la las promesas de soborno económico podían ser mucho más cuantiosas. Audios y mensajes de WhatsApp exhibidos el día de ayer dejan en evidencia que los abogados Cadena y Salazar, en representación del acusado le hicieron promesas remuneratorias a Vélez a cambio de sus falsos señalamientos. Su incumplimiento provocó que este último terminara retractándose ante la Corte Suprema de Justicia y poniendo en evidencia el entramado de sobornos. En esos audios y mensajes WhatsApp, Juan José Salazar intenta aplacar las cosas en un trato evidentemente familiar con quien busca sobornar tratándolos como Abeles Carlitos. y a Eurídice Cortés como Euri. Juan José Salazar y Diego Cadena enfrentan hoy a la justicia en juicios que se están desarrollando paralelamente. Так.";"526"
"zUPILBh3kRM";"20250429";"LO QUE ME CONSTA SOBRE LOS VÍNCULOS DE ÁLVARO URIBE CON EL";"https://youtu.be/zUPILBh3kRM";"el interrog hablado, le he preguntado por el interrogatorio que hace Granados, la técnica del sí y no, pero el interrogatorio de el expresidente Álvaro Uride Vélez, digamos, que a lo largo de la audiencia se ve que tiene un trasfondo, se ve que busca algo. ¿Qué pretende el expresidente Álvaro Urive Vélez cuando insiste y pregunta y repregunta sobre su visita a las cárceles y su visita a los extraditables, que uno algunas veces pensaba, pero pero bueno, esto qué tiene que ver, para dónde va. Quiero que que usted nos explique cuál fue su visión en este momento del interrogatorio para que la gente en Colombia salga de los titulares eh simplistas e basta con que se eh puedan se pueda acceder a eh documentos serios y un documento serio es la resolución de eh la solución jurídica del expresidente Uribe que la Corte Suprema de Justicia e elaboró en el año 20 eh 3 de agosto de 2020. Es un documento que tiene más de 15 páginas. ¿Y qué dice ahí la Corte sobre este punto en particular? sobre el caso del señor Juan Carlos Sierra, alias El Tuz. A la Corte le llama poderosamente la atención varias cosas. Primero, que el señor eh y esto lo dije hoy en la audiencia, eh que el señor Sierra, un narcotraficante confeso, condenado por la justicia de Estados Unidos, un buen día, eh, después de 10 años de un hecho, en un golpe de conciencia moral, eh, despierta de su indolencia y dice, ""Hombre, me estaban intentando sobornar."" y recurre inmediatamente al hermano de un narcotraficante eh de la oficina de Envigado, de la llamada oficina de Envigado y pide urgentemente que eh su testimonio sea tenido en cuenta en este proceso que estamos viendo desarrollarse en Colombia. Claro, todo eso ocurre en determinados momentos supremamente importantes del proceso judicial. No son momentos casuales. Unos testigos de estos aparecen cuando yo hago el primer debate. Otra ola de testigos o oleada de testigos aparece cuando hago el segundo debate en el Senado. Otro cuando está por vencerse la interposición del recurso eh de reposición. Eh, y el expresidente Uribe en las escalinatas del Palacio de Justicia espera ansiosamente que le lleguen eh nuevos testimonios eh o cartas o escritos en los cuales se retracte, entre otros, el eh paramilitar eh Juan Guillermo Monzáve. Entonces, el señor Sierra eh en un ataque eh de conciencia decide escribir una carta para enviarla a Colombia. Lo que dice la corte en este documento que estoy citando es que lo interesante de todo eso es que el expresidente Uribe, que dice que a él ese tipo de asuntos pues le importan, pero él no lo sigue en sus detalles, aparece supervisando a través de lo que se ha podido establecer en eh las interceptaciones eh que se han dado eh paso a paso, hora por hora lo que está ocurriendo con este documento que debe enviar el señor Sierra, la Corte Suprema de Justicia y allí hace requerimientos muy serios sobre eh el contenido de esos documentos. Entonces, eh esas preguntas eh realmente a mi modo de ver un poco pueriles eh hoy sobre la extradición, sobre si la extradición eh afecta o no la verdad, si estos señores fueron llevados a Estados Unidos para que dejaran de delinquir todos estos asuntos que ya a estas alturas están suficientemente claros, pues eh eh realmente a estas alturas ya tienen otra eh otra connotación y se ha podido demostrar que son todo menos lo que dice quien en su momento como presidente de la República impulsó esas decisiones.";"604"
"9XPWsX6-rjY";"20250430";"“SALUDOS AL VIEJO PIBE”";"https://youtu.be/9XPWsX6-rjY";"hermano, para que tengan pendiente este ao, viejo. Lo que hablamos en la reunión o la reunión, no, lo que hablamos usted y yo hoy acá. Te voy a decir esto y vuelve se lo reitero. Yo en la corte voy a hablar voy a hablar la verdad sobre todo sobre la masacre de Río Sucio, quiénes tuvieron que ver ahí el el primo de su papá ahí la reunión de lo que hubo con su papá, todo eso, lo que yo le dije hoy, lo que pasó en la pintada y todo eso, si me entienden. No, yo no me preocupo por eso. Es que yo no les estoy ni pidiendo ni las estoy extorsionando ni nada de eso. Como vuelvo y les reitero, él fue el que me mandó a buscar. Yo no lo busqué a él. Yo no. Él fue el que me mandó a Diego a buscarme acá. Yo estaba quieto acá. Que los enredos que él tenga con Alberto, eso es cuestión de ellos. ¿Para qué me meten a mí en las maricadas? Estaba quieto. ¿Quieren que cuente la verdad? Se la voy a decidir. Usted ya vio el papel que se escribía la corte y yo voy a esclarecer todo con puntos y señales. Lo que le mostré, todas las amenazas mías y lo que tengo guardado aquí. Las pruebas que voy a mostrar contra Uribe, contra todos ellos, yo la demuestro y ya. Y que se me venga el mundo encima, que si me van a matar lo que hicieron con Arisa, lo que van a hacer eso que le hagan, papi. Yo no me preocupo por eso, viejo Guancho. De todas maneras, muchas gracias por todo, viejo. ¿Me entiendes? de todas maneras. Así queramos y listo y y hágale todo bien y ya eh mejor dicho cortemos toda comunicación que ya como le dije yo a usted hoy, ustedes hoy desde hoy de este momento yo soy el enemigo de ustedes. Era amigo, ahorita soy el enemigo. ¿Por qué? Porque voy a hablar la verdad. Les voy a hablar entre ustedes ahorita me van a tratar a mí de mentiroso y de falso testimonio y todo eso. Me van a tirar. como le está entando a Pablo. Yo voy a contar la verdad, voy a contar todo lo que pasó allá en la picota con con Cepeda. La verdad todo lo voy a decir yo, tranquilo, no se preocupe. Y nada, cortemos comunicación y todo eso, mi viejo. De todas maneras que esté muy bien. Saluda al pibe y tranquilo que no ha pasado nada. Ev.";"434"
"DgS0zJ1AGhk";"20250430";"“¿CÓMO ASÍ QUE EL ABOGADO LE VA A PAGAR A USTED EN VEZ DE US";"https://youtu.be/DgS0zJ1AGhk";"Ayer fue un día crucial en el juicio que se sigue contra el expresidente Álvaro Gribe. Pudimos escuchar, entre otras declaraciones, una muy valiosa, la de la hermana que también Carlos Enrique Vélez considera su mamá porque lo ha criado. declaración en la cual ella dio detalles sustanciales sobre la manera en como el enviado de Uribe, eh Diego Cadena, habría hecho pagos cuantiosos, sobornos para intentar comprar a este falso testigo. E lo resumo de la siguiente manera. Y cómo así que el abogado le va a pagar a usted en vez de usted pagarle al abogado se pregunta y le pregunta María Elena Vélez a alias Víctor. En el día de ayer, en el juicio oral contra el acusado Álvaro Uribe, se escucharon las declaraciones de María Elena Vélez Ramírez, hermana de alias Víctor y de Rodrigo Echeverri, mensajero de la oficina del abogado Diego Cadena. Primero, el abogado Cadena, enviado por el expresidente Uribe se presentaba como apoderado de Carlos Enrique Vélez, alias Víctor. Esto demuestra los beneficios jurídicos ofrecidos por cadena al testigo y que se encuentran probados en el proceso a través del poder que este último le confirió para que lo representara jurídicamente. Segundo, por intermedio de María Elena Vélez Ramírez, los abogados Samuel Sánchez Cañón y Diego Cadena entregaron los sobornos hechos a alias Víctor. Sánchez Cañón y su compañera le giraron 550,000 pesos. Y Diego Cadena, por intermedio de Rodolfo Echeverry, su mensajero, 5,800,000 pesos en giros. Tercero, pero al parecer estos detallitos, como los llamó ayer la señora María Elena Vélez y como también los llamaba el abogado Cadena, eh que correspondían a sumas pequeñas de dinero entregadas a los falsos testigos a través de giros que se enviaban a empresas del chance. eh eran acompañados de cuantios pagos en efectivo para eh no dejar rastro de las sumas mayores. María Elena Vélez ha declarado en este proceso y en el que se sigue contra el abogado Diego Cadena, que además le fueron entregados dos sobres con un total de 18 millones de pesos en efectivo por intermedio de su hijo José Fernando Ocampo. El pago de dinero en efectivo para no dejar evidencia coincide con lo dicho por Eurídice Cortés, alias Diana. que en su declaración del pasado 11 de abril en este juicio, confesó que el abogado Cadena, a través de una persona de su confianza, le envió 2 millones de pesos que ya recibió cerca a su casa. Cuarto, en las interceptaciones al teléfono del abogado Juan José Salazar, obra conversación con María Elena Vélez del 6 de abril de 2018, en la que ella le dice, ""Comillas, papi, que el hijo mío lo está esperando ahí en la esquina."" Y en otra conversación del día siguiente, el abogado Salazar le dice a la señora María Elena, ""Sí, señora, yo creo que ya le dejaron ahí el sobrecito con las sentencias, ya puede pasar por él."" Es más, días después, el 11 de abril de ese mismo año, María Elena le pregunta nuevamente al abogado Salazar, ""¿Usted quedó de mandar otros papeles?"" Y Juan José le responde, ""Doña María Elena, yo quedé de verme con él, es decir, seguramente con el hijo, eh, mañana."" Listo, yo ya estuve hablando con él personalmente. Bueno, yo voy a ir mañana a encontrarme con él. Tranquila. Quinto. De otra parte, Rodolfo Echeverry, a nombre de Diego Cadena, en condición de mensajero, realizó giros a María Melania Casio Cerna, María Elena Vélez Ramírez, Daniela Paz, Erika Johana López y Francisco Javier Vélez por valor de 9,400,000es y a Euridice Cortés por valor de 700,000es que fueron acreditados en juicio por la investigadora Luz Mireya López, quien presentó, como se recordará, eh todos los documentos y soportes contables eh recibos de todos estos giros. Sexto, aunque el mensajero Echeverry intenta respaldar lo dicho por Cadena y Salazar, en el sentido de que estos dineros constituían ayudas humanitarias, lo cierto es eh como lo señala la señora María Elena Vélez, en declaración del 5 de diciembre de 2019 ante la fiscalía e que en una conversación le dice a alias Víctor, lo siguiente. Y cómo así que el abogado le va a pagar a usted en vez de que usted le pague al abogado? Esa es la realidad de cómo se ha urdido eh este conjunto de sobornos y fraude procesal. M.";"728"
"Ir8xU6sVWB0";"20250430";"LAS REVELADORAS E INCÓMODAS RESPUESTAS DE PABLO HERNÁN SIE";"https://youtu.be/Ir8xU6sVWB0";"Ayer en el juicio contra el expresidente Álvaro Uribe se vivieron momentos eh muy interesantes en los que se puso en evidencia una serie de verdades fundamentales. Se trata del testimonio de Pablo Hernán Sierra. Aquí un resumen. Eh, las reveladoras e incómodas respuestas de Pablo Hernán Sierra. Ayer en el juicio oral contra el expresidente Álvaro Uribe declaró Pablo Hernán Sierra, quien fuera miembro del bloque Metro y posteriormente comandante del bloque Cacique Pipintá de las Autodefensas Unidas de Colombia. Su declaración como la de Juan Guillermo Monsalve es de gran importancia, pues dio lugar a las acusaciones y a la operación de fraude procesal y soborno que ha derivado en este juicio contra Álvaro Uribe, como lo hizo en la entrevista que sostuvimos él y yo en agosto de 2011, en su declaración de ayer, Sierra reiteró los orígenes del bloque metro a mediados de la década de 1990 y afirmó que cuando quiso declarar sobre la participación de los hermanos Uribe Vélez en ese grupo fue excluido del sistema de justicia y paz. como también, perdón, también sostuvo que como consecuencia del ataque del LN a la hacienda huacharacas se desencadenó la violencia paramilitar en el nordeste antioqueño y se produjeron varias masacres en el municipio de San Roque. Según sierra, en ese grupo paramilitar también participaron los hermanos Gallóno y Villega Uribe, quienes crearon paralelamente la convivir el cóndor, que contó con la licencia del entonces gobernador de Antioquia, Álvaro Uribe. Sierra inicialmente estuvo en el centro de formación paramilitar de cristales. fue informante de la cuarta brigada del ejército y se involucró en la financiación del grupo a través del cartel de la gasolina. Para ello empleó válvulas para extraer gasolina del oleoducto de ecopetrol que pasa por la hacienda Huacharacas. Al final de su testimonio y ante la pregunta del abogado Lombana, Sierra aseguró haber conocido al acusado personalmente y haberlo encontrado en dos oportunidades. Mómodo.";"322"
"JPWYan6NVu8";"20250430";"‘DIANA’ CONFIESA OTROS $2’000.000 DE SOBORNOS QUE CADENA HAB";"https://youtu.be/JPWYan6NVu8";"Eh, y manifiesta usted que tiene que ir a una diligencia judicial a reir un testimonio. Es algo de mi trabajo anterior y dice, ""Esta investigación, están investigando a un esjefe mío por fraude."" ¿Qué manifestación corresponde a eso? Tal vez eh escribí correctamente, no era al o sea, al excefe mío. Me estoy recibiendo, me estoy refiriendo a Alberto. Ah. Perfecto. Listo. Ellos pagan mi boleto a Bogotá. ¿Quiénes le pagaron el boleto a Bogotá? El boleto a Bogotá me dio la plata el doctor Diego. Dígale a la audiencia en qué condiciones el doctor Diego le entregó ese dinero. No, él me lo mandó. Él me lo mandó. ¿Por qué medio se lo mandó? Eh, con alguien de confianza de él. ¿Y por qué razón el doctor Diego le entregó ese dinero? Que yo le dije que no tenía plata para venir a rendir la la versión para pagar los pasajes. ¿Cómo se comunicó con el doctor Diego para darle esa información? Por teléfono. Por teléfono. ¿Cuánto tiempo anterior a la declaración? Eh, se comunicó usted con él no fue mucho tiempo antes. Listo. ¿Recuerda usted con eh cuánto dinero le entregó el doctor Diego para poder hacer ese desplazamiento? Me dio porque se supone que yo iba a pagar los boletos en avión, ¿cierto? Me dio 2,0000es de pesos. Sí. 2,0000 de pesos. Y vino en avión, ¿no? Señora, vino en voz. Eh, esa entrega de dinero dice usted que se la dio con una persona de confianza de él. ¿Cómo fue la forma de entrega de ese dinero? Entregó personalmente. ¿En qué ciudad o en qué sitio? En la ciudad de Manizales. ¿En qué lugar? Es cerca de mi casa. Listo. Eh, usted había manifestado que no le habían dado ningún otro dinero en este evento hablando de los abogados Diego y Juan José. Mm, pues dentro como para pagar mi testimonio, ¿cierto? Eso es lo que se ha planteado, que a nosotros nos pagaron los testimonios, ¿cierto? No, yo eh yo planteo que que bueno, eso es lo que se quiere pues decir, que que a nosotros es lo que se quiere decir y por que a nosotros nos pagaron por el testimonio. Eh, la plata a última hora el doctor Diego pues me dijo, ""Yo no puedo hacer eso, yo no puedo hacer doctor, yo no tengo cómo ir."" Tengo cómo ir. ¿Le puso usted en conocimiento a la corte que tenía esa dificultad económica? No, como tampoco la puse acá. Yo en este momento estoy aquí corriendo con todos los gastos y y y esta vez pues por lo menos tengo un trabajo que me permite pagarlos. En ese momento no. Y por eso yo le dije al doctor Diego que me los diera. Ya eso fue todo. No me los dio para cambiar el testimonio, nada, me dio para pagar unos boletos. Yo no me vine en avión como en esta ocasión me vine por tierra y pues obviamente la otra plata yo me la quedé. Esa es la verdad. y nunca le puse en conocimiento porque no era plata para comprar mi testimonio ni cambiar mi versión ni nada de de lo de lo de lo eso. ¿Recuerda algún otro viático en estas circunstancias que le haya entregado el doctor Diego o el doctor Cadena? Como noó acá, ¿no? Señora juez, ninguna otra pregunta en directo de la fiscalía. Muchas gracias. Yeah.";"571"
"JeJvNSMMCAw";"20250430";"LA DEMOLEDORA DECLARACIÓN DE CARLOS ENRIQUE VÉLEZ";"https://youtu.be/JeJvNSMMCAw";"Presidente, buenas tardes. Doctor Diejo, ¿qué hago? ¿Cómo va? Bien, presidente. Aquí a ponerlo el día. Déjen le cuento. Al señor Carlos Enrique Vélez, cuando yo lo entrevisté inicialmente, él me pidió que le podía ayudar con unos trámites judiciales porque gente que es pobre. Yo le puse uno de los abogados en la oficina. Entonces, él habla con frecuencia con eso. Hoy me mandó a notificar a decirme que hoy fue la instalaron la diligencia. de la Corte y terminó toda toda la dirigencia. Se preguntaron por Santiago, por Mario Uribe, por Álvaro Uribe, por el Aro, hicieron una cantidad de preguntas y al final eh le preguntaron lo de Ian Cepeda y fue muy concreto y muy puntual, quería informarlo de eso, presidente. Entonces ahí vamos avanzando. ¿Sabe qué pienso yo? a la corte inicialmente le archiva a él porque no había no había un señalamiento tan directo como lo que se está haciendo ahora, consiguiendo los testigos que vayan y digan la verdad. Entonces yo pienso eso es todo un archivo, eso no queda, eso no está ejecutorado firma, eso se puede reabrir en cualquier momento. Otro problema eso que apareció de que en la rectificación de Arencha, sí, que si es verdad que el examen grafológico dio que eso lo firmó Arecha, se lo presentó Luis Alfredo Ramos hoy, eso va para la corte en el caso Ramos y en el mío porque él en la rectificación de Luis Alfredo Ramos ahora había dicho sea le había ofrecido beneficios para que me acusara a mí. Entonces, como la como la corte dijo que eso que se había negado eso, que ese papel no era de él, entonces eh con eso ayudó a que le hicieran el inhibitorio a Cepeda y a que me compulsaran a mí. ¿Qué va a hacer la Corte ahora con este peritario grafológico? ¿Qué va a hacer, presidente? pues le puede le puede le puede inmediatamente iniciar un proceso a Cepeda porque ese inhibitorio de él automáticamente se le cae y le arranca otro proceso inmediatamente, presidente. Y con estas declaraciones que vienen, la que está pendiente por llegar la de Carlos Vélez y vamos terminar ahí vamosendar en Estados Unidos. La estoy esperando mañana, presidente. Eso me mandó a decir hoy con el sobrino, señor. Aló, aló, aló.";"387"
"OstUFlAhngg";"20250430";"LA DEMOLEDORA DECLARACIÓN DE CARLOS ENRIQUE VÉLEZ - SEGUNDA ";"https://youtu.be/OstUFlAhngg";"Venga, le cuento una cosa, es que hay un señor que me manda un mensaje, me dice que él tiene una cooperación, un un algo que él dejó en el pasado por allá escondido. Son unas armas, dice que son varias, pero él quiere algún beneficio por eso. Dogi es un señor que tiene su su pasado. Eh, ¿qué podríamos hacer para eso? Cuar una cita con él. Yo creo que no es no es perder el tiempo, es algo importante. Bueno, sí, cuadremos una cita y miramos a ver. Pero él está más encerrado que tigre.";"97"
"PdNu0qrJFBM";"20250430";"DECLARACIONES DE ANGELA LOPEZ Y ALIAS CESARÍN";"https://youtu.be/PdNu0qrJFBM";"Hoy se presentaron dos nuevos testimonios en el caso del expresidente Álvaro Uribe. Aquí un comentario sobre esas declaraciones, las amnésicas declaraciones de Ángela López y alias Cesarí. Con la declaración de Fabián Rojas, asesor de la Unidad de Trabajo Legislativo, el ex senador Álvaro Uribe, se dio inicio al llamado episodio de Cóbita. Hoy finalizó su declaración y se recibió el testimonio de la abogada Ángela López y del exjefe de la oficina, esa estructura criminal que funcionó en Antioquia o que ha funcionado en Antioquia, Hernán Giraldo alias Cesarí. Primero, Álvaro Uribe Vélez en la búsqueda y recolección de falsos testimonios, en este caso de los internos de CBita. Máximo Cuesta, Giovánica David y el José Mármol Torr Grosa, contó con la colaboración de Hernandoo Giraldo, alias Cesarín, de Ángela López, abogada de este último y del coronel Germán Ricaurte, director de la cárcel de Cóbita por ese entonces, así como también del abogado Diego Cadena. Segundo, Ángela López y Diego Cadena son amigos de años atrás, cuando esta actuaba como abogada de Ramón Quintero, San Clemente, alias RQ o el señor de Buga. Después, Quintero San Clemente fue contactado por Diego Cadena a pedido de Uribe Vélez para que declararan el caso de su hermano Santiago Uribe y sobre el homicidio de Álvaro Gómez. Ahora, Quintero San Clemente es llamado por la defensa como parte de los capos del narcotráfico que declaran en este juicio a favor de Álvaro Uribe. Tercero, ambos declarantes intentaron mostrarse ajenos a los falsos testimonios de los internos de CBit. Su inverosímil amnesia y aparente ignorancia de las circunstancias de tiempo, modo y lugar en la que Cadena recaudó los falsos testimonios le resta total credibilidad. La abogada López no sabía a qué reunión iba con el asesor del expresidente Uribe, Fabián Rojas. Nunca se enteró supuestamente del contenido de los falsos testimonios. A pesar de haber participado en la redacción de dos de las cartas de los falsos testigos, nunca supuestamente habló con su cliente Cesarín de toda esta operación fraudulenta. A su turno, el experimentado exjefe de una tenebrosa organización narcotraficante, intentó proyectar la imagen durante el juicio de cándido intermediario, que nunca supo de qué se trataba el asunto de los falsos testimonios, ni cómo surgió el repentino interés de favorecer al acusado Uribe para ocultar en realidad la operación simultánea que se estaba llevando a cabo en varias cárceles. del país con la que se buscaba darle soporte a la revocatoria del auto inhibitorio en mi favor y de compulsa de copias contra el hoy acusado. Cuarto, aunque la abogada Ángela López sostiene que participó en la elaboración de dos de las tres cartas de los internos de Cóbita, únicamente introduciendo tecnicismos y organizándolas, lo cierto es que primero en términos de la propia Corte Suprema de Justicia no se entiende cómo hay tantas coincidencias como si hubiesen sido elaboradas por una misma persona. Segundo, los falsos testigos incurren en el mismo error de invertirlo, por ejemplo, los apellidos de la abogada Mercedes Arroyave Ardila. Tercero, todos pidieron ayuda para escribir la carta, incluso mármol Torre Grosa, que es bachillero. Quinto, lo cierto es que, como lo reseña la Corte Suprema de Justicia, en las declaraciones que rindieron ante el alto tribunal, Máximo Cuesta reconoció ser amigo de Cesarín y que este le recomendó a la abogada Ángela López para hacer el escrito. El Monjosé mármol Torre Grosa dijo que envió un comunicado a un correo que le proporcionó don César y Giovanica David Zapata, aunque inicialmente dijo que no firmó ningún documento, cuando le fue exhibido, reconoció que se trataba de la carta que hizo con la doctora Ángela, es decir, la abogada y amiga de Alia César. sobre eso seguiremos escuchando la próxima semana en este juicio.";"631"
"Ym81IhmbQ94";"20250430";"LOS FALSOS TESTIGOS DE CÓMBITA";"https://youtu.be/Ym81IhmbQ94";"Los falsos testigos de CBI. Ese es el episodio eh que se desarrolló hoy en el juicio oral contra el expresidente Uribe. Me permito hacer un balance de los dos primeros testimonios que se han escuchado de esos paramilitares. En el juicio oral contra el expresidente Álvaro Uribe Vélez, continúa el desfile de falsos testigos, muchos de ellos paramilitares y narcotraficantes, que ha presentado en su favor el acusado y cuyos eh cuyas evidentes falacias e incoherencias está demostrando, sin lugar a duda, la fiscalía. Primero, Máximo Cuesta Valencia, alias Sinaí, Giovanni Alberto Cadavid Zapata, alias Cadavid y Elmo Mármol Torre Grosa, alias Poli, llamados por la fiscalía a declarar en el juicio, son los falsos testigos que fueron concertados por el exjefe de la oficina, alias Cesarín, la abogada Ángela López y el abogado Diego Cadena para atender el llamado de Uribe Vélez a presentar mendaces acusaciones en mi contra. Segundo, tanto en el autoinhibitorio dictado a mi favor en 2018 por la Corte Suprema, como en el auto en que esta misma eh instancia penal definió la situación jurídica de Uribe Vélez, eh la Corte Suprema compulsó copias contra los tres paramilitares quienes están siendo actualmente investigados, así como contra Diego Cadena, que como se sabe actualmente afronta juicio oral por haber presuntamente participado en los delitos de falso testimonio y fraude procesal. Tres. Las declaraciones de hoy de Cadavid y mármol Torre Grosa estuvieron colmadas de contradicciones. Destaco cinco de las muchas mentiras que le escuchamos a cada bit. Primero, ante la Corte Suprema, refiriéndose al abogado Diego Cadena, dijo comillas, ni lo distingo. Lo he oído mencionar solo por televisión o radio, pero no lo conozco. Sin embargo, en su declaración hoy tuvo que aceptar que estaba presente el día en que se elaboraron las cartas. Segundo, aunque Diego Cadena dijo que se reunió con los tres reclusos previo a la elaboración de las cartas, Cada Vid ocultó este hecho. se limitó a decir que le indicaron que él estaba allí cuando su amigo y colega mármol Torrasa en su declaración ante la Corte Suprema había confirmado no solo el encuentro entre Cadavid y Cadena, sino que incluso estuvieron dialogando. Tercero, en su declaración de hoy, Cadavid dijo que alias Cesarín estaba presente en el lugar en el que se realizaron las cartas, mientras que en la Corte Suprema dijo que este no había estado. cuarto. Sostuvo además que él no solicitó la visita que hice en 2012, pero después de que se le fuera presentada o exhibida la carta suscrita por él y otros reclusos, tuvo que admitir que había solicitado esa visita. Y quinto, reconoció que Ángela López lo instruyó sobre cómo presentar mi visita de 2012 y redactar la carta que se dirigió luego a la Corte Suprema de Justicia. Por su parte, Mármol Torre Grosa subrayó eh distintas situaciones de las cuales muestro tres de sus más protuberantes falacias. Primero, en su declaración negó que él hubiera solicitado que fuera a visitarlo, hecho que al igual que cada vido cuando la fiscalía le exhibió la respectiva carta. Segundo, dijo que envió solicitud a una dirección que le suministró alias Cesarín pidiendo entrevista con un abogado de Álvaro Uribe. Sin embargo, no identificó a qué lugar o a quién la dirigió, es decir, intentó ocultar el trámite para la visita de Diego Cadena. Tercero, contra toda evidencia, también ocultó que la carta que dirigió a la Corte Suprema la elaboró Cadena y dijo que le pidió el favor a otro recluso que la escribiera, pero no supo decir quién era ese otro interno. En medio de tantas falsedades, la nota pintoresca de hoy fue la moción de orden del acusado Uribe Vélez por la presión inhumana que supuestamente estaba ejerciendo la fiscalía contra el falso testigo Cadavid. Este último simulaba problemas auditivos para no reconocer que en la grabación de su declaración ante la fiscalía había mencionado la presencia del abogado Cadena en la visita en CBito. una artimaña más del acusado en su malograda defensa.";"673"
"cMwy-FQ8bfA";"20250430";"LOMBANA LE PREGUNTA A ALIAS PIPINTA ¿USTED CONOCE A ÁLVARO ";"https://youtu.be/cMwy-FQ8bfA";"La pregunta eh concreta es, ¿usted conoce Álvaro Uribe, señor Sierra? Sí, claro. ¿Cómo lo va a conocer? Ah, pero lo conoce personalmente. Dos veces lo vi personalmente. En una, en el año 95, después de que yo fui candidato a la alcaldía de Santo Domingo, 13 votos en un almuerzo en el restaurante de los recuerdos en la avenida Colombia Medellín. Pero eso no tiene presentación hablar más de eso. Y la segunda vez en esa época era candidato a la alcaldía, señor, sí, eso cuando eso no era paramilitarismo, ni él tenía que ver con la todavía no habían surgido el bloque metro ni yo estaba en la autodefensa tampoco. Su señoría ese la defensa no tengo más preguntas. Muchas gracias. y lo volvió a ver en el el nu el domingo. No tiene ningún sentido. Es una Ya quisiera solicitarle que cumplamos los rigores procesales de Doctor le está respondiendo su pregunta que si lo conocía personalmente. La pregunta es clarísima y contestó, si quieren un discurso deona contra el defendido, que es totalmente violatorio, las normas procesales, pues eh sigamos, señor Cierre, y lo escuchamos. Pero me parece que ha doctor Lombana, no hay necesidad que sea grosero con la administración de justicia. usted le hizo una pregunta y él estaba respondiendo. Yo yo no tengo por qué intervenir y tratar de de callar al testigo cuando le está respondiendo su pregunta.";"236"
"mlouGs8K6V8";"20250430";"CONTINÚA DEMOSTRÁNDOSE EL SOBORNO： LA DECLARACIÓN DE EURÍDIC";"https://youtu.be/mlouGs8K6V8";"Buenos días. En el juicio ayer pudimos escuchar durante horas eh nuevas afirmaciones y grabaciones que muestran cómo se urgió este aparato de fraude procesal y de soborno, esta vez a través de la declaración de Euridice Cortés alias Diana. Hemos hecho un resumen con el título Continúa demostrándose el soborno, la declaración de Euridice Cortés, alias Diana. En su declaración en el juicio, alias Diana reconoció que hizo parte de la búsqueda de testigos emprendida por el acusado por intermedio del abogado Diego Cadena. El expresidente Uribe sostiene que no buscaba testigos, que él verificaba información. Sin embargo, alias Diana da cuenta de la de lo contrario. La fiscal le preguntó, ""¿Dice usted que ellos lo iban a aportar a la corte? Explíquenos a la audiencia eh qué le manifestaron frente a ese aporte que se iba a hacer a la corte."" dice Diana, ellos estaban aportando información a la corte, pues eh querían demostrar eh que eh no era cierto lo de lo que estaban acusando al senador Uribe como contraprestación en la búsqueda de testigos, el abogado Diego Cadena le pagó a Diana 700,000 pesos, lo que acreditaba lo que quedó acreditado, perdón, en el juicio por la investigadora Luz M López. En uno de los audios de WhatsApp extraídos del celular de alias Diana, el abogado Juan José Salazar le dice, ""Dianita, déjeme y ya pregunto y yo le confirmo para enviarle los viáticos para que se mueva hasta allá y hable con el hombre."" Alias Diana traficaba con testigos e incluso le cobraba a los abogados por los números de teléfono de contacto de esos eventuales testigos. Marce le dice a una amiga, ""Ya le dije al abogado que usted tenía el número y que había que darle una liga."" Nena, el abogado me está preguntando que usted cuánto me pidió. ¿Cuánto le digo? Por eso usted es más abeja. Dígame cuánto. Diana explicó cómo negociaba los sobornos con los abogados. Yo le dije a ella, ""Pues usted es más, ella es más. tiene un espíritu más de negociante que yo al fin y al cabo, entonces ya le ya le digo, le hago ese comentario, pues eh dígame usted cuánto usted que es la que tiene la información. Así respondió Diana ante la fiscal Ayer. Cuando se entera del costo del soborno inicial por el número de alias Julián, el abogado Salazar protesta, ""Que no nos tiren tan duro."" Ante la propuesta de alias Diana y su amiga Marcela e que le hicieron a alias Julián de servir de testigo, este manifestó que prefería primero hablar con Mario Uribe, primo del acusado. Uid se le dice a Juan José Salazar, el abogado, ""Doc, hablé con Julián por teléfono y él me dice que si si está interesado en la situación, pero que que sí está interesado en la situación, pero que él dice que es muy amigo de Mario, del primo de Uribe, de Mario Uribe. Entonces, que él iba a hablar, que se le hace extraño por qué no lo habían tocado por ese lado si ellos tienen conocimiento de quién era él en el bloqueo. Mario Uribe tuvo una participación activa en ese entramado, no solo por su conexión con el abogado Samuel Sánchez Cañón, sino que él y familiares suyos legisaron dineros a ese abogado y además la primera declaración en la que alias Víctor eh rindió falso testimonio en mi contra en un proceso seguido contra Mario Uribe por la masacre de Rios. sucio. Así quedó constatado. La Corte Suprema en el auto mediante el cual definió la situación jurídica de Álvaro Uribe Vélez dispuso compulsar copias por los presuntos delitos de fraude procesal y soborno en la actuación penal contra Mario Uribe y el abogado Samuel Sánchez Cañón. Cito lo que dijo la Corte. en atención a lo declarado por el señor Carlos Enrique Vélez y la prueba documental con relación a una presunta manipulación de su testimonio en dicha actuación y la posible retribución económica por ello. Esas fueron las razones para esas compulsas de compra.";"678"
"y9mwDS1Wsyo";"20250430";"LAS VERDADES DE MÁXIMO CUESTA, ALIAS ‘SINAÍ’";"https://youtu.be/y9mwDS1Wsyo";"Ayer tuvimos una jornada supremamente interesante en el juicio oral contra el expresidente Uribe, llena de revelaciones eh muy dicientes sobre cómo se ha urdido todo este fraude procesal y eh los sobornos. Eh, en en un momento escuchamos eh conversaciones entre parte de los falsos testigos que eh fueron reclutados por el señor Diego Cadena eh en tarea encomendada por el acusado Uribe. Eh, y también el interesante testimonio eh del interno de Cóbita, Máximo Cuesta. eh conocido con el alias de Sinai. Aquí hay un breve resumen de su testimonio. Las verdades de Máximo Cuesta, alias Sinai. Ayer en el juicio oral, declaró Máximo Cuesta Valencia, alias Sinaí, quien fue subalterno de Luis Tubergquia, alias Memín, comandante del bloque Metro, y quien presentó al abogado Wilser Molina con los paramilitares alias Simón y alias Castañeda, a quienes la Corte Suprema de Justicia les compulsó copias por el presunto delito de falso testimo. testimonio. Hay que recordar que estos son Castañeda y Simón, dos de eh los otros falsos testigos que ha presentado Uribe y que alias Simón no va a poder testificar a pesar de haber sido llamado en la defensa de Uribe, eh porque sencillamente hoy eh todo indicas que se ha convertido en cabecilla de el Clan del Golfo en el mismo lugar en el que eh funcionó el bloque metro. Así que vemos las relaciones de todas estas personas. Eh, primero, máxima Cuesta ante la Corte Suprema en declaración rendida en el año 2019, ya había reconocido que se reunió varias veces con Alia Cesarín y la abogada Ángela López antes de suscribir la carta y que la redactaron conjuntamente, la carta que enviaron posteriormente a eh la Corte Suprema de Justicia cuando Uribe requería sustentar sus recursos contra el autoinhibitorio que se dictó. Ese documento se redactó, dice la Corte, sin radicado para que se enviara acá a la Corte. Posteriormente, en declaración rendida ante la Fiscalía General de la Nación en el año 2021, Máximo Cuesta reconoció que hablaba constantemente con la abogada Ángela López y que incluso lo hizo la semana anterior a esa declaración. Segundo, eh en su declaración de ayer derrumbó el falso relato del exjefe de la oficina de Envigado, Hernán Giraldo, alias Cesarín, de la abogada Ángela López, quienes ya habíamos escuchado, también de Giovanica David y de Elmo Mármol Torre Grosa, reconoció que nunca les hice un ofrecimiento de beneficios, que las cartas con contenido ido falso, suscritas por ellos tres se elaboraron por la intermediación de Cesarín y de la abogada López y que para elaborarlas hubo reunión con el abogado Diego Cadena enviado por Álvaro Uri. Tercero, aunque la defensa del acusado de manera insistente eh le preguntó a los tres reclusos de Cóbita si a cambio de suscribir las cartas con las que eh pretendieron que se revocara el auto inhibitorio dictado a mi favor por la Corte Suprema, los abogados Diego Cadena y Ángela López les habían hecho algún tipo de ofrecimiento y que estos al unísono lo negaron. Lo cierto es que en interceptación telefónica del 24 de junio de 2018 eh practicada al abonado celular de Diego Cadena, con relación a estos reclusos, él confiesa a un asesor, el señor Carlos Alberto Cruz Moreno, conocido también como Cachelito, que sí les ofreció beneficios jurídicos. cadena, dice, en esa interceptación, les voy a pedir el siguiente favor, señores. Aquí no les voy a ofrecer ni un apoyo económico, ni un beneficio de absolutamente nada. De pronto les puedo ayudar con un trámite dentro del marco legal, eso se los brindo yo a través de mi oficina de abogados. Confiesa Cadena. Cuarto, en conclusión, en este episodio, el acusado Uribe Vélez hurdió un entramado en el que comprometió al jefe de la oficina de Envigado, Hernán Giraldo, alias Cesarín, a la abogada Ángela López, al asesor de su unidad de trabajo legislativo, Fabián Rojas, al abogado Diego Cadena, al director de la cárcel de Cóvita, coronel el ricaute y a los tres internos de esa cárcel. Esto con el propósito de que declarara mendazmente que a cambio de beneficios yo les habría eh pedido que hicieran falsos señalamientos en contra de los hermanos Uribe Vélez. Esa es la conclusión de este hecho que en el proceso se conoce como el hecho eh jurídicamente relevante número cinco. Yeah.";"724"
"I4Hs0Gww4zA";"20250502";"LA RELACIÓN CLIENTE  ABOGADO";"https://youtu.be/I4Hs0Gww4zA";"Se culmina ya la fase probatoria de la fiscalía, es decir, llegamos a la mitad del camino en el juicio oral que se sigue contra el expresidente Álvaro Uribe y hay que decirlo claramente, eh desaparece cualquier riesgo de prescripción. Hay tiempo suficiente para que la defensa, sin lesionar, por supuesto, sus garantías, eh pues actúe para presentar eh sus testigos, su caso, eh y que pronto podamos estar ya ante la instancia de los alegatos finales y la decisión de la señora juez. Eh, vimos en la última parte de este e de esta presentación de la fiscalía, eh toda la presentación o por lo menos una parte importante de la presentación de muchos elementos eh de carácter documental, audiovisual o de interceptaciones grabadas eh que demuestran eh la responsabilidad como presunto determinador eh de fraude procesal y soborno eh de Álvaro. En el día de ayer, precisamente eh hubo una un episodio importante que quiero rápidamente aquí reseñar, entre otros análisis que haremos como balance de esta primera etapa. Eh, le hemos puesto a este texto la relación cliente abogado. La revelación en el juicio de las interceptaciones escuchadas por la investigadora Carolina Vargas Villamil ha puesto nuevamente en evidencia la ambigua situación entre los abogados Granados y Lombana de una parte destinados para las labores regulares del expresidente Uribe y el abogado Diego Cadena, enviado a las tareas a las que según Según sus propias palabras comillas, nadie le gusta meterse. Por eso su cliente, el acusado expresidente Uribe, ha tenido hacia cadena una sinua, conducta que oscila entrenegar haber tenido conocimiento de los sobornos que Cadena ofreció y ejecutó para organizar el entramado de falsos testigos. y por otra parte autorizar expresamente e incluso exaltar las actuaciones para las cuales solicitaba autorización expresa de Uribe. En su contrainterrogatorio a la investigadora Vargas Villamil, el abogado Granados, buscó ocultar esta situación alegando que las conversaciones entre Uribe y Cadena deberían estar cobijadas por la confidencialidad propia de la relación. entre el cliente y su abogado. En la resolución de situación jurídica del expresidente Uribe, la Corte Suprema de Justicia abordó este asunto y dijo lo siguiente: ""Comillas, huelga referir, además que la obligación de confidencialidad por la necesidad de que exista una absoluta confianza entre el profesional y quien acude a sus servicios es justamente para salvaguardar ese campo, no para encubrir la potencial comisión de delitos de presuntos autores o partícipes. Hasta ahí el comentario.";"409"
"0nl40zLYG0k";"20250507";"EL MODUS OPERANDI DEL PROCESADO ÁLVARO URIBE";"https://youtu.be/0nl40zLYG0k";"Ayer estuvimos en el segundo día de la declaración eh del acusado expresidente Álvaro Uribe. Aquí un resumen de sus aspectos esenciales. El modus operandi del procesado y determinador Álvaro Uribe Vélez. Ayer en el juicio oral, el acusado expresidente Álvaro Uribe Vélez tuvo que reconocer hechos que había negado al comenzar su declaración e ilustró el modus operandi que ha empleado durante todos estos años en la búsqueda y presentación de falsos testigos ante la justicia. Primero, el acusado Uribe debió reconocer tres hechos. Primero tuvo una estrecha relación y tratos comerciales con uno de los jefes del bloque metro, el paramilitar Luis Alberto Villegas alias Tubo, con quien negoció tierras. Segundo, bajo su gobierno entregó dineros oficiales a Santiago Gallón a través del programa Agroingreso Seguro. Tercero, en el municipio de San Roque y sus corregimientos si existieron grupos paramilitares. Segundo aspecto, el acusado demostró su profundo resentimiento contra las víctimas y sus abogados. A mí me acusó de fraguar un complot político en su contra junto al expresidente Juan Manuel Santos y de ser, comillas supuesto defensor de derechos humanos. quiso calumniar nuevamente a la médica de Yanira Gómez, repitiendo los falsos las falsas acusaciones que la han llevado al exilio, pero tuvo que contenerse, pues fue objetado. repitió falsas acusaciones contra los exfiscales Montealegre y Perdomo, el abogado Reinaldo Villalba y el colectivo Joséal Bearre Trepo, así como contra el abogado Miguel Ángel del Río. También repitió sus habituales calumnias contra los magistrados Barceló y Reyes. Tercero, tales acusaciones ilustra también el modus operandi que el acusado Uribe Vélez viene desplegando desde hace años su modus operandi en este masivo fraude procesal y búsqueda de potenciales testigos. Ya lo señaló la Corte Suprema de Justicia en 2018 en el auto que definió su situación jurídica. precisó este patrón de comportamiento. Comillas, estas prácticas que se aprecian como una constante ciertamente no son nuevas. Al respecto debe señalarse no sin onda preocupación y asombro, que vienen desplegándose por lo menos desde 2015. y agregó la corte. En este modus operandi, si bien es cierto variaban las personas como instrumentos respecto de las causas, se sucedían los abordajes, desde una óptica finalística, invariablemente todos eran guiados por quien quedó evidenciado y demostrado era el senador Uribe Vélez a través de, en este caso, eh, Diego Cadena. La Corte definió estos patrones que volvieron a quedar en evidencia ayer en la declaración del acusado Uribe. Menciono tan solo algunos de ellos. práctica de calumniar y difamar de manera sistemática a sus víctimas y a los abogados de las víctimas, a quienes lo denuncian, a quienes lo investigan o a los testigos de cargo. práctica de práctica defensiva de autocalificarse como perseguido político, víctima de una trampa, acusando a los magistrados y jueces, a los fiscales también que lo investigan, de tener sesgo político, de ser mafiosos y a las víctimas de hurdir un complot en su contra. práctica de hacer llamados públicos para reclamar la aparición de testigos contra las personas que lo están denunciando. Sin embargo, después negar que los buscó, que solo verificó información y que solo exigía que dijeran la verdad. Práctica de instrumentalizar abogados diferentes a los reconocidos públicamente para ser los operadores de falsos testigos y de utilizar a terceros como intermediarios con ellos o con los falsos testigos. Es el caso de Diego Cadena, Juan José Salazar, Wilser Morina, Samuel Sánchez Cañón, integrantes de su UTL como Fabio Rojas y María Claudia Daa, Álvaro Hernán Prada, Mario Uribe, Juan Guillermo Villegas, Carlos Eduardo López, alias Caliche, Victoria Jaramillo, Enrique Pardo Jash, Euridice Cortés, alias Diana y un largo etcétera. Táctica de acudir a paramilitares y jefes del narcotráfico para que contribuyan en la búsqueda de falsos testigos o declaren falsamente, como es el caso, lo veremos, de Hernán Giraldo, alias Cesarín, Juan Carlos Sierra, alias El Tuso, Ramón Quirintero, San Clemente, alias RQ o El señor de Buga, Diego Pérez Enao, alias Diego Rast o vinagre, entre muchos otros. Bueno, mañana seguiré comentando estas prácticas criminales.";"673"
"2oOpE6TS7cU";"20250507";"NUESTRO BALANCE： LA FISCALÍA PROBÓ LA RESPONSABILIDAD PENAL ";"https://youtu.be/2oOpE6TS7cU";"El pasado 29 de abril culminó la primera fase de juicio contra el expresidente Álvaro Uribe y llega el momento de hacer un balance. La fiscalía ha demostrado, sin lugar a dudas la responsabilidad penal de Álvaro Uribe en eh haber dirigido eh de manera personal y directa todo un aparato de falsos testigos. eh que fue creado con el fin de engañar a la justicia y en lo dar mi nombre y también el de otras personas como las víctimas de Yanida Gómez, el fiscal exfiscal Eduardo Montealegre y el exfiscal Jorge Perdón. Ese aparato eh se mostró en toda su complejidad y en todas sus líneas. Eh, se mostró como Uribe utilizó intermediarios, el principal de ellos, el abogado Diego Cadena, que se ufana de sus métodos truculentos eh para conseguir numerosos falsos testigos. Se demostró eh al mismo tiempo que existieron efectivamente sobornos eh no solamente ofrecimientos eh de asistencia y asesoría jurídica y de representación jurídica, sino también que se entregaron dineros de manera cuantiosa a testigos que fueron presentados ante la justicia, es decir, que recibieron a cambio de esos testimonios, eh ese ofrecimiento primero y luego esos pagos efectivos después. Igualmente se demostró que Uribe daba órdenes expresas, no solo que tenía conocimiento y que era consultado especialmente por Diego Cadena sobre cómo eh debía ejecutar eh esos sobornos, sino además eh daba la autorización expresa cómo supervisaba que se cumpliera todo ese propósito criminal. Eh, ha quedado demostrado además que el tiempo alcanza, que una prescripción ya a estas alturas no es una posibilidad que tiene en este momento la defensa, la responsabilidad, pero también todas las condiciones eh respetando la garantía a la defensa del acusado de hacer uso eh de lo que ha presentado como testigos y en fin, Así que eh nosotros desde la bancada de víctimas saludamos el desarrollo de este juicio. Creemos que es muy importante que la opinión pública haya podido ver de manera directa, sin interpretaciones mediáticas ni políticas, lo que ha acontecido en el tribunal y tenemos total confianza en que al final de este largo camino prevalecerá la justicia y la verdad. M.";"359"
"LrqA6NQZV6w";"20250507";"LAS VERDADES INVOLUNTARIAS Y LAS MENTIRAS PREMEDITADAS DEL P";"https://youtu.be/LrqA6NQZV6w";"Bueno, hoy pudimos asistir al primer día del testimonio del acusado expresidente Álvaro Uribe e en el juicio oral. Eh, he hecho un resumen eh que intenta mostrar simplemente algunos aspectos de lo que todos pudimos ver hoy en la transmisión del juicio. Las verdades involuntarias y las mentiras premeditadas del procesado Álvaro Uribe Vélez. Eh, verdades involuntarias. Álvaro Uribe negó su cercanía con Luis Alberto Villegas Uribe, alias tuvo. Sin embargo, terminó reconociendo con detalle que hizo negocios con él. Primero, le vendió a Villegas parte de la Hacienda la Manada. Segundo, su hermano Santiago Uribe le vendió a la esposa de Villegas, Gloria Elena Cano la finca al desquite. Segundo, reconoció que vendió la finca Huacharacas en julio de 1996, por lo menos una parte de esa hacienda. Sin embargo, el grupo paramilitar habría surgido en marzo de ese año. Además, en San Roque se produjeron las primeras desapariciones a mediados de junio de 1996 y la primera gran masacre se perpetró el 13 de julio de 1996. Así que así haya querido presentar que él se desvinculó totalmente de San Roque y de la Hacienda. Eh, los hechos eh son precedentes a ese eh supuesto momento en el que él se deslinda. Reconoció la existencia del bloque metro y el robo de gasolina del poliducto de Ecopetrol. También, aunque dice que no busca testigos, sino que verifica información, en su declaración terminó reconociéndolo. Comillas, a mí nunca se me había ocurrido, señora juez, a mí nunca se me había ocurrido ir a buscar testigos para una cosa distinta a verificar. O sea, si estaba buscándolos. Mentiras premeditadas. Aunque niega cualquier relacionamiento con Luis Alberto Villegas Uribe, siendo gobernador de Antioquia, expidió la resolución 42378 de el 18 de noviembre de 1996, mediante la cual le otorgó personería jurídica a la convivir el cóndor, representada legalmente por este, aunque niega cualquier eh relación con Santiago Gallonenao. La firma Clamas SA, de la que este último era representante legal, fue beneficiada durante su gobierno con subsidios agroingreso seguro. Cinto Alberto Soto Toro, alias Lucas o don L. administrador de las finanzas de los paramilitares, sostenía frecuentemente conversaciones con Santiago Gallón y Luis Alberto Villegas Uribe dentro de los que figuran mensajes entre ambos para el gobernador de Antioquia de ese entonces que era Álvaro Uribe. dice que el debate que realicé el 17 de septiembre de 2014 en la Comisión Segunda del Senado tenía fines electorales. Sin embargo, las elecciones al Congreso de la República se llevaron a cabo en marzo de ese año. Dice que el auto inhibitorio proferido por la Corte Suprema de Justicia el 16 de febrero de 2018 tenía fines electorales. Sin embargo, oculta que fue su abogado Jaime Granados quien mediante memorial de noviembre de 2017 solicitó se impulsara el proceso. Uribe se exculpa atribuyéndole la responsabilidad de su actuar criminal al abogado Diego Cadena. Para ello, sostiene que todo fue espontáneo, que no forzó nada. Sin embargo, como lo definió la Corte Suprema de Justicia a través del profesional del derecho, perdón, en su eh eh definición de la situación jurídica, a través del profesional del derecho, o sea, de cadena, buscó los testigos para la construcción de sus declaraciones, de modo que ahora pretende desmarcarse de sus contenidos apócrifos cuando de ser cierta subversión que no lo buscó cuando menos debió ejercer una tarea de verificación y análisis de las tareas fraudulentas, irregulares e ilegales que estaba cometiendo Diego Cadena. M.";"579"
"sRY_mt_YIe0";"20250507";"A PROPÓSITO DE LA LAPIDACIÓN MORAL";"https://youtu.be/sRY_mt_YIe0";"En vista de que están en curso campañas de lapidación moral, eh en las que se intenta enlodar al señor presidente de la República y otros dirigentes del pacto histórico, eh considero necesario hacer una declaración en el día de hoy. No es la primera vez que eso se intenta. En mi caso, he sido eh objeto y blanco de muchas de esas campañas en el pasado. Y por lo tanto considero pertinente, más cuando estamos entrando en la fase más intensa del proceso contra el expresidente Álvaro Uribe hacer una declaración para dejar ciertas cosas claras. Eh, lo primero decir que en mi contra se han hecho numerosas falsas acusaciones ante la justicia. He sido investigado por los órganos judiciales y disciplinarios y en ninguna de esas investigaciones he sido hallado culpable o he sido objeto de algún proceso judicial. Eh, esas falsas acusaciones han sido eh de supuestos vínculos con la guerrilla u organizaciones armadas, de manipulación de falsos testigos, eh de calumnia e injuria. Repito, en ningunas de esas investigaciones eh he sido hallado responsable. En segundo lugar, que el origen eh y la dimensión de mis bienes y de mi patrimonio está claramente establecido. Es aquel que está contenido en mis declaraciones de renta. Eh, el origen de mis recursos es claramente eh identificable. No tengo patrimonio en el exterior, no tengo cuentas bancarias numerosas, solamente tengo una cuenta bancaria y no tengo ninguna clase eh de cuentas bancarias en el exterior, ni, repito, bienes por fuera de las fronteras de nuestro país. En tercer lugar, que mi actividad política y como congresista está claramente ceñida a lo que prescribe la ley y la Constitución. No visito ministerios, no tramito contratos con el Estado, no hago ninguna clase de exigencias burocráticas o clientelares. Eh, mi actividad se limita al control político y al trabajo legislativo. Igualmente tengo una vida social claramente delimitada, supremamente escueta, que se reduce a mi vida familiar. Excepcionalmente e salgo a cualquier clase de acto público, pero en general tengo una vida eh yo diría franciscana. Eh, e igualmente eh debo decirlo, a pesar de que en muchas oportunidades eh he sido objeto de interceptaciones ilegales a mis aparatos de comunicación, seguimientos, campañas en las redes sociales o en los medios de comunicación para enlodarme, eh intromisiones indebidas en mi vida privada y en mi vida íntima. Nada de eso ha podido hacer mella a mi reputación y a mi honra. Así que soy una persona que tiene todas las cosas en regla y eh una vida totalmente transparente. Yeah.";"428"
"17HjYL6pYFM";"20250520";"LA AUSENCIA DE ELEMENTOS PROBATORIOS DE LA DEFENSA DEL ACUSA";"https://youtu.be/17HjYL6pYFM";"Ayer fue el día número 40 del juicio que se está llevando a cabo en contra del expresidente Álvaro Uribe. Aquí un resumen de lo ocurrido ayer. La ausencia de elementos probatorios de la defensa del acusado Uribe Vélez. En el día 40 del juicio al expresidente Álvaro Uribe se recepcionaron cinco testimonios de la defensa en una clara demostración de la ausencia de elementos para contradecir el abrumador material probatorio que existe contra el acusado. Siguen desfilando testigos que cuentan anécdotas, dan cuenta de reuniones acreditadas en el proceso y suministran información que nada altera las pruebas de soborno y fraude procesado. Primero, el representante a la cámara, Hernandarío Cadavid, dio cuenta de una reunión entre el abogado Cadena y Uribe Vélez, en la que al parecer el primero le informó sobre supuestas ayudas humanitarias a alias Víctor y el expresidente le dijo que de habérselo consultado le hubiera dicho que no lo hiciera. Esto no desvirtúa que los sobornos económicos y jurídicos existieron y que de estos últimos cadenas le informó a Uribe Vélez en conversación de 3 de mayo de 2018 sin que esto lo hubiera sin que este lo hubiera recriminado por ello en ese entonces. Segundo, Pablo Antonio Criollo Reyes y José Luis Ramírez Aragón declararon acerca del trámite de una tutela de la ex fiscal Hilda Niño, con el que buscaba el traslado de establecimiento carcelario. Esto no desvirtúa que dicho traslado se produjo 6 meses después de emitida la orden del juez de tutela sin que mediara incidente de desacato y coincidencialmente cuando Niño Farfán estaba en contacto con el abogado Cadena. Y por último, tres, Armando Farfán y Hernando Torres Barrera declararon que por intermedio de este último, la exfiscal Niño buscó a Álvaro Uribe Vélez. Esto no desvirtúa que los las dos veces en las que Hilda Niño solicitó ser escuchada coinciden con visitas del abogado Diego Cadena, como lo reseñó la Corte Suprema de Justicia en la resolución de la situación jurídica de Álvaro Uribe. Comillas. En las conversaciones monitoreadas, la exfiscal Niño Farfán se muestra como buscando una aprobación por parte de Uribe Vélez en la gestión que ante la fiscalía ha realizado y con evidente ánimo de obtener un beneficio. Yeah.";"373"
"1kRTIfwAPko";"20250520";"LA DECLARACIÓN DEL EVASIVO, INVESTIGADO Y CONDENADO POR PAR";"https://youtu.be/1kRTIfwAPko";"Buenos días. Ayer, sin lugar a dudas, la declaración importante en el juicio contra el expresidente Uribe fue la declaración de su primo Mario Uribe Escobar. Aquí un resumen de la misma, la declaración del evasivo investigado y condenado por parapolítica Mario Uribe Escobar. Aunque Mario Uribe Escobar en su declaración fue evasivo acerca de su relación con este juicio, la realidad procesal muestra por el contrario su cercanía, al punto que en el auto que define la situación jurídica de Álvaro Uribe Vélez, la Corte Suprema de Justicia dispuso compulsar copias en su contra y del abogado Samuel Sánchez Cañón por los presuntos delitos de fraude procesal y soborno en actuación penal en atención a lo declarado por el señor Carlos Enrique Vélez, alias Víctor, y la prueba documental sobre la presunta manipulación de su testimonio en dicha actuación y la posible retribución económica de la misma. Primero, Mario Uribe manifestó que Samuel Arturo Sánchez Cañón dijo que fue abogado de Carlos Enrique Vélez cuando él se volvió famoso a través de los medios por este proceso. Sin embargo, en conversación interceptada el 3 de mayo de 2018 entre Álvaro Uribe y Diego Cadena, este último da cuenta de una declaración en que alias Víctor se refirió a Mario Uribe y los hermanos Álvaro y Santiago Uribe Vélez. Dice así la interceptación. Bien, presidente. Aquí a ponerlo al día. Eh, al señor Carlos Enrique Vélez, cuando yo lo entrevisté inicialmente, él me preguntó si le podía ayudar con unos trámites judiciales. Porque es gente que es pobre. Yo le puse a uno de los abogados de la oficina. Hoy instalaron la diligencia de la corte y terminó toda la diligencia. Le preguntaron por Santiago, por Mario Uribe, por Álvaro Uribe, por el Aro. Le hicieron una cantidad de preguntas y al final le preguntaron lo de Iván Cepeda y fue muy concreto y muy puntual, quería informarlo de eso, presidente. Entonces, ahí vamos avanzando. Esa fue la llamada. Segundo, su relación con el abogado Sánchez Cañón explica el abordaje que el abogado Diego Cadena le hizo a Carlos Enrique Vélez eh posteriormente. Según la Corte queda establecido un vínculo del primo del senador Uribe Vélez, el señor Mario Uribe Escobar, con el que fuera abogado por mucho tiempo de Carlos Enrique Vélez Ramírez. Tercero, la relación entre Sánchez Cañón y alias Víctor explica por qué este último, cuando conoció al abogado Diego Cadena en menos de una hora y sin que se conocieran de antemano, le firmó una carta con contenido falso y le confirió poder para representarlo. Cuarto, ayer el abogado Jaime Granados le preguntó a Mario Uribe, ""¿Usted ha tratado algún tema sobre cualquier de cualquier naturaleza judicial con el Dr. Samuel Arturo Sánchez Cañón?"" a lo que respondió categóricamente Mario Uribe. Ninguno. Sin embargo, hace parte del descubrimiento probatorio que Mario Uribe le hizo tres giros al abogado Sánchez Cañón por valor de 3,893,500es entre diciembre de 2015 y enero de 2016 y uno en noviembre de 2015. en el que recibió la suma de 1,487,000 por parte del hijo de Mario Uribe, Daniel Uribe Mejía. Quinto, estos giros explican la primera declaración rendida por alias Víctor en un proceso seguido contra Mario Uribe por la masacre de Río Sucio, en la que hizo falsos señalamientos en mi contra. Así lo reseñó la Corte Suprema en el auto que definió la situación jurídica de Álvaro Uribe Vélez, en el que señaló claramente los giros realizados desde el año 2015 y 2016, época en la que era Samuel Sánchez Cañón, abogado de Carlos Enrique Vélez, permiten advertir y confirmar la versión de este entorno a los tratos. entre comillas, entre ellos sostenidos para realizar sus declaraciones a favor dentro del proceso de Mario Uribe, de quien provendrían los dineros para su pago. Sexto, Mario Uribe le dijo al abogado Granados que existía un compromiso que conocía el acusado Uribe Vélez, al que él no iba a hacer referencia para no incomodarlo. Este punto no se aclaró en la audiencia.";"672"
"NR_p2PiEy1U";"20250520";"13 HECHOS RECONOCIDOS POR EL ACUSADO ÁLVARO URIBE VÉLEZ";"https://youtu.be/NR_p2PiEy1U";"Ha culminado la eh larga declaración de el acusado expresidente Álvaro Uri ante la justicia. E destaco los siguientes apartes con el título 13 hechos reconocidos por el acusado Álvaro Uribe Vélez. A pesar de los denodados esfuerzos por maquillar las estrategias de fraude procesal y soborno a través de un complejo aparato de falsos testigos e intermediarios, la extensa y repetitiva declaración rendida hoy por el acusado Álvaro Uribe no pudo negar hechos incontrovertibles. He aquí 13 de ellos los más notorios. Primero, reconoció que en su condición de gobernador de Antioquia, entre 1995 y 1997, tuvo pleno conocimiento de que en la zona de San José del Nú, eh San Roque y Providencia, es decir, la región en la que se ubica la hacienda Huacharacas, funcionaron grupos para militares que perpetraron masacres contra la población. Segundo, reconoció que Luis Alberto Villegas Uribe era conocido como alias Tubu por dedicarse al hurto de gasolina, que en su momento hizo negocios con él, le otorgó la personería jurídica de la convivir el cóndor y supo que después fue investigado por paramilitarismo. Tercero, reconoció que hizo negocios con la empresa Ganados del Norte, que perteneció a los hermanos Gallón Enao y que ellos, los Gallón, recibieron bajo su gobierno dineros oficiales a través del programa Agroingreso Seguro. Cuarto, afirmó que no aceptó la invitación a ser parte de la junta directiva de la empresa con firmeza que perteneció a Luis Carlos Villegas Ypez, condenado en 1995 por el homicidio del periodista Guillermo Cano y conocido en el mundo criminal como el banquero de Pablo Escobar. Sin embargo, en realidad fue elegido e hizo parte varios meses de la misma junta directiva, como lo demostré en el debate que llevé a cabo en el Senado en septiembre de el año 2014. Quinto, reconoció que el abogado Wiler Molina, luego de presentar varios testigos falsos ante la justicia en nombre de Uribe, fue elegido alcalde del municipio de Amagá, Antioquia, por el Centro Democrático. También reconoció que la Corte Suprema de Justicia le compulsó a Molina copias por manipulación de testigos y delitos electorales. Texto. Reconoció que Diego Cadena le entregó cartas de Diego Murillo Vejarano, alias Donberna, Ramón Quintero San Clemente, alias el Señor de Buga y de Diego Pérez Enao, alias Diego Rastrojo o alias Vinagre. A todos el abogado Diego Cadena les tomó poder para representarlos judicialmente. Reconoció también que Juan Carlos Rodríguez alius fue testigo de su hermano Santiago Uribe. cadena también le tomó poder e hizo falsos señalamientos en mi contra en la declaración que rindió en el proceso que se llevaba a cabo contra Santiago Uribe. Reconoció Octavo que su que con su expreso conocimiento, perdón, Diego Cadena ofreció a Juan Guillermo Monzalve un recurso jurídico a cambio de su retractación que nunca ocurrió. Noveno reconoció que desde el 22 de diciembre de 2015 tenía pleno conocimiento de que estaba siendo interceptado y que en marzo de 2018 le dijo a Juan Guillermo Villegas Comillas, recuerde que la vulnerabilidad de nosotros es que estos teléfonos los tienen interceptados. Décimo, reconoció que a sus testigos Ramiro de Jesús Senao, alias Simón, Gabriel Muñoz, alias Castañeda, Máximo Cuesta, alias Sinaí, Elmo José Mármol, alias El Poli y Giovanni Cadavid, alias Cadavid, la Corte Suprema de Justicia les ha compulsado copias por falso testimonio. 1ero. reconoció que varios de los escritos presentados por cadena a la Corte Suprema de Justicia fueron manipulados por él o por otros abogados. Decio. A pesar de que afirmó que desconocía los sobornos económicos que Cadena le entregó a Carlos Enrique Vélez y a su familia, eh no pudo negar que conoció a otros que conoció, perdón, de otros incentivos que le fueron ofrecidos a los falsos testigos. Y por último, 1tercero, reconoció que por estos mismos hechos se encuentran en juicio el ex representante a la cámara, Álvaro Hernán Pradar Tunduaga, los abogados Diego Cadena Ramírez, Juan Carlos Salazar, Samuel Sánchez Cañón y el secuestrador Enrique Pardoja. Es decir, Uribe tuvo que reconocer numerosos hechos que son incontrovertibles y que lo señalan como el determinador en este aparato de fraude procesal y soborno.";"689"
"OmHID7KLF58";"20250520";"EL MODUS OPERANDI DEL PROCESADO URIBE VÉLEZ   PARTE II";"https://youtu.be/OmHID7KLF58";"Entramos en el cuarto día de declaración del acusado expresidente Álvaro Uribe en el juicio que se está llevando a cabo. Este es mi resumen de lo ocurrido ayer que he titulado El modus operandi del procesado Uribe Vélez, segunda parte. Ayer continuó el testimonio del acusado expresidente Álvaro Uribe. El ejercicio emprendido por él y su y su defensa ha consistido en realizar un ingente, pero vano esfuerzo por presentar una versión tergiversada del contundente material probatorio, especialmente sus conversaciones interceptadas con cadena. a partir de repetitivos clichés e interpretaciones contravidentes. Para ello se ha buscado maquillar la imagen del abogangster, otorgándole la condición de abogado investigador y ante sus fraudulentas maniobras intentar excusarlas, presentando a Cadena como un profesional eficaz. Pero básico, dijo el expresidente Uribe. Lo tengo que decir, él ejerce mucho. Él no tiene vocabulario de abogado, vocabulario elaborado. Él habla muy básicamente. Sin embargo, nada de eso lo llevó al expresidente en ningún momento a dejar de recurrir a sus oscuros servicios, a pesar incluso del evidente malestar que ello ha provocado en sus abogados públicos y reputados. A pesar de ese esfuerzo reinterpretativo, han seguido quedando en evidencia prácticas y patrones con los que se ha consumado el sistemático fraude procesal y soborno. Un episodio que es altamente diciente ha sido la presentación del hecho jurídicamente relevante que inca involucra la declaración del narcotraficante Juan Carlos Sierra alias El Tuz. A pesar, perdón, allí ha quedado en evidencia la práctica de ocultar la búsqueda de testigos con la cuartada de la recepción de solicitudes espontáneamente recibidas. quedó en claro la cronología de la desesperada búsqueda del acusado por obtener la declaración de alias el Tuso. Aunque se intentó persuadir de que todo el episodio era iniciativa de este último, en realidad las conversaciones entre Uribe y Cadena dan cuenta de un complejo esfuerzo para borrar el rastro de esa incisiva búsqueda, comprometiendo a integrantes del Centro Democrático, al hermano de un reconocido narcotraficante e integrantes de la UTL del entonces senador Uribe. Así lo demostró igualmente la orden a cadena de reunirse en Estados Unidos con Sierra. Garantizar que en el encuentro estuviera el hermano del jefe de la oficina de Envigado e incluso contratar a una exagente de la CIA para asegurar la declaración. A pesar de que el acusado insistió enfáticamente de que las de que los escritos enviados a la Corte Suprema de Justicia eran entregados tal y como los elaboraban por su propia iniciativa los testigos, lo que muestra tanto las demandas de Uribe como la labor de cadena en el caso del Tuso es la práctica de una manipulación y regateo constante. en torno al contenido de las cartas enviadas. El acusado describió el texto de uno de los escritos como, entre comillas el resumen de la de lo acordado en una reunión entre cadena y sierra. En uno de los audios presentados, Cadena informa Uribe que Sierra se niega a implicar al magistrado Bárcelo y al periodista Juan Carlos Giraldo en el falso testimonio que se le propone dando dado el temor que le produce las consecuencias que ello pueda traer para su situación jurídica en Estados Unidos. También quedó demostrada la práctica de disfrazar el fraude procesal como verificación o recepción de información y entrega de esta sinedición a los órganos de justicia. refiriéndose a la declaración de alias el Tuso y a las instrucciones eh que para obtenerla le diera al abogado investigador Cadena. El acusado sostuvo comillas, a lo largo de todo este proceso hay una constante, siempre la verdad, no pedir mentir callar. Eso es una constante que se repite. No obstante, en conversación interceptada con Cadena el 7 de mayo de 2018 le envió al narcotraficante Sierra la siguiente razón. Uribe comillas. Dígale que lo importante es que él declare lo que quiera decir, que si tiene que quitarle o agregarle a esa declaración. Qué tranquilo. El acusado quiso desvirtuar que invitaba abiertamente a mentir, diciendo que su instrucción era quitarle o agregarle a la verdad, cuando en realidad urgía a Sierra feacientemente afaltar a la verdad. Bueno, esos fueron algunos de los elementos de ayer.";"693"
"R1Q38-892Lo";"20250520";"LA DEFENSA DEL ACUSADO PRESENTA NUEVAS DECLARACIONES INSUSTA";"https://youtu.be/R1Q38-892Lo";"Buenos días. He aquí el análisis de lo ocurrido ayer en el juicio contra el expresidente Álvaro Uribe Vélez. La defensa del acusado presenta nuevas declaraciones insustanciales y falsos testigo multiuso. En el día 41 del juicio, la defensa del acusado expresidente Álvaro Urive Vélez presentó nuevas declaraciones insustanciales y falsos testigos multiuso. Primero, con la declaración del exfiscal Néstor Humberto Martínez, la defensa intentó demostrar que el abogado Diego Cadena fungía como abogado de confianza de Álvaro Uribe Vélez. Sin embargo, lo cierto es que nunca actuó eh como su defensor de oficio. Sus actuaciones ilegales tampoco se encuentran amparadas por el secreto profesional y del poder que le otorgó en abril de 2018 se vino a saber en septiembre de 2019 cuando Cadena lo aportó a la Corte Suprema de Justicia en declaración rendida en este proceso. Segundo, la declaración de Andrés Felipe Arias fue insustancial. Con ella, la defensa intentó demostrar que Álvaro Uribe Vélez no buscó testigos, sino que ellos lo buscaron. Esto en nada oculta la realidad probatoria. El abogado Cadena obtuvo cartas de Diego Fernando Murillo Bejarano, alias Donberna, Ramón Quintero, San Clemente, alias RQ o el señor de Buga, Diego Pérez Enao, alias Vinagre y Diego Rastrojo, todos ellos poderdantes suyos con los que buscó favorecer los intereses de los hermanos Uribe Vélez. Tercero, Héctor Romero en su declaración, como es ya habitual, perdió la memoria. Sin embargo, en la reunión de la picota del 22 de febrero de 2018, que el testigo Juan Guillermo Monsalve Pineda grabó con el reloj que este abogado le llevó, quedó claramente establecido que en su presencia el abogado Diego Cadena le hizo ofrecimientos jurídicos a Monsalve absolutamente claros. Comillas, yo lo impulso a justicia y paz. Yo pienso que usted necesita un beneficio de alguna forma. Yo voy a revisarle al abogado eso porque yo hoy de pronto le hubiera dado otra cosa. Cuarto, ante la pobreza de estos testimonios, la defensa del expresidente ha traído al falso testigo multiuso Raúl Agudelo Medina, alias Olivo Andraña, quien sin ninguna clase de sustento lanzó acusaciones y falsos señalamientos en mi contra y en contra del testigo de cargo Pablo Hernán Sierra, alias Olivo Saldaña, debo recordarlo, ha sido utilizado como falso testigo funcional en toda clase de procesos penales y disciplinarios en contra, por ejemplo, de los fallecidos excongresistas Wilson Borja y Piedad Córdoba y contra la excongresista Gloria Inés Ramírez y el excongresista Jorge Enrique Robledo, para mencionar tan solo algunas de las personas que han sido objeto de esta clase de falsos testimonios. En todos esos casos, sus infundios fueron desechados por ser evidentemente mendaces. El otro falso testigo presentado por la defensa fue Luz Alipio Rodríguez, quien lanzó también toda clase de acusaciones en mi contra y en contra del testigo de cargo, Juan Guillermo Monzalve, sin ninguna clase de sustento o contextualización fáctica. mentiras y lugares comunes.";"484"
"mMHWP3oJ36A";"20250520";"EL TRAMITADOR DE FALSOS TESTIGOS WILSER MOLINA";"https://youtu.be/mMHWP3oJ36A";"Buenos días. He aquí un análisis de lo ocurrido ayer en el juicio contra el expresidente Álvaro Uribe. El tramitador de falsos testigos Wilser Molina y el falso testigo Gabriel Muñoz, alias Castañeda, en defensa del acusado Álvaro Uribe Vélez. La defensa del procesado expresidente Álvaro Uribe continúa presentando sus testigos. En su mayoría se trata de parapolíticos, jefes paramilitares y narcotraficantes, desmovilizados o activos, abogados tramitadores de falsos testigos y sobornos que defienden al acusado. Luego de cada nueva declaración, él pide la palabra para exaltarlos y agradecerles encarecidamente. Ayer, en primer lugar se presentó el alcalde Wil Molina, a quien la Corte Suprema de Justicia ordenó investigar por manipulación de testigos, falso testimonio y trasumancia electoral, y quien sostuvo en la audiencia en un alarde de cinismo que para alejarse de la corrupción había optado por candidatizarse a la alcaldía de Amagá, Antioquia. por la corriente que en el Centro Democrático dirige el condenado parapolítico Luis Alfredo Ramos. Para comprender bien el rol de Wilser Molina en este tramado entramado de sobornos y fraude procesal, cabe decir que su papel ha sido similar al del llamado abogangster Diego Cadena. Molina precedió a Cadena en la consecución de falsos testigos. Lo hizo en la cárcel de Itac cuando era el apoderado de Luis Arnulfo Tuberquia, alias Memín, con quien eh Molina consiguió los falsos testigos Gabriel Muñoz Ramírez, alias Castañeda y Ramiro de Jesús Enao, alias Simón. Contra ambos, la Corte Suprema de Justicia compulsó copias por sus mendaces declaraciones en mi contra. Con relación al segundo, la bancada de víctimas, en este juicio, ha denunciado que, según informes oficiales, es hoy cabecilla del llamado Clan del Golfo. No obstante, ni el acusado ni su defensa ha desistido de su declaración. En conversación del 26 de noviembre de 2015, Uribe Vélez le dice a Molina que el día anterior los medios de comunicación registraron que había un testigo que los acusaba a él y a su hermano Santiago de la masacre del ARO, a lo que Wilser Molina respondió, ""Voy a mirar entonces indago y neutralizamos y realmente ponemos entonces a que entrevisten a los testigos que estuvieron a los comandantes que realmente estuvieron allá. La actuación de Molina aprueba, sin lugar a duda, que las prácticas de soborno y fraude procesal dirigidas por Álvaro Uribe han sido reiteradas en el tiempo. Ayer se escuchó también a Gabriel Muñoz Ramírez, alias Castañeda, quien reconoció que siendo integrante del bloque Metro, supo que Juan Guillermo Monzalve Pineda estuvo a cargo del ganado de alias J. comandante financiero de ese grupo paramilitar. Afirmó también que ese ganado se mantenía en la hacienda Huacharacas. También declaró que Pablo Hernán Sierra, alias Pipintá, sostenía una estrecha relación con alias J. Pese a la compulsa de copias ordenada por la Corte Suprema de Justicia contra alias Castañeda y el alcalde Molina, en el auto inhibitorio del 16 de febrero de 2018, la defensa del acusado Uribe Vélez no ha tenido reparo alguno en reciclarlos para este proceso. Así la defensa del acusado se hace con personas cuya credibilidad ha sido claramente impugnada ya por la justicia. M.";"523"
"wKyIeO6utR0";"20250520";"PRONTUARIO JUDICIAL DE 18 FALSOS TESTIGOS Y MANIPULADORES DE";"https://youtu.be/wKyIeO6utR0";"Buenos días. Como de costumbre, presento a ustedes un resumen y análisis de lo ocurrido ayer en el juicio contra el expresidente Álvaro Urive. Le he puesto el siguiente título. Prontuario judicial de 18 falsos testigos y manipuladores de testigos de la defensa del procesado Álvaro Uribe Vélez. Ayer en el juicio contra el acusado expresidente Álvaro Uribe Vélez declararon dos nuevos falsos testigos, Mauricio Humberto Jiménez Salinas y Nicolás Jurado Monzalve, ambos investigados por orden de la Corte Suprema de Justicia. Al ser contrainterrogados sobre la compulsa de copias por parte de la fiscal, el primero afirmó en forma cínica que por primera vez tenía noticia de que estuviera siendo investigado. En cambio, Nicolás Jurado Monsalve, quien habitualmente gusta exhibirse en las redes sociales como un mentiroso loquas, prefirió guardar silencio, pues reconoció estar siendo investigado por sus calumnias en mi contra. Muchos de los testigos que presenta la defensa del acusado expresidente Álvaro Uribe Vélez han sido objeto de órdenes de investigación dictadas por la Corte Suprema de Justicia o están ya ante un tribunal en juicio. Su credibilidad ha sido impugnada, se ha demostrado que mienten y, por lo tanto, se les investiga o juzga por presuntos falsos testigos o por presuntos manipuladores de testigos. No obstante, la defensa de Uribe no ha tenido reparo alguno en reciclarlos para este juicio. He aquí una lista de 18 de ellos. Actualmente en juicio, primero, abogado Diego Javier Cadena Ramírez por falso testimonio, ocultamiento, alteración o destrucción de elemento material probatorio, fraude procesal y soborno en actuación penal. Segundo, abogado Juan José Salazar, socio de cadena, por falso testimonio. Tercero, excongresista Álvaro Hernán Prada por soborno en actuación penal. Cuarto, Enrique Pardo Hash, por falso testimonio y fraude procesal, investigado también por soborno en actuación penal. Quinto, abogado Samuel Arturo Sánchez Cañón por fraude procesal y soborno en actuación penal. Investigados por compulsa de copias de la Corte Suprema de Justicia. Sexto, Ramiro de Jesús Cenado Aguilar, alias Simón por falso testimonio. Séptimo, Gabriel Muñoz Ramírez, alias Castañeda, por falso testimonio. Octavo, alcalde Wil Molina por falso testimonio y manipulación a testigos. Contra él también la Corte pidió investigarlo por trasumancia electoral. Noveno, Mario Humberto Jiménez Salinas por falso testimonio. Décimo, Eurídice Cortés alias Diana por falso testimonio. Decimo primero. Máximo de Jesús, Máximo Cuesta Valencia por falso testimonio. Decimoundo. Giovanni Alberto Cadavid Zapata por falso testimonio. 1 Decimtercertero. El José Mármol Torre Grosa por falso testimonio. Víctor Eugenia Jaramillo Ariza por falso testimonio. 15. Carlos Eduardo López Callejas, alias Caliche por falso testimonio y fraude procesal. 16º Juan Guillermo Villega Uribe por manipulación a testigos. 17 Mario Uribe Escobar por fraude procesal y soborno en actuación penal. ytavo Nicolás Jurado Molzalve por falso testimonio. Es decir, es una defensa hecha con falsos testigos que están siendo investigados y por manipuladores de testigos que están siendo juzgados. Yeah.";"479"
"clUj9r4og0k";"20250604";"Proyecto de Reducción de Salario de los Congresistas";"https://youtu.be/clUj9r4og0k";"Muchas gracias, honorable senador. Tiene el uso de la palabra el senador Iván Cepeda, autor de la iniciativa. Ya los inscribo. Ya voy a inscribirlo. Agradezco mucho, presidente, esta posibilidad en primer lugar de felicitar a mi colega María José Pizarro, que con paciencia, con ánimo constructivo y de concertación ha traído esta iniciativa hasta este punto. Lamentablemente, en un momento en que ya se torna prácticamente inexorable la imposibilidad de sacarla adelante. También me parece significativo y llamativo que haya en todas las bancadas senadores y senadoras que dicen estar de acuerdo y seguramente cuando se vote esto aquí habrá una votación. eh mayoritaria o quién sabe, incluso unánime. Entonces, lo enigmático es porque si estamos de acuerdo en algo no podemos sacarlo adelante. Yo les haría una invitación a todos los colegas y es la siguiente. Si estamos tan de acuerdo en bajarnos los salarios, bueno, ¿por qué no examinamos otras vías? Me imagino que hay componentes de los ingresos que tenemos que son necesariamente objeto de una reforma constitucional. Yo recuerdo que en la época del presidente Santos tal vez se incorporaron algunos componentes primas o no sé qué clase de nuevos elementos de ingreso a lo que percibimos. Bueno, ¿por qué no pedir que sencillamente eso se excluya sin necesidad de este trámite tan engorroso que se ha mostrado tan ineficiente y que parece ser todo el Congreso o una buena parte está de acuerdo, pero no lo logra. Entonces, para que resolvamos ese enigma, esa situación que parece absolutamente absurda, yo les haría la invitación de que consideremos otras vías para bajarnos el salario distintas a este proceso en el cual se hace una propuesta y termina siendo una manzana de discordia y no precisamente una materia de consenso. Gracias, presidente.";"296"
"cz4bsWEjAAU";"20250827";"EMPLAZO AL CENTRO DEMOCRÁTICO A QUÉ REALICEN EL DEBATE SOBRE";"https://youtu.be/cz4bsWEjAAU";"Gracias, señora presidenta. Lamento que no esté presente en su totalidad la bancada del Centro Democrático. Veo que hay personas de la bancada porque lo que voy a decir atañe directamente a esta bancada. A partir de la condena del señor expresidente y ex senador Álvaro Uribe Vélez, hemos asistido las víctimas de este proceso a una sistemática campaña, lo cual me ha llevado el día de hoy a denunciar penalmente al condenado expresidente, a sus hijos Tomás Uribe Moreno y Jerónimo Uribe Moreno y al director del partido político Centro Democrático, Gabriel Vallejo, por los siguientes delitos o la comisión presunta de los siguientes delitos: calumnia agravada, injuria agravada, hostigamiento agravado y amenazas. Esa campaña de difamación ha estado acompañada además de una acción que tiene que ver con una operación para vincularme. Pedimos por favor silencio en el recinto para escuchar la constancia. Continúe, senador Iván. Gracias. para vincularme a mí a eh la guerrilla y el narcotráfico. El señor expresidente condenado, los señores hijos de él y el propio partido político hausado utilizar en mi contra las siguientes expresiones, menciono simplemente algunas. Máximo jefe político de las FARC, perfecto camarada de las FARC, determinador político del narcotráfico, heredero de las FARC. Tercer lugar, en Estados Unidos se está haciendo una operación con las agencias del FBI y de la DEA para vincularnos al abogado Miguel Ángel del Río y a mí asuntos del narcotráfico. Entre otras cosas, pido a los senadores del Centro Democrático que por lo menos tengan la amabilidad de prestar un poquito de atención, 5 minutos, no les cuesta más. para vincularnos a investigaciones en el territorio estadounidense. Es más, el señor Cadena, que ustedes recordarán, es el intermediario del condenado expresidente, quien también fue condenado, por supuesto, por soborno a testigos, tiene unos audios en los cuales intenta sobornar nuevamente a un testigo para vincularnos al abogado del río Yamí a asuntos del narcotráfico. ¿A qué voy con todas estas afirmaciones? Si ustedes lo recuerdan, señoras y señores, del Centro Democrático, cuando hice el debate en 2014 en este mismo recinto y cuando salió corriendo por ese mismo pasillo el jefe de su partido político a denunciarme. En ese momento ustedes o digamos algunos de ustedes amenazaron con hacer un debate sobre la FAR política. Senador Honorio, ¿usted recuerda eso cuando ustedes amenazaron de hacer un debate sobre la FAR política? Llevo 11 años esperando a que ustedes lo hagan. 11 años. Pero no se han atrevido a hacerlo. Prefieren tirar la piedra y esconder la mano. Entonces, señoras y señores, yo los emplazo a que hagamos ese debate cuanto antes. Les pido el favor de una manera respetuosa que le ponga sonido para el senador Iván, que le pongamos fecha, día y hora a ese debate y dejen de utilizar redes sociales, cuentas falsas o cuentas verdaderas, de esconderse detrás de su jefe político y condenado y que vayamos al grano. Si ustedes tienen pruebas de mi pertenencia a una organización ilegal, preséntenlas en este recinto. No más una política como la que están llevando a cabo, perversa, malintencionada y cobarde de tomar a Manzalva un senador de la República para evitar que su jefe sea condenado en segunda instancia y para vengarse de lo que nosotros logramos en justicia y utilizando la ley y la Constitución. Así que, señoras y señores, espero una respuesta clara cuando hacemos el debate. Muchas gracias, señora presidenta. Vamos a dar.";"575"
"vfvMnExauPA";"20250910";"TERCER DISCURSO： ¿Qué significa una revolución ética desde l";"https://youtu.be/vfvMnExauPA";"Maestra Patricia Arisa, estudiantes de esta gran universidad y las compañeras del Comité de Derechos Humanos. Gracias a las y los artistas por este bello homenaje que me ha conmovido profundamente. Quiero decir algunas cosas, así que ustedes me van a tener que discutar. que les he puesto, que les he puesto el siguiente título. ¿Qué significa una revolución ética desde la defensa de la humanidad? Queridas compañeras y queridos compañeros, recibo con profunda gratitud este reconocimiento, especialmente aquí en la Universidad Nacional de Colombia, una casa, una institución fundamental para el país, a la que le debemos tanto en el ámbito de la educación pública, la investigación científica, el pensamiento crítico y el compromiso con el humanismo. La defenderemos siempre. Es también un honor compartir con ustedes este Día Nacional de Derechos Humanos, una fecha que no conmemora únicamente un conjunto de principios legales, sino que celebra la memoria viva de quienes han defendido la dignidad humana con valentía, incluso cuando ellos les costó la libertad. la reputación o la vida. En Colombia, los derechos humanos no han sido una dádiva otorgada de buena gana por el poder. Han sido y siguen siendo una conquista el fruto de luchas sociales persistentes, de movilizaciones pacíficas, de la terquedad de miles de personas que se han negado a aceptar la injusticia. como un destino inevitable. Con frecuencia, quienes han defendido los derechos humanos han sido injustamente señalados y señaladas como peligrosos, subversivos o incluso terroristas. Esta estigmatización ha servido de antesala a la violencia. Muchos líderes y liderezas sociales, así como abogadas y abogados comprometidos con la justicia, han sido asesinados tras campañas sistemáticas de desprestigio. Tal fue el caso de Jesús María Valle, por ejemplo, abogado y defensor de derechos humanos, asesinado luego de denunciar públicamente al entonces gobernador de Antioquia, Álvaro Uribe Vélez, por su responsabilidad en el respaldo a los grupos paramilitares, las empresas convivir y por alentar la violencia contra las comunidades campesinas como las del aro y la granja. Otro ejemplo doloroso fue el del médico Héctor Abad Gómez, asesinado en Medellín en un contexto de creciente violencia política y consolidación del narcotráfico, cuando su voz crítica y humanista se alzaba en defensa de los derechos fundamentales y de la vida misma. Gracias a esa resistencia colectiva, los derechos humanos fueron incorporados en nuestra Constitución, integrados al ordenamiento jurídico y legal mediante tratados internacionales ratificados por el Estado colombiano y convertidos en leyes que al menos en el plano formal hoy nos amparan, aunque con frecuencia hay que decirlo, se intente desconocerlos o debilitarl. Estos instrumentos legales consagran principios democráticos fundamentales. La vida se defiende ante toda forma de violencia. La participación y las libertades son el cimiento de la democracia. Las mujeres no solo poseen los mismos derechos, sino que deben ocupar espacios decisorios en la vida política y económica. La equidad social no es un privilegio sino un derecho fundamental. Colombia es una nación plural integrada por pueblos indígenas, comunidades afrodescendientes, campesinas y urbanas. La diversidad sexual no es una amenaza, sino una expresión legítima de nuestra humanidad compartida. La paz es tanto un derecho como un deber. La naturaleza y la biodiversidad no son meros recursos explotables, sino nuestra casa común que debemos cuidar. Sin embargo, más allá del reconocimiento legal o jurídico, la pregunta obvia es, ¿cuántos de estos principios se han hecho realidad? La verdad es que en muchos casos siguen siendo apenas formulaciones normativas, promesas no cumplidas. Por eso es necesario afirmar hoy en este día especialmente que a lo largo de las últimas cuatro décadas los derechos humanos han tenido una verdadera fuerza transformadora solo cuando han activado el poder constituyente de la sociedad. Es decir, cuando han sido movilizados por miles de organizaciones sociales, liderezas y líderes comunitarios, defensoras y defensores del ambiente, del trabajo digno y de la paz. Con su acción pacífica, su desobediencia civil, su compromiso democrático, estas personas y colectivos no solo impulsaron reformas estructurales, sino que abrieron el camino hacia una nueva cultura de derechos, una cultura que no nace desde arriba, sino desde las resistencias, los territorios y la lucha por la dignidad. Una de las tareas más profundas y transformadoras del movimiento de derechos humanos en nuestro país ha sido la lucha de las víctimas de los crímenes contra la humanidad y del genocidio. Estas víctimas cargan sobre sí el peso de lo más atroz que ha conocido la humanidad. violencias sistemáticas y generalizadas dirigidas contra poblaciones enteras o sectores específicos de ellas. crímenes que no son actos aislados, sino planificados y ejecutados como sistemas, con la participación directa del aparato estatal o de estructuras armadas con poder equivalente al poder del Estado. En Colombia estas prácticas no han sido esporádicas ni marginales. se han prolongado durante décadas, dejando a su paz una estela de destrucción inmensa y una crueldad especialmente dirigida contra movimientos sociales, comunidades indígenas, campesinas, afrodescendientes, organizaciones políticas y territorios enteros sometidos al genocidio, al despojo, a la persecución y al desplazamiento forzado. Y sin embargo, frente a tanto dolor y tanta impunidad, las víctimas y las personas defensoras de derechos humanos han alzado la voz y protegido la vida. Su persistencia y presencia en contextos de enorme adversidad ha sido decisiva para sembrar un cambio de conciencia en el país. Han sostenido la verdad cuando muchos querían silenciarla. Han exigido justicia cuando otros apostaban al olvido. Gracias a su lucha se ha vuelto cada vez más claro que no hay paz posible. Sin verdad, sin justicia y sin memoria. Son luchas por la verdad, la justicia, la reparación integral, la memoria, las garantías de no repetición. Y por ellas Colombia ha empezado, aunque con enormes resistencias, a reconocer que estas violencias extremas y que sus impactos profundos y duraderos no pueden seguir siendo negados por la impunidad ni relativizados por el poder político o mediático. En este movimiento por la verdad y la justicia, la lucha de las mujeres ha sido esencial, especialmente la de las madres y hermanas que convirtieron el amor en perseverante y metódica búsqueda. Las primeras organizaciones en Colombia en esta senda fueron lideradas por mujeres buscadoras de sus familiares desaparecidos. Recordamos a la gran defensora Janet Bautista, recientemente fallecida, y a doña Fabiola Lalinde, por supuesto, gracias a ellas, a las organizaciones de familiares, la desaparición forzada, ese crimen que se intentó ocultar a toda costa por tantas décadas, se nombró se visibilizó y se reconoció como crimen de esa humanidad. También están las madres de los jóvenes de Suacha, asesinados en los mal llamados falsos positivos, las madres que buscan a sus seres queridos desaparecidos en la comuna 13 y sepultados en la escombrera. Las mujeres víctimas de violencia sexual. que han roto silencios para abrir caminos. Esa ha sido también ese ha sido también el proceso del Movimiento Nacional de Víctimas de Crímenes de Estado. Con perseverancia y rigor ha logrado establecer la responsabilidad de gobiernos, instituciones, altos mandos e incluso jefes de Estado en la violencia generalizada y sistemática. Todas estas organizaciones han puesto rostro, nombre y voz a los crímenes contra la humanidad y han ido erosionando la hegemonía de la impunidad. En estos tiempos he venido insistiendo en que debido a la profunda degradación moral causada por décadas de violencia, el desprecio sistemático hacia quienes viven en la pobreza y la exclusión, el patriarcado y el racismo, Colombia requiere con urgencia una revolución ética, una revolución que no se limite a denunciar. estas formas de deshumanización, sino que transforme de raíz nuestra conciencia individual y colectiva. Una revolución que nos lleve hacia una nueva cultura política y social profundamente sensible ante la vida, el sufrimiento y la dignidad de los demás. En este contexto, cabe entonces preguntarse, ¿qué papel han jugado y pueden seguir jugando las víctimas de crímenes contra la humanidad y genocidio en esta revolución ética? Toda violencia causa un profundo daño ético en la sociedad, pero cuando se trata de aquella que es una violencia extrema y prolongada por periodos históricos, no hablamos de daño, sino de destrucción de la conciencia moral. El desprecio por la vida y en particular por la vida humana abre paso a la deshumanización que se instala y se normaliza a medida que la violencia extrema se hace sistemática, omnipresente e interminable. Cuanto más extendida y prolongada es la violencia, más se erosiona la conciencia moral colectiva y más profunda se vuelve la deshumanización. Una sociedad violenta no solo destruye cuerpos, destruye también los vínculos, el pensamiento ético y la empatía. Aunque en un comienzo los primeros actos de violencia extrema suelen ser repudiados por sectores de la sociedad y existe capacidad de indignación, a medida que los crímenes se hacen masivos y repetitivos, comienza un proceso de olvido y justificación. Se ignoran muchos hechos, se normaliza su existencia y emergenos que buscan excusar, relativizar o incluso legitimar lo que ha ocurrido. Se inicia una parálisis moral. La capacidad de reflexión ética se debilita ante la magnitud y duración de la violencia en la larga duración de un estado de conflicto armado y criminalidad. generalizada, como lo examinó la pensadora Ana Arent, el mal deja de ser extraordinario y se vuelve rutinario y normal. Ya no se percibe como una transgresión radical y luego de debilitarse desaparece el pensamiento crítico sobre su gravedad. Eso es lo que luego de tantas décadas de las atrocidades en masa le ha pasado a Colombia. Frente a este panorama, el poder de la verdad que poseen las víctimas es indispensable. Son ellas quienes a través de su testimonio, su resistencia y su dignidad nos devuelven la capacidad de sentir, de pensar y de actuar éticamente. Son quienes pueden reactivar la conciencia colectiva, poner en evidencia la verdad silenciada y, sobre todo recordarnos que la vida humana jamás debe ser negociable. Esa es la semilla de la revolución ética que necesitamos. Una transformación que no solo repudie la deshumanización, sino que también reencuentre el sentido profundo de nuestra humanidad compartida. El poder de la verdad de las víctimas no solo es capaz de derrotar la inominia de la impunidad, hacer que la sociedad salga del letargo de la banalidad del mal, revivir la existencia de quienes fueron asesinados y desaparecidos, instaurar la memoria de los sufrimientos, pero también de las luchas y conquistas que implicó su sacrificio. desenmascarar a los poderosos determinadores de los peores crímenes, sino que además ese poder de la verdad puede llevar a una nación dividida por décadas de odio y violencia como la nuestra, a la reconciliación y a la paz. Y por supuesto, en un día de los derechos humanos, no podemos dejar de pensar en Gaza y de condenar el genocidio del gobierno de Netanu contra el pueblo palestino.";"1792"
"561uWw4lDkA";"20251010";"LA UNIÓN PATRIÓTICA SE SUMA A IVÁN CEPEDA";"https://youtu.be/561uWw4lDkA";"Muchas gracias. Me siento emocionado, feliz de recibir esta bandera, estas rosas de la mano de las víctimas y sobrevivientes de la gran Unión Patria. Gracias compañeras y señoras. Queridas compañeras y queridos compañeros, víctimas y sobrevivientes del genocidio contra la Unión Patriótica. En esta especial conmemoración del día nacional por la dignidad de las víctimas del genocidio contra la Unión Patriótica, me dirijo a ustedes en primer lugar para rendir homenaje a quienes fueron víctimas de este genocidio político. un crimen que marcó el inicio de uno de los capítulos más oscuros, tenebrosos y dolorosos de nuestra historia reciente. Un capítulo de sufrimiento indescriptible y de profunda injusticia, que juzgó silenciar a sangre y fuego una esperanza de transformación democrática nacida del acuerdo de paz firmado en la Uribe Meta en 1984. El genocidio es un crimen total. No se limita a una forma de violencia. Articula múltiples métodos de exterminio y crímenes de les humanidad con el objetivo de destruir o dañar gravemente a un grupo humano en su totalidad. Se trata de una acción criminal de carácter especialmente destructivo, orientada a infringir el máximo posible de daño a una colectividad entera. Cuando se prolonga en el tiempo, como es el caso, por décadas, sus efectos se profundizan y se heredan, dejando una estela de dolor que atraviesa generaciones. Sus episodios de destrucción se repiten una y otra vez, produciendo un resultado acumulativo, es decir, un genocidio por acumulación. Este crimen no solamente aniquila vidas, desgarra familias, desintegra comunidades, destruye organizaciones y amenaza incluso la existencia de pueblos enteros. El genocidio mutila la humanidad misma y atenta contra la diversidad que nos define como especie humana. Por eso hoy aquí decimos nunca más un genocidio y un genocidio político en Colombia. En esta ocasión también me dirijo a ustedes para expresar mi más sincero agradecimiento por el apoyo que me han brindado en mi precandidatura presidencial dentro de la consulta del pacto histórico. Ese respaldo proviene de quienes han resistido con dignidad y coraje. me honra profundamente y me compromete aún más. Como víctima sobreviviente del genocidio contra la Unión Patriótica, asumo con plena conciencia el deber histórico de hacer todo lo que esté en mis manos, desde la más alta responsabilidad del Estado, si así decide el pueblo colombiano, para que nunca más se repitan en nuestro país las prácticas genocidas que tanto dolor nos han dejado. Y más allá de nuestras fronteras, me comprometo también a alzar la voz en la comunidad internacional con firmeza y sin ambigüedades, como lo ha hecho nuestro querido presidente Gustavo Petro contra todo genocidio como el que se ha perpetrado contra el pueblo palestino en Gaza. El gran dirigente uruguayo, el presidente José Pepe Mujica, decía que la humanidad aún vive en la prehistoria, pues su verdadera historia solo comenzará el día en que supere definitivamente la guerra. Permítanme parafrasear a José Mujica y decir, ""La humanidad solo comenzará a escribir su historia cuando el genocidio en todas sus formas sea parte de la prehistoria de las sociedades."" Honro la memoria de miles de víctimas que dejó el genocidio contra la Unión Patriótica, entre ellas la memoria de mi padre Manuel Cepeda Vargas. Honró su vida y su ejemp. A pesar de que muy pocos de ellos albergaban la esperanza de salvarse, permanecieron hasta el momento del desenlace trágico en sus puestos y responsabilidades. otras y otros solo emprendieron el exilio cuando los atentados eran inexorables o incluso después de haber sobrevivido a esos atentados, decidieron conscientemente recorrer el camino que los llevaba a un destino fatal. Lo hicieron porque creían realmente en la democracia y en la política. Por eso, en este día debo decir que tal vez la mejor manera de honrar esa memoria es incorporar en nuestra práctica política su ejemplo de máxima valentía y de compromiso con el pueblo colombiano en sus luchas. No perder nunca de vista que ese ejemplo es el referente ético más valioso del cual somos depositarios. Y cada vez que recibimos un golpe, cada vez que nos dejamos llevar por disputas triviales o ambiciones personales, tener presente en lo en lo alto esa luz que nos ilumina con su poderosa fuerza. Esa memoria ha sido dignamente honrada por las víctimas, quienes han demostrado la autoridad moral y el poder de la verdad a través de decisiones judiciales, leyes como la que hoy nos permite conmemorar de esta manera este día y acciones políticas han honrado que se reconoc conozca y se establezca de manera firme en la historia del genocidio, la historia del genocidio que hemos padecido. Gracias a su capacidad de resistir el impacto devastador de este exterminio y pese a enfrentar los más poderosos aparatos criminales, los del propio estado, demostraron contra todo pronóstico que era posible reconstruir la vida. Así transformaron a la Unión Patriótica de una colectividad víctima de un genocidio político, a una fuerza de gobierno y en uno de los pilares más importantes del pacto histórico, la fuerza política más grande que tiene el país. Una historia verdaderamente épica que nos llena de orgullo y esperanza. al mostrar que el ser humano puede sobreponerse a las peores adversidades. Y en el corazón de esta gesta han estado las mujeres, como ha ocurrido tantas veces en Colombia en las más importantes luchas por la verdad y la justicia, en este caso Aida Bella y Jael Quiroga, quienes merecen, quienes merecen, además de muchos otros reconocimientos. volver a ser elegidas senadoras de la República. coherente con mi trayectoria política que ha estado signada por haber recorrido también el largo camino de la búsqueda de la verdad y la justicia, quiero aprovechar esta noche para desarrollar algunos planteamientos que tendré que desarrollar, que impulsar en mi gobierno. Primero decirles que será un gobierno en el cual las víctimas tendrán centralidad junto a sus derechos. Como lo he afirmado, considero que el reconocimiento de las víctimas, su poder de verdad, su memoria y su dignidad son componentes indispensables de lo que llamo una revolución ética para la sociedad colombiana. He aquí cinco componentes de lo que será mi política en materia de víctimas, reconciliación, verdad, justicia y reparación. Primero, la reconciliación como aspecto esencial de un acuerdo nacional. Ya he anunciado que mi primera medida de gobierno será convocar a un diálogo nacional para determinar la agenda, la metodología y el cronograma junto a los mecanismos de implementación de un acuerdo nacional. Un aspecto primordial de ese acuerdo será la construcción de un verdadero consenso de reconciliación de nuestra sociedad en todos sus niveles. Reconciliación, por supuesto, sostenida y auspiciada por el reconocimiento de las víctimas, la prevalencia de la verdad y la realización de la justicia restaurativa. lo que incluye el diseño y operación de una instancia judicial que examine las responsabilidades sobre genocidio y crímenes contra la humanidad al máximo nivel, incluidas las más poderosas figuras políticas, económicas y sociales que deban responder por estos hechos desde una perspectiva restaurativa. No más infimidad en segundo, política pública de verdad, justicia y reparación de víctimas. Mi gobierno avanzará al máximo en el cumplimiento del deber de reparación y satisfacción de los derechos a la verdad y la justicia del gran universo de víctimas que hay en Colombia y que al día de hoy, según el Registro Único de Víctimas, asciende a 10,10,121 personas. En este sentido, debemos fortalecer un concepto de reparación que va más allá de la reparación administrativa e indemnizatoria de carácter individual. Las reparaciones, especialmente aquellas que ordene la jurisdicción especial para la paz, las de otros tribunales o las de programas administrativos deben involucrar a las comunidades, a los compadecientes o autores de los crímenes y a las víctimas, y deben derivar en planes de desarrollo territorial, como planteó el acuerdo final de paz. de 2016. Asimismo, han de garantizarse el acceso a programas especializados en salud mental y física y programas de educación que desarrollen conocimientos técnicos o universitarios para vincular a las víctimas a proyectos de desarrollo y empleos formales. Hago además un anuncio perentorio en este campo. Si he dicho que perseguiré con toda la fuerza a la macrocorrupción, debo ser categórico al anunciar que quienes roben, desvíen o manipulen recursos públicos destinados a la atención o reparación de víctimas, serán objetos de persecución penal implacable y como jefe de Estado, Usaré todas las atribuciones constitucionales para proteger los recursos de la reparación de quienes han sufrido la violencia económica. Tercero, garantías de no repetición, la protección de firmantes de paz y liderezas y líderes sociales. valorando los esfuerzos hechos en este campo por el actual gobierno, vamos a examinar de manera detenida y detallada en dónde han estado las fallas esenciales en el proceso de protección de las liderezas y líderes sociales, personas que defienden los derechos humanos o ambientales y firmantes de paz. Aunque no he sido proclibe a fijar condiciones en diálogos de paz entre los grupos armados y el Estado, debo decir que en los procesos de diálogo y negociación, el compromiso de no asesinar líderes sociales y firmantes de paz es una línea roja que trazaré desde mi gobierno y que la exigencia de cesar toda clase de agresiones. Al comenzar un diálogo de paz es una condición necesaria para garantizar el éxito de cualquier proceso de conversaciones de paz. El acuerdo de paz de 2016 previó la creación de la Comisión Nacional de Garantías de Seguridad para desarticular a los grupos armados sucesores del paramilitarismo. Sin embargo, esa política se nunca se ha implementado con rigor en el pasado. Es hora de retomarla sin titubeos. No podemos permitir que la historia de la Unión Patriótica vuelva a repetirse contra ninguna otra organización social o política. Cada líder comunitario amenazado, cada firmante de paz asesinado, es un campanazo que nos recuerda que la paz no se firma solo en un papel, sino que hay que construirla día a día en los territorios, garantizando la vida y la libertad política. Por ello, insistiré en medidas contundentes de protección colectiva en presencia de la fuerza pública en la alianza con las comunidades, bajo un enfoque de seguridad humana, no militarista, porque la mayor seguridad se logra cuando hay paz y en diálogos sociales que desactiven los conflictos locales antes de que se escalen. La no repetición no puede ser un eslogan. Debe reflejarse en que ningún colombiano sea perseguido o asesinado por sus ideas, nunca más el genocidio y la persecución política. Cuarto, implementación del acuerdo de paz de 2016. Uno de los ejes centrales de la política de paz de mi gobierno será, sin duda, la fase final de implementación del acuerdo de paz de 2016. No debemos olvidar que Colombia está obligada a esta implementación, entre otras causas por la declaración unilateral de Estado respecto a ese acuerdo. también que tiene el compromiso de hacer lo que se requiera para mantener los mecanismos de apoyo de la comunidad internacional al acuerdo, tales como la condición de países garantes y la misión de las Naciones Unidas. En mi condición de jefe de estado, ratificaré esa declaración unilateral. Según lo que dice el acuerdo final, en el acuerdo final, el próximo gobierno le corresponde el último periodo de implementación, el último periodo gubernamental de implementación del acuerdo. Como lo ha propuesto el presidente Petro, me comprometo a buscar la prórroga de la implementación por 4 años más, dado que hemos perdido especialmente bajo el tristemente recordado gobierno del expresidente Iván Duque, valiosos años de implementación. No podemos conformar. Mucho trabajo nos queda por delante en este campo. Así como reconozco avances con la misma franqueza, debo decir que existen visibles retrasos, dificultades y desafíos que enfrenta la implementación plena y final del acuerdo. La realidad nos dice que el progreso ha sido más lento y desigual de lo que quisiéramos y esto tiene consecuencias serias, en especial para las víctimas y también para las comunidades que siguen esperando las promesas de paz. Pero de igual forma envía un pésimo mensaje a los grupos armados que en el futuro decidan emprender el camino de la paz. Buscaré la máxima eficacia para cumplir la palabra de paz empeñada por el Estado. La paz se construye sobre la confianza y la confianza se construye sobre hechos, no sobre ilusiones o promesas. Por último, memoria y educación para la paz. Finalmente, quiero señalar un tema crucial, la memoria y la educación para la paz. La historia del genocidio, del conflicto armado, de los crímenes contra la humanidad perpetrados por décadas en Colombia deben ser incorporados a la enseñanza de la historia de nuestro país a partir de fuentes veraces y objetivas, como son, entre otras, las labores académicas de investigación de científicos sociales, los informes de la Comisión de la Verdad, los documentos y testimonios de las víctimas, las sentencias judiciales, nacionales e internacionales. Esto no es un formalismo, es reconocer que solo conociendo la verdad de nuestro pasado podremos evitar repetirlo. Tenemos el deber de socializar masivamente el informe de la Comisión de la Verdad, de apoyar los museos de memoria, de llevar a nuestras escuelas los relatos de las víctimas, que las nuevas generaciones aprendan lo que aquí pasó y puede ser, sigue pasando, como la intolerancia, cómo la intolerancia puede llevar a la barbarie y cómo la democracia debe proteger a quienes quienes piensan de manera distinta. La memoria es un pilar de la reconciliación. Por eso no descansaremos hasta ver que en cada texto escolar de historia de Colombia se hable de la Unión Patriótica, sus líderes y militantes perseguidos y perseguidas su legado de lucha por la paz democrática. Compañeras y compañeros, el camino de la paz es empinado, tiene obstáculos, a veces parece ensombrecido por dificultades, pero no estamos dispuestos a retroceder. Hoy renovamos ante ustedes un pacto ético y político. No habrá paz completa, sin verdad justicia. No habrá paz verdadera. sin reparación y garantía de no repetición. Cada meta del acuerdo de paz que alcancemos, cada reforma que implementemos, será un ladillo más en la construcción de esa paz con justicia social por la que ustedes y nosotros y muchos colombianos tanto hemos luchado. En memoria de todos los hombres y mujeres de la Unión Patriótica que perdieron la vida, refrendamos nuestro compromiso y nuestro juramento de que nunca más habrá otro genocidio político en Colombia. Rechazamos las amenazas a políticos de todas las orillas. Conocemos el dolor y no permitiremos jamás que las balas vuelvan a reemplazar las ideas y los argumentos. No permitiremos que el miedo vuelva a imponerse sobre la esperanza. Cada vez que recordemos sus nombres, hagámoslo con la frente en alto, sabiendo que estamos construyendo el país que ellas y ellos soñaron. Un país donde quepamos todos, un país en el que disentir no cueste la vida. En este día de conmemoración y esperanza, las invito, los invito a reafirmar juntos nuestro compromiso indeclinable de construir un segundo gobierno marcado por la transformación social, cuyo éxito no será posible sin el concurso de ustedes, las hijas y los hijos de la inmortal Unión Patriota. Muchas gracias a nuestro candidato presidencial y a nuestro amigo compañero presidente Iván Cepeda. Vamos a pedir que nos hagamos aquí al compañero presidente o candidato presidente.";"2542"
"YYKrMRYGD1E";"20251012";"LOS SIETE ELEMENTOS PARA LA REVOLUCIÓN AGRARIA.";"https://youtu.be/YYKrMRYGD1E";"Mi saludo emocionado, compañeras y compañeros. Me llena de profunda emoción ver esta plaza repleta del gran movimiento campesino colombiano, de los habitantes de Sinelejo, esta ciudad que quiero tanto. He venido aquí a Sincelejo, queridas compañeras y queridos compañeros. a saludar en primer lugar al gran movimiento campesino colombiano. Bravo. Y a presentar mi séptima propuesta programática que he llamado La Revolución Agraria. Saludo con afecto a la ciudad de Sincelejo, a sus habitantes, un lugar que es entrañable para mí, pues aquí nació mi madre, la periodista y dirigente política Gira Castro, y de aquí proviene parte de mi estirpe familiar. Buena parte de la historia de nuestro país, compañeras y compañeros. ha estado enmarcada en la lucha por la tierra desde la colonia. Esta ha sido una disputa constante. A lo largo del siglo XIX y del siglo XX sucedieron múltiples intentos de reforma y contrreforma agraria. Por un lado, ustedes, las y los campesinos, quienes han trabajado la tierra y buscado desarrollar una economía para el bien del país. Por otro lado, los poderes terratenientes y latifundistas que han buscado acaparar extensas zonas del país con fines improductivos. El campesinado del Caribe y en particular los procesos en Sucre, Córdoba y Bolívar han sido núcleos prioritarios de estas transformaciones. Aquí el movimiento ha resurgido con fuerza una y otra vez, reactivando, por ejemplo, la Asociación Nacional de Usuarios Campesinos ANUC y organizando a miles de personas. Recordamos hoy figuras como Apolinar Díaz Callejas, ministro de agricultura y primer gobernador de Sucre, un liberal de izquierda que en 1948 fue parte de la Junta Popular que tomó el poder en la ciudad de Barranca Vermeja durante 10 días, cuando el gobierno de Misael Pastrana intentó frenar la reforma agraria impulsada por la ley primera de 1968. Se retiren un poco para que pueda ver la gente el discurso. Voy a pedir el favor. Gracias. Les voy a pedir que se retiren un poco. Decíacias. decía, ""Cuando el gobierno de Misael Pastrana intentó frenar la reforma agraria impulsada por la ley primera de 1968, la NUC protagonizó la más grande movilización campesina por la tierra en la historia de Colombia. La NUC tuvo en Cincelejo uno de sus epicentros, celebró congresos, organizó paros cívicos y tomas de tierra, marcando profundamente la historia agraria del Caribe colombiano. Y cada vez que se ha intentado revertir los logros del campesinado, las contrarreformas han venido acompañadas de violencia y sangre. El pacto de Chicoral en 1972, promovido por el Partido Conservador y respaldado por sectores liberales, reemplazó la reforma agraria por una política de colonización violenta. Esta decisión no solo destruyó el sueño de justicia rural, sino que agudizó el conflicto, provocó desplazamientos y arrasó con bosques y ecosistemas. La ley 160 de 1994 reactivó tímidamente la adquisición de tierras, pero el gobierno de Andrés Pastrana volvió a frenar el proceso. Luego, bajo los dos gobiernos de Álvaro Uribe Vélez, se intentó legalizar el despojo de más de 6 millones de hectáreas arrebatadas al campesinado por los paramilitares y la parapolítica a través de masacres, desapariciones y desplazamientos forzados. Esa tierra fue luego vendida mediante testaferros a grandes empresas y a una nueva clase de terratenientes, mucho ligados al narcotráfico. Hoy podemos decir que el presidente Gustavo Petro Urrego y el gobierno del Pacto Histórico no solo han retomado el camino de la reforma agraria, sino que la han puesto en el centro del programa político nacional. Viva Gustav. Viva. Somos el primer gobierno de la historia reciente del país que ha dado inicio a un proceso real de redistribución y formalización de tierras a gran escala, sin derramar sangre, sin violencia, cumpliendo con lo pactado en el acuerdo de paz de 2016. Avance que se resisten a aceptar. y reconocer no solo la oposición, sino incluso algunos de nuestros aliados. Quiero afirmarlo con todas sus letras. Avanzamos hacia la meta de convertir a Colombia en una gran potencia mundial agroalimentaria. Gracias a este trabajo, hoy están disponibles 700,000 hectáreas para la reforma agraria y alcanzaremos el millón de hectáreas antes de terminar el gobierno. Esto sienta las bases para que el próximo periodo avancemos hacia la revolución agraria. Hoy, compañeras y compañeros, debemos impedir que regrese la extrema derecha uribista, cuyo proyecto es revertir los avances logrados. No podemos volver al pasado en las elecciones que vienen en el 2026. Y desde ya, en la consulta del pacto histórico del próximo 26 de octubre, debemos defender la reforma agraria. Yo represento esa opción, ese compromiso, defender y profundizar lo que hemos logrado y construido. No les quea duda. Defenderé las conquistas del movimiento campesino y del gobierno del pacto histórico en mi gobierno. Iván presidente se vive, se siente. Iván presidente se vive, se siente. Iván presidente. Se vive, se siente. Iván presidente. Se vive, se siente. Iván presidente. Gracias. Estos procesos de concentración de tierra han sido a costa de crímenes de lesa humanidad contra el campesinado. Hoy de 10 millones de víctimas que están en el Registro Único Nacional. De cada 10 víctimas en Colombia, seis son de origen campesino. Las mujeres han sufrido la peor parte de esa violencia, pero también las niñas, los niños y la juventud campesina. masacres, desplazamientos, asesinato del liderazgo campesino y de los presidentes de las juntas de acción comunal en veredas y corregimientos han hecho parte de esos crímenes que se han cometido por parte del Estado, los paramilitares y también los grupos guerrilleros. Por eso el campesinado colombiano ha tenido que migrar al borde de la frontera agropecuaria, a las laderas de cordilleras y terrenos bajos de nuestros valles. Incluso allí, en las sabas y playones inundables fueron bajando las obras de desecamiento y las cercas que han impedido que los campesinos pescadores siembren y pesquen subsistir. Como sabemos, eso ha llevado a una estructura del mundo rural monstruosamente desigual, mientras el 10% de los más ricos sigue poseyendo el 81% de las tierras cultivables, el 90% de los propietarios solo tienen para su aprovechamiento el 19% de la superficie rural. Debemos acabar con esa desigualdad vergonzosa. Esta es una de las mayores causas de la pobreza y de la desigualdad en el campo y en las zonas urbanas periféricas donde van a dar las familias campesinas desplazadas. Asimismo, es la causa de un sistema de abastecimiento altamente concentrado y que encarece los alimentos en las ciudades. Por estas razones, la revolución agraria es una cuestión de justicia social y económica. La justicia económica empieza por reconocer el valor del trabajo de ustedes, los campesinos y campesinas de Colombia. Implica proteger la tierra, su riqueza como un activo estratégico de la nación, base esencial para la producción de los alimentos y materias primas. Este camino ofrece alternativas reales frente a las economías ilícitas, frente al narcotráfico, frente a la minería ilegal del oro. La reforma agraria no es solo una política rural, es una estrategia integral para transformar las economías ilegales en economías productivas, legales y sostenibles. Donde antes hubo cultivos ilícitos, en mi gobierno habrá alimentos. Donde hubo exclusión habrá justicia económica. Ese es un compromiso, la segunda fase del cambio que estamos proponiendo. Se vive, se siente, Iván presidente. Se vive, se siente, Iván es presidente. Compañeras y compañeros campesinos y habitantes de Sincelejo, hoy estamos ante una oportunidad histórica. la posibilidad real ampliar y profundizar la reforma agraria y convertirla en una verdadera revolución agraria. ¿Qué entiendo? Por eso no es una revolución contra nadie, no es una guerra ni se levanta contra un enemigo. Es una revolución pacífica, pero enérgica y afirmativa a favor del campesinado colombiano. una revolución pacífica que se construye con la organización y la movilización, con la firme decisión del gobierno nuestro, del nuevo gobierno nuestro que yo quiero presidir. Una revolución que no empuñará armas, sino siembra semillas, que no reparte balas, sino tierra y esperanza. Que no cultiva odio, sino pan y justicia. Estos son los siete elementos que propongo como parte de esa revolución. I amigo, el pueblo está contigo. Iván, amigo, el pueblo está contigo. Ahí va el primero de ellos. Protección y reconocimiento del campesinado como sujeto de derechos. Uno de los avances más importantes de este gobierno ha sido el impulso al reconocimiento del campesinado como sujeto constitucional de derechos. Esto significa de manera concreta derecho a la vida y a la protección integral de las lideresas y líderes campesinos que han sido históricamente perseguidos por defender su tierra y su comunidad. Derecho a la verdad, la justicia y la reparación como víctimas del conflicto armado y del despojo. Derecho a la restitución de la tierra. Derecho a un trabajo rural digno, con condiciones laborales justas, pensión y condiciones estables en el trabajo, derecho a participar en la política, a ser escuchados y tomar decisiones. No es aceptable que para ejercer el derecho al voto, el campesino y la campesina deban recorrer largas distancias hasta una mesa de votación. Eso no lo podemos seguir tolerando. Hay que darle a la población campesina el mismo derecho de participación electoral que tienen todos los demás colombianos. Derecho a seragonistas. la transformación del país. Porque, y que se escuche bien, sin el campesinado, Colombia no tendría alimentos ni vida. Derecho de las mujeres y de la juventud campesinas a una vida digna y en igualdad plena de condiciones de vida. El Estado y la sociedad deben saldar la deuda histórica que tienen con las mujeres y con la juventud campesina y actuar de la mano con ellas, con las mujeres y con los jóvenes. Por eso, la primera medida, repito, de la revolución agraria debe ser la protección integral del campesinado, de su vida, de su dignidad, de su trabajo y de su aporte esencial a la nación. Sin justicia para el campo no habrá justicia para Colombia en el futuro. Bravo. El cambio se queda, mi voto es para Cepeda. El cambio se queda, mi voto es para Cepeda. El cambio se queda, mi voto es por Cepeda. Segundo elemento, vamos a continuar con la redistribución, la restitución y la recuperación de tierras y activos productivos. La democratización de la estructura agraria es esencial para construir una sociedad más justa, igualitaria y productiva. Exactamente. Ya dijimos protección de la vida del liderazgo camp. Por eso continuaremos y profundizaremos la reforma agraria que ha venido avanzando el gobierno con tres ejes fundamentales. Redistribuir tierras fértiles que hoy están altamente concentradas y subutilizadas. Todavía hay mucha tierra que debemos repartirle a los campesinos de Colombia. Restituir las tierras despojadas a comunidades campesinas víctimas de la violencia y del abandono estatal. Recuperar y poner al servicio del pueblo activos productivos estratégicos para fortalecer la economía rural. Esa transformación no se limita a la tierra, también implica facilitar el acceso a recursos productivos, tecnologías, infraestructura, crédito, óigase bien, crédito, indispensables para el desarrollo del campo y la producción agropecuaria. Esto para obtener además verdadera soberanía alimentaria en el país. Tercer elemento, ya vamos. Seguro agrícola. Ahí vamos para allá. Recuperar y fortalecer la institucionalidad agraria. Debemos recuperar lo que nos han arrebatado, la institucionalidad agraria. Ustedes saben lo que significa no tener instituciones en el territorio que acompañen al campesino, el abandono, la soledad, la desprotección frente a las plagas, los precios injustos o los intermediarios abusivos. Queremos reconstruir esas instituciones para que cada campesino y campesina tenga un estado que lo proteja, que garantice crédito, asistencia técnica y precios justos para el maíz, el arroz, la leche, la papa o el café. Vamos a consolidar en todos sus niveles la institucionalidad agraria existente y expandirla a todo el territorio nacional. Para ello, daré un nuevo impulso a. Llevaremos las instituciones agrarias a las regiones y al campo. Fortaleceremos el Sistema Nacional de Reforma Agraria y Desarrollo Rural, la Convención Nacional Campesina, las instancias de concertación del Movimiento Agrario, las zonas de reserva campesina y otras territorialidades. Es decir, aumentaremos significativamente la participación del campesinado en el gobierno. No, gracias. Desarrollaremos la justicia agraria y rural. Llamaremos a que el Congreso de la República termine el proceso de creación y puesta en funcionamiento de esta jurisdicción como mecanismo para resolver los conflictos de tierras. Cuarto, crearemos un programa nacional de bienes y servicios. No se no se trata, ya lo dijimos, solo de tierra, se trata también de la vida cotidiana de la gente. Sabemos que en muchas veredas todavía falta agua potable, electricidad, caminos dignos. No puede haber paz mientras un niño camine kilómetros para llegar a una escuela o mientras una familia campesina pase la noche a oscuras. Por eso proponemos un programa nacional de bienes, servicios rurales, agua limpia, energía eléctrica, plan nacional de construcción de vías terciarias para que vivir en el campo no sea sinónimo de carencia, sino de dignidad y bienestar, como debe ser. Bravo. Quinto, crearemos comercio justo para la producción campesina. Queremos también que la producción campesina tenga futuro allá el señor del seguro. Sembrar no basta. Hay que cosechar y vender sin que el precio lo decidan otros. Presidente, por eso construiremos redes de acopio, cuartos fríos, secaderos y plantas de transformación en las regiones administrados por las juntas de acción comunal y asociaciones campesinas. Porque no queremos que el campesino venda barato en la plaza, mientras en la ciudad el consumidor paga caro. Queremos justicia de la semilla a la mesa de todos los colombianos y colombianas. Sexto, recuperaremos las cadenas productivas estratégicas. Vamos a rescatar lo nuestro. ¿Se acuerdan cuando el algodón florecía en Córdoba y Cesar? Cuando la yuca era el motor de vida en la costa Caribe? Claro, esas riquezas se perdieron con la apertura económica, pero ahora decimos, vamos a recuperar esas cadenas productivas estratégicas. El algodón, la yuca, el cacao, el café volverán a ser la base de la prosperidad regional para que la tierra de cada región vuelva a dar riqueza a su gente. Y no se trata, óigase bien, de basarnos en la en la nostalgia, para que no digan que somos unos nostálgicos simplemente, ni en el recuerdo de lo que fue, sino de volver a generar prosperidad campesina con condiciones modernas, con justicia productiva para todos y todas. Séptimo y último programa nacional de pesca y pisicultura. está contigo, Iván, amigo. El pueblo está contigo, Iván, amigo, el pueblo está contigo. Miles de familias viven de la pesca artesanal en Colombia. Esas familias también son parte de esta revolución con un programa nacional de pesca y pisicultura. Queremos que esas comunidades tengan tecnología y acceso a mercados. Estos siete elementos, compañeras y compañeros de la Revolución Agraria, deben contribuir a la creación de la red de abastecimiento y comercialización alimentaria del país. Sabemos que el hambre es la mayor injusticia en un país con tanta tierra fértil como Colombia. Por eso construiremos una red de abastecimiento y comercialización alimentaria que conecte al campo con las ciudades para que el campesino venda a buen precio y el pobre en la ciudad compre barato. Porque la revolución agraria también es una revolución contra el hambre. Bueno, ya vamos terminando con este calor. Campesinas y campesinos, compañeras y compañeros, ustedes son la raíz que sostiene este país. Sin campesinado, con tierra no habrá futuro para Colombia y con tierra productiva. Bravo. Hoy las y los invito a que triunfemos en las elecciones de 2026 con nuestro programa de reforma agraria fortalecido y ampliado a una revolución agraria. Como lo he dicho, esta es una revolución pacífica del pueblo, una revolución de semillas y no de armas que provocan heridas o muerte. Una revolución que se hace en democracia como una siembra colectiva, una minga de esperanza. Gracias. Y desde aquí, para que se entienda claro que no es contra nadie, le enviamos un mensaje a los gremios de la producción agropecuaria, a los ganaderos, a los grandes terratenientes, a que hagamos un verdadero diálogo nacional, porque la revolución agraria a todos nos puede beneficiar y con todos podemos. La paz verdadera de Colombia solo germinará cuando el campo sea justo, cuando ustedes puedan vivir con dignidad y cuando se reconozca que sin campesinos no hay patria, porque sin tierra justa no hay libertad y sin paz en el campo no habrá nunca paz en Colombia. para triunfar en el 2026 es imperativo. Esto lo digo, compañeras y compañeros, importante mensaje, que el próximo 26 de octubre voten por la propuesta de la revolución agraria. Los invito a votar por mí en la consulta del Pacto Histórico del 26 de octubre. Iván, amigo, el pueblo está contigo. Vamos a sembrar juntos la semilla de la dignidad y de la paz. Vamos a construir juntos y juntas la revolución agraria. Que viva Colombia y que vivan sus campesinos, compañeros. y compañeros. Compañero. Muchas gracias.";"2796"
"47R3QimjNnI";"20251015";"DISCURSO DE IVÁN CEPEDA EN VILLAVICENCIO";"https://youtu.be/47R3QimjNnI";"He recorrido el país en medio de inmensas expresiones de solidaridad, apoyo y una cosa que es muy importante en una campaña electoral, compromisos de votos para el día 26 de octubre es lo que necesitamos. Necesitamos ganar las elecciones el próximo 2026 e inaugurar el segundo gobierno de la transformación histórica y social en Colombia. Viva y dance para atribuyó ese afecto, esa esperanza que veo los ojos de muchas y muchos de ustedes, a tales un inmerecido cariño por lo que hemos hecho durante estos años de luchas sociales al lado de la gente. Pero también debo decirlo, lo que encuentro es un afecto genuino de la gente, reconociendo el inmenso trabajo que ha hecho Gustavo Petro y el gobierno del Pacto Histórica por la gente y sus derechos en Colombia. Arriba del viernes del cambie. ese reconocimiento, esa gratitud, ese afecto proviene de que el gobierno del pacto histórico y sus aliados han cumplido con la promesa esencial que hicieron en las elecciones de 2022. Ser fieles a la gente, a sus luchas históricas. y avanzar en las grandes reformas sociales para derrotar la pobreza, para derrotar la violencia, para derrotar la injusticia en Colombia. Y por eso la gente quiere, por eso la gente ama a este gobierno y reconoce, especialmente la gente de origen popular lo importante que ha sido. No son solo aciertos. No son solo éxito, lo sabemos bien. Hay muchas cosas que debemos hacer mejor y profundizar. Y voy a referirme algunas que yo propongo como candidato para que ustedes sepan por quién van a votar. En primer lugar, yo quiero decir que son un candidato o precandidato que emerge de la entraña de las luchas sociales y populares de este país. No vengo de afuera, no me encontré con esto como resultado de algún golpe de suerte. No fue una lotería, no me lo saqué en una rifa y he luchado al lado de ustedes aquí en el Meca también, recorriendo los cementerios para desenterrar a los desaparecidos y a los muertos y víctimas de los falsos positivos que fueron allí inumados de manera clandestina para que sus familiares no pudieran saber ver dónde terminaron después del plan Colombia acompañando a las víctimas de ese jefe paramilitar tristemente célebre Víctor Parranza, que se robó las tierras a sangre y fuego del campesinado del Meta y creó un imperio en Puerto López y Puerto Gaitán, denunciando a los corruptos de este departamento. luchando para que la gente del campo tenga una oportunidad. Así que yo proveigo de la entraña del Movimiento Social y Popular y por eso lo digo con toda claridad, que de mí, no se dude, no habrá traiciones, no habrá dudas, no habrá ambigüedades a la hora de cumplir con nuestro programa. de profundas transformaciones en Colombia. Soy y seré una persona que obedece al pueblo, a sus organizaciones y a los movimientos sociales de este país. Viva y vence. Me enorgullece ser hijo de un senador de la Unión Patriótica asesinado por defender sus ideas. Me enorgullece prevenir de la tradición de las miles de víctimas de la Unión Patriótica y el Partido Comunista que dejaron su vida por los derechos de la gente y prefirieron la muerte antes de huir y dejar traicionados sus ideales. Y por eso es que vamos a hacer un gobierno a imagen y semejanza de la Genca. Lo dije en Pasto cuando lancé mi precandidatura. Yo voy a tomarme en serio el precepto de los pueblos ancestrales de que quien gobierna debe mandar obedeciéndole a la gente, no al contrario, no imponerle a la gente los caprichos, los apetitos, los intereses, las veleidades, las ambiciones, la codicia, sino fundamentalmente obedeciendo lo que son las necesidades. los sufrimientos, los padecimientos de nuestra gente, que son los míos también. Yo sufro lo mismo que sufre la gente que más necesita hoy en Colombia, la justicia social. Por eso mi propuesta no es simplemente que mantengamos la reforma social. Claro que sí. Tenemos que seguirlas defendiendo. Aquí lo dijo Patricia. Ahora nos quieren robar la reforma pensional. Imagínense ustedes. Una reforma en la cual hemos creado apenas un umbral. Hay que decir es todavía muy modesto para que los adultos mayores que han terminado su vida luego de entregar muchos esfuerzos y sacrificios puedan tener un mínimo ingreso. Pues bien, ahora se nos quiere enredar esto con una serie de formalismos de carácter legal y constitucional. Y yo les propongo que como se ha convocado el día 14 de octubre, es decir, el próximo martes, salir a la calle, lo hagamos, no nos dejemos robar, no nos dejemos quitar esa reforma que es sustancial en este país. Pero yo considero que no basta con defender las reformas, no basta con haber logrado ya un avance muy importante que todas y todos reconocemos, sino creo que es necesario dar un paso más. Por eso propuesto que nosotros no solamente sigamos ahondando las reformas sociales, sino que avancemos hacia una auténtica revolución pacífica de los derechos sociales de la gente. La revolución agraria, por ejemplo, han entregado cientos de miles de hectáreas. y se van a entregar más a los campesinos que le fueron arrebatados por medio de masacres, de desapariciones forzadas las tierras. Pero eso no es suficiente si no hay agua, si no hay caminos, vías percias, si el meta tiene que vivir desconectado del resto de la geografía nacional, porque se entregó una concesión a una gran empresa que no piel de la seguridad vial, tenemos que cambiar el sistema de movilización, circulación de los bienes hacia los grandes mercados y hacia hacia las ciudades. Hay que crear un verdadero plan nacional de vías terciarias que resuelva al campesino poner en el mercado los alimentos. Tenemos que volver a recuperar las cadenas proyectivas de aquello que nos han quitado con la apertura económica y los tratados de libre comercio, la yuca, el maíz, la posibilidad de cultivar y entregar lo que produce nuestra tierra y no tener que importarlo como parte de una doctrina de sometimiento al capital extranjero, a esas cadenas productivas. Nos comprometemos, por supuesto. Así que les hacemos la invitación de que sigamos el camino de la reforma agraria, de que sigamos organizando al campesinado, de que sigamos fortaleciendo el sistema nacional de reforma agraria, pero que demos un paso más. y que conquistemos una verdadera revolución en el que pongamos a la economía campesina, popular y familiar en el centro del desarrollo económico para convertirnos en una potencia mundial agroalimentaria como lo ha proclamado nuestro programa. Viva la reforma agraria en Colombia. Viva la clase trabajadora. Hemos propuesto una segunda revolución, no voy a hablarles de todas las que hemos ya explicitado, solamente una más. Tenemos un gran enemigo enfrente que se llama la gran corrupción. Ya no hay corrupción en Colombia. Ya no se trata de que un funcionario es sobornado o se le entrega una coima por parte de unos particulares. Hoy tenemos verdaderos aparatos criminales de la corrupción empotrados en todos los rincones del estado. Se roban los dineros de la salud, se roban los dineros de las obras públicas, se roban los dineros de las víctimas, se roban los dineros destinados para la implementación del acuerdo de paz. Se roban y se robaron en este gobierno, en nuestras narices, gente que llevó oportunista al gobierno nacional los dineros de los que están damnificados por los desastres naturales. No más olos en un gobierno popular y democrático. seguiremos la corrupción a rajatable de un gobierno como el nuestro y para eso es necesario la movilización esencialmente de la ciudadanía, de ustedes. No podemos derrotar la gran corrupción si no es con una revolución y rebelión ciudadana que parte de controlar los recursos, que trata de en primer lugar velar por dónde están, quiénes son los contratistas. Necesitamos reformar la ley de contratación pública en Colombia para que los contratistas del Estado no sean solamente los grandes empresarios, sino también las juntas de acción comunal. las pequeñas organizaciones territoriales, las asociaciones campesinas, las mujeres cuidadoras de la vida, las madres comunitarias. Por eso también les proponemos atacar al corazón la macrocorrupción y así vamos a delinear un programa con el cual vamos a triunfar en el 2026, profundizar los cambios y seguir adelante convirtiendo a Colombia en una nación justa, próspera, en la cual se respeta en primer lugar la vida y la dignidad de los seres humanos. Ese es nuestro proyecto y a eso los invito para que el próximo 26 de octubre en la consulta que tenemos en el pacto histórico, salgamos masivamente a votar por nuestras candidatas, precandidatos al Congreso y obviamente esto a mí me cuesta de trabajo decirlo, voten por mí, pero esta es una campaña electoral y ese se trata para que ganemos la presidencia en al 2026. Más fuerte, más fuerte, más fuerte. ¿Qué pasa? que no los escucho. Quido Castro, viva la clase trabajadora colombiana. Que vive el campesino colombiana. Arrias comunidades indígenas. Quiero terminar diciendo lo siguiente. En momentos en que a veces la vida política me ha ubicado en situaciones difíciles, en momentos en que he tenido que enfrentar a poderes criminales enormes, siempre recuerdo la lección de dignidad de las comunidades en lugares como el castillo, la urine, la macar. Ustedes están en mi corazón y en mi mente y así vamos a triunfar y convertir no solo al meta, sino a Colombia en un lugar como nos lo merecemos. Una gran nación, una nación justa, repito, pacífica y democrática. Adelante, compañeras y compañeros. Amin.";"1598"
"9579TQ2B8fs";"20251019";"HACIA UNA REVOLUCIÓN DE LOS TERRITORIOS";"https://youtu.be/9579TQ2B8fs";"Quiero agradecer como se ha hecho aquí además de esta multitudinaria presencia diversa de todo el movimiento social, del pacto histórico, de todas las organizaciones que han dado luchas históricas en este importante departamento que llevo en mi alma por ser también parte de mi historia familiar. Quiero agradecer a Suca por permitirnos el uso de este gran escenario. A los docentes y las docentes del país, un abrazo fraterno. Quiero también enviar desde aquí mi sentimiento de solidaridad entrañable a mi compañero del Senado, al compañero senador Ferney Silva, lamentar el deceso de su señora esposa y expresarle que aquí todos estamos con él en este momento difícil. Queridas compañeras y queridos compañeros, he venido al Cauca, a la ciudad de Popayán, epicentro de grandes luchas de resistencia popular y cuna de la minga indígena, para compartir con ustedes mi octavo mensaje programático. En esta ocasión voy a hablar de un tema central, lo que llamo la revolución de los territorios de Colombia, el corazón vivo de nuestra riqueza humana y natural. Que vivan los territorios que son la fuente de la riqueza de este país. En el pacto histórico y entre quienes lo lideramos, crece cada día la conciencia de que la transformación de Colombia no nacerá de las oficinas ni de un modelo burocrático ni centralista en las grandes ciudades. Esta transformación solo será posible desde los territorios rurales y urbanos. cercanos y remotos, donde históricamente han vivido la exclusión, la pobreza, la violencia y el abandono. Es allí, al lado de las comunidades donde debemos estar de manera permanente y no es las oficinas rodeados de lujos y comodidades. Con la gente, compañeras y compañeras. Hoy entendemos con más claridad que transformar el país exige coherencia, la capacidad de escuchar, dialogar y asumir como propios los dolores y anhelos de la gente del común, de quienes enfrentan todos los días las consecuencias más crudas de la desigualdad social. Y con mayor razón, si somos gobierno, no podemos ni debemos darle la espalda a los movimientos sociales, a los pueblos indígenas, a las comunidades afrodescendientes, a los campesinos, a las mujeres, a los jóvenes de las barriadas populares, a las víctimas del conflicto armado, a los trabajadores, a los vendedores ambulantes, a quienes no tienen techo, A todos y cada uno de quienes hoy luchan por la transformación de Colombia. Es allí donde debemos estar con ellas y ellos, los integrantes del Pacto Histórico y sus dirigentes. Debemos valorar el territorio y a quienes lo habitan. El territorio no es solo un espacio geográfico, es como bien lo ha dicho el Papa Francisco, nuestra casa común. Es el hogar colectivo de nuestras comunidades rurales, ancestrales y populares. Pero en Colombia, lamentablemente, el territorio ha sido convertido en el escenario de guerra y violencia en objeto de disputa, saqueo y control de en materia prima de la explotación minera extractivista en territorio de mafias, autoritarismos y despojos. No es cierto que los territorios hayan sido simplemente olvidados. por el Estado. No se trata de una ausencia institucional solamente. En muchos casos ha habido una presencia activa del Estado al servicio de intereses ajenos a las comunidades y contra las comunidades. Las élites que nos han gobernado han utilizado la supuesta debilidad estatal como excusa para no invertir en el mundo rural y en las periferias urbanas y también para justificar su tolerancia o complicidad con estructuras criminales que hoy asesinan todos los días, lamentablemente, liderezas y líderes sociales. Así como se ha concebido el territorio solo como una fuente de recursos naturales, también se ha negado la democracia territorial. No podemos seguir afirmando que Colombia es una democracia plena mientras existan regiones donde los poderes mafiosos, los grupos armados, las casas políticas tradicionales, las multinacionales y la corrupción imponen su voluntad sobre las comunidades. Nuestro país se ha construido alrededor de unos pocos polos de desarrollo, mientras la mayoría de nuestras regiones han sido abandonadas. Falta de oportunidades, pobreza estructural, marginalización, desconexión con los mercados nacionales e internacionales. Esa sigue siendo la realidad constante de muchos de nuestros municipios. corregimientos y veredas. Un centralismo asfixiante estrangula la capacidad de la regiones, impide la autonomía local y margina a las comunidades en los territorios. Este abandono estructural combinado con el modelo extractivista, el narcotráfico y una visión colonial del desarrollo ha llevado a las élites a concebir los territorios como economías simplemente de enclave. Ese modelo que extrae las riquezas y no construye bienestar. Ese modelo que perpetúa la pobreza lo vamos a acabar con la revolución de los territorios en el segundo gran gobierno progresista que elegiremos en el año 2026. Ese gobierno se hará de la mano con quienes han resistido en el territorio, con las comunidades, con ustedes, nuestros pueblos que han sabido enfrentar la violencia muchas veces que se ha desarrollado en complicidad con los agentes del Estado, tienen mucho que enseñarnos en materia de resistencia. de dignidad y de organización, de lucha y de esperanza. Y para ellas y para ellos será nuestro segundo gobierno. No quea duda sobre eso. Compañeras y compañeros, permítanme explicar rápidamente el sentido principal de lo que llamo la revolución de los territorios, que hoy les propongo como continuidad y profundización de los esfuerzos que está haciendo actualmente nuestro gobierno presidido dignamente por Gustavo Petro Urrega. Se trata de una revolución pacífica de transformación social que responda al clamor del pueblo desde las regiones. Una revolución que construye con la participación activa de ustedes y con una institucionalidad democrática para actuar desde todos los rincones de Colombia. La transformación territorial tiene que traducirse, entre otras condiciones económicas, en el acceso universal al agua potable y el sanamiento básico, en vivienda digna, en una amplia red de vías terciarias, en el mejoramiento real de hospitales, centros de salud y escuelas, en el fortalecimiento de una educación integral y liberadora. y en la implementación de fuentes limpias de energía para avanzar en la transición energética, en el desarrollo rural, en la reforma agraria y en una transformación productiva que genere empleos dignos y oportunidades reales de vida. De igual manera, este proceso de transformación territorial implica condiciones políticas y de justicia para la democratización de los territorios, como por ejemplo el reconocimiento del campesinado, de los pueblos indígenas, de las comunidades afrodescendientes, de los jóvenes de las barriadas populares como sujetos políticos y de derecho. la protección efectiva de la vida del liderazgo social, la presencia territorial de los tribunales de justicia, también de la justicia agraria o jurisdicción especial agraria, la organización local de los diálogos de paz con participación de la gente, la participación de todas las comunidades en los procesos de decisión política y la posibilidad de que en las elecciones la población rural pueda votar en la proximidad y no tenga que ir días enteros trasegando para encontrar una mesa de votación, como lamentablemente va a ocurrir el próximo 26 de octubre. Por lo tanto, estas condiciones que planteo deben ser objeto de un programa integral de justicia social que articula múltiples esfuerzos que voy ahora a señalar. Uno de ellos, terminar el cumplimiento integral y la implementación del acuerdo de paz que se firmó en 2016. La reparación profunda de las regiones más golpeadas por la violencia, lo cual implica procesos de reparación integral y colectiva a las víctimas de la violencia, la integración verdadera del campo y la ciudad. Veamos algunas de estas tareas. Cumplimiento del acuerdo de paz. Una parte fundamental de la transformación territorial es el cumplimiento integral del acuerdo en cuanto a la práctica y a la ejecución de los planes de desarrollo con enfoque territorial PED. Cumplir con ese compromiso implica que en los próximos 4 años llevemos a cabo todas las obras, planes, diseños que se han llevado a cabo, entre otros departamentos aquí en el Cauca, para que estos PED puedan ser hoja de ruta construida desde las veredas y corregimientos, transformar los planes en realidad. Eso significa llevar el estado social de derecho a donde nunca lo ha llevado el centralismo actual. Segundo, pactos territoriales. En segundo lugar, impulsaremos con toda la fuerza y la voluntad popular los pactos territoriales, entre ellos el pacto territorial del Cauca, que es un ejemplo que significa construir el país desde la base. Es un destacado acuerdo entre el gobierno nacional, gobierno departamental, municipios y comunidades. Por primera vez, 42 municipios del Cauca están unidos en una agenda común de desarrollo agrupados en siete subregiones estratégicas. Este pacto prioriza la inversión social, el acceso al agua, vivienda, salud. Educación, transición energética justa, reforma agraria para el campesinado. En suma, el pacto territorial del Cauca es un plan concreto para la dignidad, la justicia y la igualdad. Hoy aquí ante ustedes me comprometo a cumplir hasta la última letra del Pacto Territorial del Cauca. Este no es un documento burocrático, es un mandato del pueblo caucano. Hablamos de 205 proyectos estratégicos con una inversión, óigase bien, de 27.6 billones de pesos. Cada peso de esa suma debe traducirse en agua limpia, caminos rurales, hospitales, escuelas, energías limpias y proyectos productivos para las comunidades. Esos recursos no pueden quedarse en promesas ni en oficinas. deben convertirse en vida digna para cada familia del Cauca. Así como en el Cauca, también en Nariño, en Catatumbo, en los Llanos Orientales, este gobierno ha iniciado proyectos y planes similares. Todos ellos hacen parte de un movimiento nacional para cambiar los territorios. Y mi tarea como presidente de la República será seguir avanzando por esa ruta que ha diseñado el gobierno del cambio en estos primeros 4 años de gobierno. Tercer punto, Plan Nacional de mías Terciarias. Junto a los pactos territoriales, a cumplir con los PED, está el plan nacional de vías terciarias, que yo llamo vías para la paz. Este plan debe llevar maquinaria, ingeniería y trabajo colectivo a los rincones olvidados del país. Sabemos que cuando llega una carretera llega la esperanza, llega el estado y puede llegar la paz. Con más de 30,000 km que necesitamos construir de caminos rurales, el campesinado y los pueblos que habitan los territorios del campo podrán sacar los frutos de su cosecha sin perder dinero y recursos valiosos en intermediarios injustos, ni pagar el precio del abandono. Vamos a fortalecer el Instituto Nacional de Vías Terciarias, creado por el gobierno del Cambio y trabajaremos, óigase bien, para que las juntas de acción comunal, las alcaldías y las comunidades sean las que construyen los caminos de la integración entre la ciudad y el campo. Cada kilómetro será un acto de justicia territorial con las comunidades históricamente sojuzgadas y olvidadas del país. Y como estos tres ejes, hay otros que son fundamentales. Pero ahora permítanme decir cómo lo vamos a hacer, porque esta no es una promesa electoral, este no es un discurso para ilusionarlos, es un planteamiento programático privado en función del bien común, mediante mecanismos como obras por impuestos y alianzas justas. Al final del segundo gobierno de la transformación social e histórica, tendremos territorios diferentes en Colombia, en los que no prime la guerra, la pobreza y la exclusión, sino el trabajo comunitario, la riqueza, la producción agraria, el bienestar y las oportunidades para la gente. Finalizo, compañeras y compañeras. Todo lo que les he dicho desde los pactos, pasando por las leyes, desde los caminos hasta las economías para la vida, forma parte, como lo dije, de una revolución democrática, pacífica de los territorios. Revolución porque rompe estructuras de desigualdad. Democrática porque nace del pueblo, pacífica porque se hace sin armas y territorial porque construye desde las raíces. Esta no es una revolución de un caudillo, es la revolución del pueblo consciente y organizado del poder constituyente, como lo ha dicho nuestro presidente Gustavo Petro Urrego. Sabemos que el camino no será fácil, los privilegios no se ceden resistencia, pero tenemos una fuerza mayor, la dignidad de nuestro pueblo. El Cauca, tierra que ha sufrido, es también tierra de esperanza. Será ejemplo nacional de cómo un pueblo que se levanta puede transformar la historia. Por eso los invito a mantener viva la participación, a cuidar los recursos, a exigir transparencia y a ser protagonistas de esta revolución de los territorios. Compañeras y compañeros, termino con esto. Nunca nos han regalado nada. Yo vengo del genocidio contra la Unión Patriótica. glorioso movimiento que intentaron inútilmente exterminar y cuyo genocidio le costó la vida a mi padre Manuel Cepeda Vargas, hijo de esta tierra. Hemos sobrevivido a toda clase de persecuciones y somos curtidas y curtidos luchadores sociales y populares. Que no crean que nos vamos a asustar o a Milan. Y lo digo por lo siguiente, se está señalando que el 26 de octubre no querían dejar que hiciéramos la consulta de la más importante fuerza política que existe hoy en Colombia, que se llama Pacto Histórico. Y ahora vienen a decirnos que la candidata o el candidato, espero yo ser el candidato, que ustedes elijan como presidente o futuro presidente de la República, no podrá presentarse a la consulta de marzo de 2026. Quieren usurpar nuestro derecho político a elegir y ser elegidos. Entonces, con la mayor tranquilidad, con la mayor consideración y con el mayor respeto, pero también con la mayor energía, voy a decir lo siguiente. Como precandidato y como candidato del pacto histórico, no permitiré que sean burlados los derechos políticos de una de las franjas más importantes de la población. Si nos quieren negar el derecho a participar en la consulta de marzo, haremos valer por las vías jurídicas, políticas, legales y constitucionales, nuestros derechos políticos. No será la primera vez que tengamos que hacerlo. Así que no se equivoquen. Quienes creen que pueden excluirnos no va a ser fácil con nosotros. No nos van a doblegar, no nos van a arrodillar porque somos una fuerza de la dignidad y del cambio. Así que, compañeras y compañeros, vamos con toda nuestra energía y nuestra potencia el 26 de octubre a llenar las urnas con los votos del cambio y la transformación para elegir nuestro segundo gobierno que será el de las revoluciones del cambio social. Adelante compañeras y compañeras.";"2357"
"OvqkFRLgI1w";"20251020";"DISCURSO DE IVÁN CEPEDA CASTRO EN CALI";"https://youtu.be/OvqkFRLgI1w";"Viva Cali, ciudad de rebeldía, de lucha y del estallido social. Que viva. Gracias a Cali por este enorme recibimiento, por tanto afecto a la juventud de Cali, a la juventud de la primera línea. Va mi primer saludo emocionado. Como ustedes pueden ver, me encuentro muy bien rodeado de mis compañeras y compañeros del Pacto Histórico y en primer lugar de las compañeras y el compañero que generosamente declinaron su aspiración presidencial para apoyar mi precandidatura, la actitud de María José, de Gloria, de Susana, de G Bolívar nos muestra que es posible construir nuestra unidad con la generosidad y la grandeza del proyecto político que somos, el más importante que hay en Colombia, la gran fortaleza que es hoy el pacto histórico, la fuerza que transforma a Colombia en un país justo, libre, democrático. y en paz. Pero no solamente estoy rodeado de mis compañeras y compañeros, sino que también tenemos una nómina de excelencia para la consulta del 26 de octubre al Congreso, tanto al Senado de la República como a la Cámara. Y pido a precandidatos y precandidatas que me acompañen aquí en esta tarima para que puedan ustedes conocerlos y votar por ellos y ellas. Por favor, les pido que vengan aquí a la tarima candidatas y precandidatos para que nos veamos fuerte. Es un sitio nueva a ver. Venga, pues. Estamos todos. Muy bien, compañeras y compañeros. Hoy debemos recordar al país quién es Gustavo Petro Urrego, nuestro digno presidente de Colombia. Gustavo Petro no es un líder político que se arrodilla ni ante los poderes mafiosos en Colombia, ni ante el imperio estadounidense. Tu nombre es digno, que sin arrogancia, que sin altanería, proclama que Colombia es una patria soberana y digna y tiene una política frente al narcotráfico que en este gobierno ha tenido resultados concretos y que ha pagado con la vida de cient de sus servidores públicos, el enfrentamiento con las mafias y los carteles de las drogas ilícitas. En cambio, en Estados Unidos, hay que recordarlo aquí hoy, hay un mercado de 5 millones de consumidores de cocaína, fentanilo y otras drogas ilícitas. Le preguntamos desde aquí al presidente Donald Trump, ¿qué está haciendo él en la lucha contra el narcotráfico? ¿Con qué autoridad moral tilda el presidente Petro de narcotraficante? No permitiremos que se mancille, no permitiremos que se mancille la honra de nuestro presidente, ni tampoco que se desate el intervencionismo militar en contra de Colombia y la región. Muy bien, Petro. Que me cambien el micrófono. Se vive, se siente. Se vive, se siente. Igual está presente, se vive. Gustavo Petro. Cuando todo era silencio, impunidad y complacencia con el paramilitarismo, con la parapolítica, tuvo el valor de pararse en el Congreso de la República y solitariamente denunciar a los poderes más tenebrosos que había en la sociedad colombiana. fue a través del control político, fue a través de decir la verdad en público que Petro puso el ejemplo para derrotar a la parapolítica en un momento en el cual emergía la extrema derecha uribista como el poder que quería controlar nuestras vidas y que quería controlar el estado colombiano. Yo soy, compañeras y compañeros, un modesto y humilde seguidor del ejemplo de Petro, puesto que mis debates de control político los puse también al servicio de esa causa. Y luego de hacer esos debates, luego de denunciar los nexos probados de Álvaro Uribe con el paramilitarismo y el narcotráfico, he librado durante 13 años una batalla jurídica que lo ha llevado a una condena en primera instancia y que yo espero que el próximo martes se ratifique en una condena judicial de segunda instancia. Gracias, gracias. Esos somos nosotros y nosotras, los dirigentes y militantes del pacto histórico, curtidos luchadores sociales, que no transigimos de ninguna manera con los poderes criminales y mafiosos, por muy tenebrosos que sean. Y así lo seguiré haciendo como presidente de la República en el año 2026. Porque vamos a triunfar, porque ya se siente que vamos a triunfar porque la consulta que estamos haciendo ha desatado enormes temores en la extrema derecha. A tal punto que quieren evitar que la hagamos, a tal punto que quieren invalidar nuestra presencia en la consulta de marzo para el Frente Amplio. Tienen miedo de que reeditemos el segundo gobierno progresista de la transformación histórica y social que beneficia al pueblo colombiano como precandidato del pacto histórico, debo ser absolutamente claro en lo siguiente. No permitiré que los derechos políticos de nuestra colectividad sean negados y violados. Participaremos en la consulta interpartidista de marzo de 2026 y triunfaremos también en esa consulta. ¿Por qué? ¿Por qué estamos triunfando y vamos a triunfar? Bueno, entre otras razones porque además de tener los liderazgos políticos, jóvenes, estudiantes, jóvenes de bargadas populares, mujeres, madres comunitarias, cooperativistas, luchadores campesinos, pueblos ancestrales, luchadores sindicales, mujeres, bueno, también algunos varones de una edad un poquito más avanzada, hay que respetarlos también, por supuesto, porque somos una fuerza diversa que representa las luchas sociales del pueblo colombiano, pero además porque tenemos el mejor programa político de transformaciones que se le pueda ofrecer al pueblo colombiano. El gran programa del pacto histórico para convertir a Colombia en una gran potencia mundial de la vida. Ese sigue y seguirá siendo nuestro programa. En mi condición de precandidato hecho simplemente algunas sugerencias para poder profundizar el programa. He propuesto una revolución ética en Colombia. Quiero mucho. Esa revolución parte de la constatación de la terrible degradación moral que hay en nuestro país. Necesitamos elevar el respeto a la vida y la dignidad humana como el valor supremo de nuestra nación. No podemos seguir permitiendo los crímenes de esa humanidad, el genocidio, el desplazamiento, las masacres, los asesinatos de líderes sociales. Debemos elevar las víctimas, las 10 millones de víctimas como referente moral de la vida, la verdad y la justicia. y gobernaré para las víctimas también como una población central de mi gobierno y de su programa. Habrá reparación para las víctimas. Eso es nuestro presidente. Presidente, no podemos seguir tolerando el patriarcado y el machismo infame que llega al feminicidio. Tenemos que respetar por encima de todo los derechos de la mujer, enaltecer su papel y su capacidad decisoria política en la sociedad. Presidente, si usted habla, necesitamos enfrentar la corrupción, la gran corrupción y los invito, las invito a una rebelión ciudadana contra la gran corrupción. Se debe respetar los recursos públicos y destinarlos para el bien del pueblo colombiano. Por eso necesitamos una revolución ética. Pero además he propuesto que profundicemos. He propuesto que profundicemos la reforma agraria. Necesitamos avanzar hacia una revolución agraria que en primer lugar siga distribuyendo la tierra y formalizando la tierra para el campesinado. 700000 hectáreas lleva el gobierno ya. amigo, estar contigo. Necesitamos que el campesinado sea respetado en sus derechos plenamente y en su condición de sujeto de la economía y del desarrollo del país. La economía campesina es el gran motor de la economía nacional para convertirnos en una potencia agroalimentaria, para bajar la inflación. para hacer que los alimentos se abaraten, para acabar con la pobreza, para hacer que desaparezca el abismo que hay entre la ciudad y el campo. Más apoyo, más dineros del presupuesto, más infraestructura para el campo. Ese es el compromiso del segundo gobierno de la transformación histórica progresista. Presidente, presidente, una revolución agraria que respete los páramos, el agua, la biodiversidad amazónica. El respeto y la protección de la naturaleza es el mismo programa de la revolución agraria, que es una revolución de biodiversidad y de riqueza natural de nuestra nación. Bravo, presidente. Tercera revolución, la revolución social para los integrantes del pacto histórico. A diferencia de la extrema derecha, los pobres no son despreciables. Nosotros no vemos a la población que vive en la exclusión, en la miseria, en la situación de aislamiento territorial, como gente que sobra en nuestra nación, como los descartables, como diría el Papa Francisco. Para nosotros, la gente que vive en la pobreza, merece la mayor atención del Estado colombiano, no los miserables subsidios, sino una política real contra la pobreza para lograr superarla y para lograr eliminarla como un problema esencial de nuestro modelo económico. Presidente, nuestra revolución social valora a la gente que vive en las peores condiciones. Nosotros no despreciamos a los pobres ni tampoco consideramos que la clase media de este país deba ser sometida a la incertidumbre de la codicia y de la avaricia de la de quienes tienen en sus manos la mayor riqueza. Necesitamos una política social en la que ganemos todos, no solamente los ricos de siempre, sino que sea todo el país el que se beneficie de nuestra enorme riqueza como nación. Riqueza natural, riqueza humana, riqueza social. Podemos ser una nación justa, equitativa y viable, en la cual todos tengamos oportunidades y progresemos. No tenemos por qué seguir siendo una nación de castas y estratos sociales. Que viva la igualdad social, compañeras y compañeras. Necesitamos que la reforma laboral, la reforma pensional sean protegidas, consolidadas y las podamos seguir adelantando sin que haya ningún obstáculo para que todos los trabajadores y las trabajadoras de este país tengan unas condiciones dignas de empleo. y para que quienes han dedicado su vida, así sea en la llamada economía informal, a una labor, puedan obtener un beneficio, así sea mínimo por ahora en materia pensional. Pero además necesitamos la reforma a la salud, la reforma a la educación pública, la reforma que pueda llevar a los territorios el bienestar y no solamente a las grandes ciudades. Necesitamos cambiar los territorios de este país para que la paz sea posible, uniendo el campo con la ciudad, dejando atrás la historia de municipios, corregimientos y sitios que son menospreciados por el centralismo asfixiante que impera hoy en Colombia. Presidente presidente y por último, una revolución política. Necesitamos que en Colombia los ciudadanos y ciudadanas, las organizaciones sociales no sean meros espectadores de las decisiones del Congreso de la República. Debemos transformarnos en un poder constituyente que es el que ordena y manda. No es el Congreso, no son los políticos desde las oficinas, no es el centralismo bogotano, es la gente y la democracia la que debe imperar en Colombia. Y para eso, como lo he dicho, estamos dispuestos a un diálogo nacional, a encontrar un acuerdo con los sectores más poderosos, pero que sean serios, que no intenten engañar de nuevo al pueblo, porque tendemos nuestra mano generosa para un acuerdo nacional, pero también estamos listos para salir como lo hicimos en estallido social a luchar compañeras y compañeros, el 26 de octubre vamos por nuestra primera gran victoria. todas y todos a las urnas a ganar nuestra consulta y avanzar en la segunda fase del gobierno progresista que hará de las reformas, de los cambios, algo irreversible para Colombia. Que viva Cali, que viva Colombia, que viva, que viva, que viva.";"1818"
"qGUtiBMb_Fk";"20251021";"RUEDA DE PRESA IVAN CEPEDA CASTRO 21 de octubre 2025";"https://youtu.be/qGUtiBMb_Fk";"Gracias y doy una cordial bienvenida y un saludo a todas las personas de los medios de comunicación presentes en esta rueda de prensa. Bueno, lo primero decir lo siguiente, con la misma tranquilidad y serenidad con la que nosotros recibimos la decisión de primera instancia, una decisión ejemplar de la jueza Sandra Heredia de condenar al expresidente Álvaro Uribe con esa misma serenidad, digo, recibimos hoy la decisión de una parte mayoritaria del Tribunal Superior de Bogotá, eh concretamente de una de sus salas, la sala penal. Eh, señalamos que en la lucha larga por la justicia como víctimas y abogados, eh hemos aprendido a esperar con toda la paciencia, con toda la tranquilidad y con toda eh también con el talante democrático que nos caracteriza pues las distintas decisiones, unas a favor, otras en contra, como la que se presenta hoy. que respetamos como decisión de la justicia, pero sin lugar a dudas no compartimos. Y este es el segundo eh aspecto de lo que queremos decir. Eh, en la decisión mayoritaria de esta sala advertimos en primer lugar ausencia de valoración probatoria en los hechos jurídicamente relevantes. fueron ignorados de una manera absolutamente clara, hechos que a nuestro modo de ver no solamente pruebas, no solamente, perdón, indicios, sino pruebas eh que son sustanciales, piezas probatorias sustanciales eh que obviamente apuntan a la responsabilidad de Álvaro UV, comenzando porque fueron excluidas las interceptaciones en las que Álvaro Uribe y Diego Cadena sostienen conversaciones que comprometen esa responsabilidad, una decisión que de entrada no compartimos. Eh, pero además no solamente fueron ignoradas esas eh pruebas y esos indicios, sino que también hubo una clara tergiversación en la lectura del magistrado Merchan de la eh pues la relación de esas pruebas, de los testimonios de muchos de los comparecientes en este juicio oral y también, por supuesto, de las relaciones entre Álvaro Uribe y eh varios de los intervinientes en todo este proceso y también de las personas que actuaron como cómplices de del aparato criminal que él dirigió en condición de determinado. Así que por supuesto no podemos estar de acuerdo con esa manera en como fue interpretado, como fue analizado cuando lo fue el acervo probatorio y eh las los distintos contextos de este proceso y como también decir que fue ignorada la responsabilidad del señor Diego Cadena, que hay que recordarlo de después de La decisión de primera instancia que condenó a Álvaro Uribe fue también objeto de una condena por parte de un tribunal de justicia. Eh, un hecho que pasa totalmente desapercibido en esta decisión que hemos escuchado en la mañana de hoy por parte del magistrado Merchánd. En contraste, hay que decirlo, puesto que es un aspecto fundamental de lo que también fue presentado, la decisión que eh asumió la magistrada María Leonor Oviedo Pinto en su condición de magistrada y de eh magistrada que presenta una posición disidente y un pues un voto disidente en este en este momento y en Esta decisión eh es un contraste eh a nuestro modo de ver absoluto con la posición mayoritaria en la que hay una injundiosa y eh seria y rigurosa valoración probatoria ahí sí y argumentos que echan por tierra de una manera bastante clara y concreta, doctrinal, eh las afirmaciones hechas por la ponencia mayoritaria. En ese contexto, entonces anunciamos claramente, como eh ustedes lo podrán ya deducir, eh que apelaremos al recurso de la casación, que estudiaremos incluso otros contextos como el sistema interamericano de derechos humanos, si es el caso. Eso no lo hemos decidido, pero eh entendemos que también es una posibilidad. Eh, y también eh el hecho de que hay otros contextos jurídicos que son eh concomitantes que vamos a examinar y que vamos a desarrollar. Así que eh contrario a cualquier ilusión que haya por parte de la defensa de Álvaro Uribe o de Álvaro Uribe mismo de que aquí termina este litigio judicial, pues debemos decir que estamos totalmente decididos a continuar el camino de búsqueda e de la justicia y de la verdad para las víctimas que hoy sufre efectivamente una negación. Eh, sentimos violados nuestros derechos como víctimas y por lo tanto vamos a seguir eh desarrollando como corresponde nuestra acción en derecho y en justicia. Eh, muchas gracias. M.";"716"
"Fy3yFLHxlVU";"20251022";"Intervención en plenaria 22 de octubre 2025";"https://youtu.be/Fy3yFLHxlVU";"Gracias, presidente. No suelo utilizar este atril para hacer mis intervenciones, ni mucho menos replicar asuntos de orden jurídico. Considero que hay que respetar los escenarios judiciales. Pero bueno, vengo escuchando de manera paciente las distintas intervenciones del Centro Democrático sobre la absolución de ayer y creo necesario poner las cosas en su lugar. Primer asunto. El expresidente Álvaro Uribe es el primer jefe de Estado condenado por la justicia. Eso no lo van a borrar de la historia. Segundo, este es un proceso que tiene 13 años de acumulación de pruebas, testimonios y además tiene la condena ni más ni menos que del señor Diego Cadena, considerado abogánster por él mismo. Tranquilícese, doctor Meel. Permítanos también, como yo lo he escuchado a usted con toda la tranquilidad, no se preocupe, simplemente escúcheme. Le pido que me escuche como yo lo escuché a usted tranquilamente. Entonces, el señor Diego Cadena, con quien el señor Álvaro Uribe tenía relaciones bastante sinuosas, en la mañana lo reconocía como abogado, en la tarde lo desconocía como abogado. Para unas cosas sí, para otras no. Para unas cosas era abogado de presentar en sociedad, para otras no. Pues obviamente ese es el pecado capital, la prueba reina que obviamente es inocultable porque Cadena también está condenado a 7 años de cárcel, que todavía no se ha hecho efectiva y está además, como si eso fuera poco, sancionado para ejercer su profesión por tres delitos distintos o tres faltas disciplinarias. Entonces, señores del Centro Democrático y señoras, sí hay una decisión judicial. Le agradezco a los señores por favor hacer silencio. Decía sí hay una decisión judicial en un largo litigio que va a continuar. Se los puedo garantizar, va a continuar porque hay otras instancias. Así que no crean que la impunidad que se ha logrado hoy es la última palabra bajo ninguna circunstancia. Y no solamente en este litigio, sino el de los falsos positivos, el de la escombrera, el de las masacres del aro y la granja, el de la muerte de Jesús María Valle. Así que todavía tenemos mucho por conversar y por zanjar que no crea el señor Álvaro Urie. Continúe, senador. Que no crea el expresidente y el señor Álvaro Uribe que ha llegado el reino eterno de la impunidad. Eso no es así. Y preparémonos porque este litigio, ustedes saben cómo lo llevamos nosotros de una manera rigurosa, seria y hasta las últimas consecuencias de la justicia. Habrá verdad, justicia, no decimos reparación porque no nos interesan los múltiples bienes cuantiosos que el señor Uribe tiene en materia de tierras y otras. Muchas gracias, señor presidente.";"438"
"KrRrL13tqpw";"20251022";"DISCURSO DE IVÁN CEPEDA EN EL ECCI EN BOGOTÁ";"https://youtu.be/KrRrL13tqpw";"Queridas compañeras, queridos compañeros, antes de hacer lo que vinimos a hacer aquí, que es invitar a votar, por supuesto, por dos grandes candidatos que tenemos aquí sentados, cuya credencial es la vida de luchas que han dado por este país, que son Hilma y Aliriu. Me permito hacer un par de comentarios. El primero tiene que ver con la decisión que hemos visto y escuchado hoy del Tribunal Superior de Bogotá, absolviendo en segunda instancia a Álvaro Uribe con un voto disidente de una magistrada, la magistrada Oviedo, que ha dado una clara muestra de lo que es realmente el rigor jurisprudencial de un magistrado de la República. Mi comentario es el siguiente: ""Es más persistente la lucha de las víctimas que la injusticia. Lo hemos visto en otros países, en Argentina, a las madres que salieron a reclamar por sus hijos desaparecidos, 30,000. Las tiraron de locas, las reprimieron, las persiguieron y a la postre llevaron a los tribunales, a los dictadores militares que desaparecieron a sus hijos. Las abuelas recuperaron a sus nietos y sembraron la memoria de lo que fue el fascismo en el cono sur de este continente. Eso también ocurrió en Guatemala. Eso ha ocurrido en muchas partes del mundo, pero aquí también ha ocurrido. Quienes me invitaron a asumir esta responsabilidad son las gloriosas madres de los hijos que han sido sacrificados en los falsos positivos o no sacrificados, asesinados, masacrados. Y también las madres que buscan a sus muchachos que están sepultados bajo toneladas de escombros. en un lugar que lleva ese nombre, la escombrera en Medellín. Y en ambos casos, el responsable de esos crímenes de esa humanidad es el mismo. Ambos fueron cometidos esos crímenes bajo la presidencia de Álvaro Uribe Vé. Entonces, quiero decir que lo que hoy se percibe tal vez para algunos como un triunfo, no es más que un momento en una larga lucha que hemos dado y seguiremos dando y que yo estoy persuadido que vamos a seguir ganando. por una venganza, no por un sentimiento de odio, sino porque en la sociedad colombiana tiene que brillar muy alto el sol de la verdad y de la justicia para las víctimas que regularmente han sido las madres de los muchachos y muchachas de las periferias, de las grandes ciudades, las mujeres campesinas, aquellas que han además más de padecido la violencia oficial, la violencia intrafamiliar y que son las protagonistas de las luchas más importantes que se han dado de derechos humanos en Colónia. Las madres, las mujeres, mujeres como las juezas que llevaron a Álvaro Urivia a una condena o las fiscales que también lo han llevado ante la justicia. Entonces, simplemente sin ningún tipo de animosidad ni de desespero, esta lucha es larga y repito, las víctimas somos más persistentes que la impunidad y por eso vamos a triunfar a la postre. La justicia va a prevalecer. Segundo mensaje que quiero dejarles, el presidente Trump ha tenido el descaro, la desvergüenza de llamar a nuestro presidente líder del narcotráfico. Quiero expresar en este auditorio mi más sentido rechazo e indignación ante semejante asunto. Presidente Petro merece todo el respeto porque es un líder nacional e internacional de la dignidad de los pueblos. El pueblo está narcotraficantes son aquellos que hay en Estados Unidos y que tienen infestado a ese país de un mercado de 5 millones de consumidores de cocaína que no decrece y que nadie descertifica. Además, porque aquí las certificaciones son unilaterales. Entonces, si vamos a sacar cuentas, quien es un luchador contra el narcotráfico es el presidente Petro y quien es un hombre que ha tolerado el narcotráfico es el presidente Donald Trump. Si vamos a poner las cosas en su justa medida y proporción. Y eso lo digo porque es necesario que hoy tengamos muy claro que la batalla nuestra es también por la soberanía, por la dignidad de nuestro país, porque siempre estamos dispuestos a construir un diálogo y una relación de cooperación con otros países, incluido Estados Unidos. Pero a lo que no estamos dispuestos y lo que ha dicho claramente el presidente Petro es a arrodillarnos y a suplicar que no se nos pisotee, sobre todo cuando está de por medio la paz de nuestra región, sobre todo cuando lo que se está gestando es una intervención militar, sobre todo cuando lo que quieren hacer es entrar a este país, bombardear como lo han hecho en otros países y han generado genocidios que están hoy en la impunidad. Eso no lo vamos a permitir. Por eso me uno a la invitación de Alirio Uribe a salir masivamente a las calles el próximo viernes, a demostrar que somos un pueblo digno, que no está dispuesto a dejarse mancillo. Es conmigo. Lo que es completo es conmigo. Lo que es conmigo. Estamos ante un momento crucial de la vida nacional en la que o en el que hemos demostrado ser la principal fuerza política del país. A mí me enorgullece también ver a los jóvenes, las y los jóvenes en esta tarima y escuchar sus mensajes. Nos dan profunda esperanza sobre lo que viene en este país. como fueron jóvenes los que sacaron adelante el estallido social, como han sido los jóvenes quienes han dado lecciones también en este país de renovación política. Entonces, estamos contentos de este escenario, estamos contentos con la institución colombiana. Muy bien. Somos la primera línea de la pacto histórico es la fuerza política más importante que tiene hoy el país y lo he percibido caminando las calles, las plazas, llenando auditorios, viendo que el alma de nuestro gran pacto histórico son los movimientos sociales, los pueblos ancestrales, las comunidades afrodescendientes, la gente del campesinado, las asociaciones juveniles y campesinas y de las juntas de acción comunal, los que no tienen techo, los que luchan por el agua, los que defienden el ambiente, aquellos que están en los lugares estratégicos de las luchas sociales y políticas de nuestro país. Ese es el pacto histórico y ese es el que vamos a sacar a votar el próximo domingo y que va a ser la fuerza que va a gobernar a Colombia a partir del año 2026. Y aquí tenemos en esta tribuna a dos de esos representantes que nos enorgullecen, a una educadora, defensora de derechos humanos, luchadora social y lideresza social, que ha defendido no con palabras, no con discursos, sino construyendo un proyecto educativo durante toda su vida. Esa es Gilma Gilma Gómez. Gilma ha hecho de la educación no solamente un motivo para movilizarse y para hacer lucha y política, sino ha hecho sobre todo de la educación un sentido de vida. es una educadora en todo el sentido de la palabra, en la educación formal y en la vida social, que es tan importante como en los colegios o en el colegio que ella ha sacado adelante como un proyecto vital y como un proyecto para la comunidad. Así que estoy seguro que cuando Gilma llegue a la Cámara de Representantes, como ocurrirá, será una gran congresista dedicada a defender los derechos, a defender a la gente, a defender a las nuevas generaciones, a los niños y niñas y a las familias de este país. y por otra parte, mi compañero, amigo, colega en múltiples planos Aliri Uri. Con Alirio tenemos una historia de vida tejida juntos. Hemos recorrido muchos caminos, hemos trabajado muchas iniciativas, hemos construido muchas realidades políticas, entre ellas esta que es nuestro orgullo, vamos por los derechos. Alirio no es solamente un gran abogado y jurista, sino también es un defensor de derechos humanos en todo el sentido de la palabra. Ser defensor de derechos humanos significa, compañeras y compañeros, tener un profundo sentido de humanidad, sentir el dolor realmente de los demás y sobre todo estar al lado de ellas y ellos cuando lo necesitan, a pesar de las persecuciones, a pesar de las amenazas y a pesar de los intentos por eliminarlo. Alirio Uribe ha sido consecuente y coherente con la defensa de las víctimas y de los pueblos ancestrales, de las comunidades campesinas, de lo mejor de nuestro pueblo. Alirio ha llevado procesos judiciales que nadie se atrevía a llevar en su momento y que él con su valentía y con su sapiencia jurídica ha sacado adelante. Mucho le debemos salir Uribe en este país. Así que no necesito decir que será un gran senador de la República. Ustedes ya lo han escuchado a él en su discurso. Bueno, y ahora voy a decir algo. Yo no quería entrar en estas cosas de candidatura porque uno tiene que hablar de uno mismo y eso a mí a veces me cuesta, pero más que hablar de mí, voy a hablar de lo que represento en este momento. Y esa responsabilidad es ni más ni menos que tomar la bandera de nuestro pacto histórico y de quien lo ha liderado en el gobierno el presidente Petro y sacar adelante el segundo gobierno que queremos hacer. gobierno progresista transformador. Algo puedo decir de lo que he aprendido del presidente Peto y lo he dicho ya, pero quiero repetirlo aquí. cuando todo era silencio y miedo en el Congreso de la República, cuando este proyecto que ahora se intenta volver a resucitar, pero que ya está muerto políticamente, el de Álvaro Uribe estaba entronizándose cuando todo era para política y paramilitarismo en altas esferas del gobierno, el presidente y Entonces, representante a la Cámara, Gustavo Petro tuvo la valentía, tuvo la entereza, tuvo el temple de pararse ante el país y señalar de una manera clara quiénes eran los integrantes de la parapolítica y por eso llegó a ser un congresista reconocido y escuchado y modesta Estamente cuando llegué al Congreso decidí tomar ese ejemplo y desarrollarlo y por eso llevé a cabo debates de control político que me han traído a 13 años de litigio, que continúa con el expresidente Álvaro Uribe, quien se podrá decir lo que se quiera, pero es el primer jefe de Estado que ha sido condenado por la justicia. Eso no lo borra nadie, eso quedó ahí. Entonces, estoy preparado para asumir este reto. Quiero decirles a ustedes y voy a hacerlo, voy a hacerlo con toda la responsabilidad, la dedicación, con todo el cuidado para no ir a equivocarnos sobre lo que considero es lo esencial de esto. Y es que el que gobierne tiene que obedecer al pueblo, no imponerle al pueblo. Es como dicen los pueblos ancestrales, mandar obedeciendo. Eso es lo que yo les propongo a ustedes como proyecto de ser un presidente de la República. Y para eso he escuchado atentamente durante años a la gente y he pronunciado ocho discursos hasta ahora. Algunos me reprochan, me dicen, ""Bueno, pero ¿por qué escritos? Porque quiero que quede claro lo que estoy diciendo. No quiero equivocarme en una palabra de lo que estoy diciendo. Ocho discursos y mañana les invito a escuchar el noveno. Vamos a tener un acto de cierre en Bogotá. Cordialmente invitados e invitadas. Allí hablaré. Ya les haremos llegar la publicidad. Ese es un sitio, una zona industrial. Vamos ahí a hacer una cosa en una, entiendo, en una carpa que va a haber. Eh, y ese noveno discurso quiero consagrarlo a lo que decía Alirio, al poder constituyente. He propuesto en esos ocho discursos y mañana en el noveno varias cosas y no voy a explayarme sobre ellas. La primera es una forma distinta de hacer política. es que nuestra vida como dirigentes políticos, mujeres y hombres, sea realmente una práctica de lo que decimos que queremos. No vamos a cambiar la política si nosotros mismos no cambiamos. Y eso significa que tenemos que ser austeros, que tenemos que ser respetuosos y coherentes en lo que hacemos. Y yo he intentado que esta campaña sea eso, una demostración de esa coherencia. No me he maquillado, no he eh pedido una gran empresa publicitaria que cambie mi imagen. Sigo siendo el mismo del primer día y espero serlo hasta el 7 de agosto del año 2030. No me he puesto a insultar a ningún candidato ni candidata, ni a hacer campañas sucias y mi campaña hasta ahora tiene uno de los más modestos recursos y presupuestos que hay, estoy seguro, de lo que se está haciendo en Colombia en materia de campaña electoral. Estamos en una campaña de pies descalzos con la gran solidaridad y el trabajo de muchas comunidades y organizaciones populares que han llenado plazas, auditorios, que han traído ollas comunitarias con su propio esfuerzo, sin las casas politiqueras, sin emplear miles de millones de pesos, porque somos eso, la fuerza ciudadana y la fuerza social puesta. al servicio del cambio. Y con esto cierro. He propuesto que pasemos de las reformas que ya Alirio en su discurso y Gilma también enunciaban como un gran logro de nuestro gobierno a una fase de profundizar esos campos de revoluciones en varios campos. Revolución no es sinónimo de armas o violencia. Revolución es un cambio esencialmente de conciencia política, que es lo que estamos viendo en el país. Hoy tenemos una ciudadanía, unos movimientos sociales, unas fuerzas políticas más conscientes, cada vez más fuertes en su conciencia. Por eso no es un tema de armas, no es de violencia. Desde aquí llamo a los grupos armados a que si son consecuentes los que hay que dicen tener ideología política, vengan, dejen las armas, hagamos diálogos de paz y contribuyamos al cambio social desde la legalidad política. Porque la fuerza no está en las armas, está en la conciencia de la gente, en su unidad, en su solidaridad, en su organización. Y por eso les propongo que hagamos una revolución ética, que es la primera revolución para cambiar la conciencia. Que acabemos con el machismo y el patriarcado. Que acabemos con el racismo. Que acabemos con el clasismo, con el odio hacia los pobres. Que acabemos con la violación de los derechos humanos y el menosprecio de la vida y de la dignidad. Esa es la revolución ética que propongo y a la cual contribuyen en primer lugar las víctimas de la violencia que han vivido en carne propia. Precisamente la muerte y el dolor. Revolución social y económica, revolución agraria para que Colombia pueda ser esa potencia que queremos agroalimentaria, que nos convirtamos realmente en un país cuyo motor es la economía campesina, la economía de la biodiversidad, la economía del agua que nos permita hacer lo que somos en un mundo físico, pero no en un mundo económico todavía. una potencia mundial de la vida, como dice nuestro programa. Eso es lo que queremos con esa revolución económica y social para acabar con la pobreza, para acabar con la desigualdad, para acabar con los territorios que han sido excluidos del desarrollo, territorios urbanos y territorios rurales. Aquí en Bogotá necesitamos hacer una reforma urbana que permita a la gente tener vivienda, educación, transporte, calidad de vida. a los jóvenes que les obligue a poder vivir tranquilamente sin tener que decidir si estudian o trabajan o trabajan y estudian o ninguna de las dos cosas y terminan metidos en el reclutamiento forzado con los grupos y las estructuras criminales. Eso es lo que necesitamos, una revolución social y económica. Y mañana voy a hablar de la revolución política. Esa no la adelanto porque es mañana. Por ahora lo único que les adelanto es que el domingo les pido el favor que voten por el número 51, por el número 44 para el Cámara del Senado y como decía el Papa Francisco, recen por mí, voten por mí, por favor. El 26. Viva Iván Cepeda, futuro presidente de Colombia. Iván Cep.";"2617"
"mXW5E9qzhe4";"20251023";"HACIA UNA REVOLUCIÓN DEMOCRÁTICA";"https://youtu.be/mXW5E9qzhe4";"I amigo, el pueblo está contigo. Iván amigo. Bueno, muy bien. Muchas gracias. Gracias a todas, a todos, a mis compañeros y compañeras del Pacto Histórico, excelentes precandidatas, precandidatos, a mis compañeros de lo que fue en su momento nuestro nuestra fraterna competencia por la Presidencia de la República. Saludo a todas las personas presentes, a los medios de comunicación y antes de proceder a leer mi noveno mensaje programático, quiero enviar dos dos mensajes particulares. El primero de ellos es el siguiente. Las víctimas somos superiores a la impunidad. Tenemos el poder de la verdad. Somos superiores moralmente a los victimarios. Tenemos la memoria de lo que ha acontecido y por eso prevaleceremos a pesar de todos los ataques, las decisiones injustas y a la postre habrá verdad, justicia y reparación para las miles de víctimas del expresidente Álvaro Uribe Vélez en Colombia. El pueblo estáando. Un barato, el pueblo está barato, el pueblo está. Y segundo mensaje antes de leer, el pueblo está. Presidente Gustavo Petro, aquí estamos con usted, presidente digno de los colombianos, que no se doblega y arrodilla ante ningún poder imperial. Aquí está su gente y aquí estamos para proteger nuestra soberanía y dignidad como nación y como pueblo. Las extremas derechas de Miami y Bogotá se han unido para hacer campaña electoral y quieren golpear al pacto histórico, a su presidente y a su gobierno como una forma de seguir sometiendo al pueblo colombiano a la injusticia y a la ignominia. No lo vamos a permitir, presidente Petro. es un líder internacional de la dignidad de los pueblos, que ha sabido elevar su voz contra el genocidio, contra la crisis climática y por la justicia internacional y las relaciones de respeto a los pueblos. Presidente, toda nuestra solidaridad frente a los ataques despiadados que vienen desde Estados Unidos. Y ahora sí, a lo que vinimos. Queridas compañeras y queridos compañeros, he decidido pronunciar el noveno de mis discursos programáticos, el último de esta primera etapa de campaña aquí en la ciudad de Bogotá. capital no solo de nuestro país, sino también de muchas de las luchas y conquistas más emblemáticas del pensamiento y la acción progresista. Bogotá ha sido el escenario de grandes transformaciones. Fue aquí donde gobernó quien hoy es nuestro presidente, Gustavo Petro Urrego, y donde comenzaron a tomar forma las primeras políticas que pusieron en el centro la vida y la dignidad humanas, la defensa de lo público y la urgencia de un cambio social real. Por eso, la experiencia de la Bogotá humana no solo marcó una nueva forma de gobernar, se convirtió en un hito fundamental en nuestro camino hacia una nación más justa y más humanista. Gracias, Bogotá rebelde y democrática. A sus movimientos sociales, populares y ciudadanos. Como dije, he elegido esta ciudad para presentar este noveno mensaje dedicado a esbozar mi propuesta de revolución política democrática que lleva o que implica ya el la última y la que completa mi propuesta general programática, cuyo título es el siguiente. Las tres revoluciones para una Colombia potencia mundial de la vida que presentaré ante el país completa el próximo día sábado para el pacto histórico. Mis compañeras y compañeros que me rodean. En eso consiste nuestra labor electoral, no en la política del espectáculo, ni en la compra de conciencias o el derroche de miles de millones de pesos de campañas de insulto y agravio. nuestro consiste en una propuesta pensada y dialogada con la gente que le ofrecemos al país para elegir en 2026, como con toda seguridad lo haremos, el segundo gobierno de la gran transformación histórica y social en Colombia para continuar la obra de nuestro digno presidente Gustavo Petro. A lo largo de estos discursos he empleado conscientemente la palabra revolución para definir la necesidad de intensificar, crecer y hacer irreversibles las transformaciones sociales que ya hemos logrado en nuestro primer gobierno progresista. ¿A qué clase de revolución hago referencia? La revolución que necesita Colombia debe ser pacífica, participativa y una transformación profunda, no meramente superficial. Cuando digo que debe ser pacífica, me refiero a que el cambio no puede surgir de la violencia. No es con las armas. sino con las conciencias. No es con la fuerza, es con la inteligencia y la imaginación del pueblo colombiano. Y en este sentido aprovecho esta noche desde aquí para hacer un llamado claro y directo a todos los grupos armados. Cesen sus acciones violentas contra la población civil. Respeten las normas humanitarias, no más asesinatos de lidererezas y líderes sociales, no más persecuciones a quienes firmaron la paz. Les invito a dejar atrás la vía armada y sumarse al camino del diálogo de la transformación pacífica de Colombia. Bravo. Estas revoluciones de las que hablo también son participativas, es decir, democráticas. no pueden ser impuestas desde arriba por el caudillo o por un partido autoritario de turno. Se trata de un verdadero cambio social que nace de la conciencia colectiva, del deseo reflexionado y voluntario de una ciudadanía organizada que construye su destino desde la base. Y finalmente debe ser una revolución profunda que transforme de verdad. No basta con maquillajes institucionales o reformas simbólicas. El cambio debe tocar las estructuras, cuestionar las costumbres, cambiar las mentalidades. Por eso es un proceso que toma tiempo, que requiere paciencia, compromiso y visión a largo plazo estratégica como la que tenemos desde el pacto histórico. hacia una transformación de largo aliento en Colombia que estamos sembrando apenas en estos gobiernos. Nuestro segundo gobierno progresista representa también un segundo paso en ese camino de transformaciones, un paso hacia un cambio que debe ser, óigase bien, irreversible para Colombia. Compañeras y compañeros, he hablado de revoluciones en tres grandes campos. Una revolución, en primer lugar ética, que significa por su esencia un hondo cambio en el campo de la conciencia, de la cultura y de la educación. He hablado también de una revolución económica y social. la revolución agraria, la lucha por la igualdad social y contra la pobreza, la revolución de las transformaciones territoriales. Hoy les hablaré brevemente, lo prometo, de mi propuesta en el campo de la revolución política, de la democracia, de la paz y del poder constituyente. Necesitamos superar los males que han afectado y que afectan el ejercicio democrático en nuestro país. El miedo a la democracia de los más poderosos, el odio hacia los pobres y el desprecio hacia las capas medias. El conservatismo que se resiste a las reformas sociales, a cualquier cambio, por mínimo que sea, la violencia y el uso de las armas para zanjar los conflictos que han llevado desde la persecución política hasta el genocidio, la descomposición de la política por efectos de la macrocorrupción. Ese es el círculo vicioso del miedo, del odio, del egoísmo, de la violencia y la degradación de la política que impide que la gente, los jóvenes, las mujeres, los sectores sociales, quienes no tienen aparatos armados y mafiosos a su servicio, participen libremente en la vida pública. Eso es lo que tenemos que derrotar. y llevar a que sea una historia del pasado, una pesadilla que habremos superado en el futuro del la transformación progresista. De modo que hoy la consecuencia de esos males es un imaginario negativo sobre la política. La creencia en muchos de que sea cual sea el proceso o la ideología de turno, todo termina siempre en corrupción, mafias y violencia. Para contrarrestar esa imagen negativa, hay que recordar antes de que genere una peligrosa despolitización, que en nuestra sociedad también han existido mujeres y hombres que han sacrificado su vida y que han entregado con coherencia su esfuerzo por el pueblo colombiano. y que son nuestro referente ético de memoria, que son las personas que nos iluminan en este camino. Su ejemplo es el que nos anima a organizar y movilizar a la gente. Si queremos entonces abrir un nuevo camino político para el país, se hace necesario articular dos dinámicas que representa bien el pacto histórico. Por una parte, vamos a seguir fortaleciendo la movilización y el poder de los sectores populares y por otra, vamos a construir un verdadero acuerdo nacional que sea el resultado de un diálogo entre todas las fuerzas políticas, económicas y sociales y no simplemente la reproducción de un nuevo pacto elitista en Colombia. Bravo. Así que primero poder constituyente y movilización social, como ha dicho el presidente Petro y lo dirá el próximo viernes en la plaza de Bolívar, no podemos faltar esa cita histórica. Viernes 4 de la tarde. Necesitamos un poder constituyente activo, permanente, con capacidad transformadora. ¿Qué significa en términos sencillos el poder constituyente? Es una actitud y una práctica constante de la ciudadanía. Es el poder de la gente, no únicamente cada 4 años, sino todos los días. Es entender la democracia como un proceso siempre vivo, inacabado y siempre en construcción. Significa que el pueblo organizado en su diversidad puede y debe transformar las instituciones constantemente para que respondan al bien común. Comenzando por el Congreso de la República, no esperar a que los de arriba cambien las cosas, sino ejercer presión, iniciativa y control desde abajo. Sin duda, en nuestro gobierno ha crecido la conciencia política y el pueblo colombiano es cada vez más perceptivo y claro sobre cómo transformar la realidad. Esa es tal vez la mayor conquista que tenemos hoy en este gobierno. Porque un pueblo que despierta a la conciencia de la revolución social es imparable. y hoy lo somos en Colombia. Tenemos ya una ciudadanía que sabe movilizarse y reclamar, como lo vimos en las calles durante el estallido social de 2021, en las mingas indígenas, en las marchas de mujeres y en tantos otros escenarios. El pueblo colombiano no es apático, quiere participar, pero siente que las estructuras políticas están fallando. Entonces, nuestro deber es velar porque se haga realidad la participación desde abajo. son las élites y no son solo las élites las que deben entender esto. También nosotros y nosotras, dirigentes del pacto histórico, debemos curarnos de un mal que padecemos a veces, la sordera política, la indiferencia hacia los movimientos sociales y la única forma de dejar de ser sordos es yendo al encuentro de la en los territorios, en los barrios populares, allí donde se dan las verdaderas luchas de nuestro pueblo. Como lo ha pedido hasta la saciedad el presidente Petro, requerimos un poder constituyente, un poder ciudadano y popular, un sujeto de cambio que no pueda ser sometido ni doblegado. En nuestro segundo gobierno progresista nos proponemos desatar un amplio proceso de participación, deliberación y acción pública del movimiento social, de las organizaciones, de las comunidades y las ciudadanías. Este es un factor determinante para el cambio social e iniciaremos una época de movilización intensa para lograr que se produzcan las revoluciones y los cambios que queremos. Segundo, el acuerdo nacional que se soporta sobre el poder constituyente. Mi propuesta en consecuencia es que sobre el plano de la movilización y el poder constituyente fortalecidos, se desarrolle un diálogo nacional que conduzca un verdadero acuerdo de toda la nación. La movilización social y el poder constituyente en este caso, son la garantía de que no iremos simplemente a un pacto de élites o hacia un acuerdo de reformas cosméticas. Será el escrutinio y la vigilancia social la que impida que lleguemos a una concertación tibia y superficial que no resuelva los problemas de fondo del país. Óigase bien. Una vez elegido como nuevo presidente de la República, convocaré a todas las fuerzas políticas, sociales y económicas, comenzando por las organizaciones sociales y populares, a que conformemos la mesa de diálogo nacional en la que sin perder el en conversaciones retóricas y para decirlo en lenguaje popular sin carreta, definamos entre nosotros los siguientes puntos fundamentales. una agenda temática que deberá incluir necesariamente las reformas sociales que resta por hacer, la búsqueda de la paz en los territorios y en el país, un modelo diferente para tratar el problema del narcotráfico y la gran minería ilegal y también legal, la cuestión de las transformaciones territoriales. un cronograma en que lleguemos en un tiempo razonable al acuerdo buscado sin afanes pero sin dilaciones e igualmente uno o varios mecanismos de implementación de los acuerdos que pueden ser una Asamblea Nacional constituyente o leyes y reformas que adoptemos por una vía expedita. El problema de los acuerdos nacionales ha sido el que sean de élite o insuficientes en la participación real y decisoria de las organizaciones sociales y populares. El acuerdo nacional, en este caso, no será un club privado donde solo entran socios privilegiados mientras el pueblo se queda en la puerta sin ser admitido. En nuestro caso, el pueblo estará sentado en la mesa del gran diálogo nacional, pero también estará en las calles atento a si se requiere su movilización para garantizar que no sea burlada la voluntad del constituyente primario. Quiero concluir esta reflexión con una idea que nace de lo más hondo de mis convicciones. Después de dos décadas de intervenir en mesas de paz como facilitador, mediador y negociador, he llegado a la conclusión de que siempre es posible llegar a un acuerdo. No importa qué tan distantes estén las partes y sus representantes. No habrá paz completa en Colombia si la ciudadanía siente que no cuenta, que sus problemas no importan, que sus derechos no son respetados, porque la paz se construye hablando y escuchando, reconociéndonos todos como partes de un mismo país en el que cabemos con nuestras diferencias y diversidades. Porque el acuerdo nacional no se circunscribe al Congreso y a las reformas, significa llegar a un acuerdo fundamental y nacional que nos permita abordar los problemas de fondo. No le tengamos miedo a la democracia participativa. Tengámosle miedo más bien a perpetuar una democracia vacía y formalista que alimenta la frustración en el país. Avancemos y abracemos el desafío de liberar, de escuchar al contradictor, de buscar consensos desde la base, de lograr el acuerdo nacional. Así se teje la paz, reconociendo la dignidad de cada colombiano y colombiana. garantizando que nadie quede por fuera de ese diálogo de todas y todos. Compañeras y compañeros, vamos a terminar. Se vive, se siente Iván presidente. Se vive, se siente Iván presidente. Se vive, se siente Iván presidente. Se vive, se siente, Iván presidente. Compañeras y compañeros, llegó la hora de participación, de la gran participación. Somos la primera fuerza política en el país que organiza este 26 de octubre, a pesar de todos los obstáculos que nos han querido poner, una consulta democrática para elegir a sus candidatas y candidatos al Congreso de la República y a la Presidencia. Esa es la mejor demostración de que somos una fuerza organizada, amplia e incluyente que puede guiar los destinos de nuestra nación. Yo soy un hijo de nuestro gran pueblo que hoy tiene la responsabilidad de seguir adelante con la tarea que ha desempeñado con tanto merecimiento y sacrificio nuestro presidente Gustavo Petro Urrego. Andaré obedeciendo, escucharé dialogando. Hoy estoy listo con todas y todos ustedes para comenzar el segundo periodo que será de las revoluciones políticas, sociales y éticas que nos llevarán a ser una potencia mundial de la vida. Muchas gracias. Se vi se vive, se siente. Iván es presidente. Se vive, se siente. Iván es presidente.";"2552"
"hB-nT0e3ICM";"20251024";"DISCURSO DE IVÁN CEPEDA EN MONTERÍA";"https://youtu.be/hB-nT0e3ICM";"Queridas compañeras y queridos compañeros, me siento realmente emocionado al ver esta multitud de luchadoras y luchadores sociales. Saludo al movimiento de los sin tierra y sin techo. Saludo especialmente a las víctimas del paramilitarismo en el departamento de Córdoba. Saludo al Movimiento Campesino, saludo a las víctimas de la Unión Patriótica que sé que están aquí también presentes. Saludo a mis compañeras y compañeros del Pacto Histórico, precandidatas y precandidatos al Senado y a la Cámara, a los jóvenes, a las mujeres que con su lucha valiente han desafiado la violencia. a la gente de la Universidad de Córdoba, a todo el movimiento social popular de este gran departamento, como lo he hecho en otros escenarios, decir mis primeras palabras en solidaridad y respaldo a nuestro presidente quien viene siendo objeto de toda clase de ataques, calumnias, mentiras por parte del presidente de los Estados Unidos, Donald Trump. por ser un mandatario Petro, digno, respetuoso de otras naciones y otros pueblos, pero además un mandatario que no se arrodilla ante ningún poder imperial. Cuando el país estaba bajo el imperio del poderoso paramilitarismo, cuando los dueños de grandes extensiones de tierra arrebataban a los campesinos millones de hectáreas, cuando la Universidad de Córdoba era tomada por los jefes militares. Petro como representante a la cámara fue el primer congresista en elevar su voz valientemente para denunciarlo. Ha defendido a los campesinos de estas tierras, a la gente que ha sido victimizada por la violencia. ha defendido siempre que la gente pueda vivir con dignidad, salir de la pobreza, cultivar la tierra y hacer de Colombia una potencia mundial de la vida como la merecemos todos los colombianos. Y como el presidente Petro, muchos otros dirigentes políticos y sociales, mujeres y hombres, se han levantado en estos años para construir la justicia, reclamar la reforma agraria, reclamar que Colombia sea un país libre y soberano. Y muchos de esos líderes provienen de este departamento que es un ejemplo de luchas sociales y que personalmente ha acompañado en algunas de ellas. Debo decir que soy un modesto seguidor del presidente Petro en mis debates de control político en el Congreso, en mis luchas contra el paramilitarismo y también en las causas judiciales que llevaron a una condena en primera instancia judicial al expresidente Álvaro Uribe Vélez. Querida ayer fue o hace dos días fue absuelto en segunda instancia una decisión que por supuesto respetamos pero que no nos obliga. Podemos y acudiremos a la justicia hasta que haya verdad plena y justicia plena con relación a la responsabilidad. penal del dueño de la hacienda, el Uberrimo. Debemos, compañeras y compañeros, ahora elegir nuestro segundo gobierno de transformaciones históricas. Necesitamos llenar el Congreso, el Senado y la Cámara de dignos representantes del pueblo para que las leyes y las actuaciones del Congreso sean para el pueblo y no para una minoría y elitista que sigue legislando para su propio beneficio. Yo invito a votar por las mujeres y hombres que están en esta tarima el día 26 de octubre en la consulta del pacto histórico. Y en cuanto a mí, he dicho que seré consecuente defensor del pueblo colombiano cuando asuma el mandato del segundo gobierno del pacto histórico y de la transformación progresista. El 7 de agosto de 2026, estoy comprometido con la reforma agraria. Seguiremos entregando tierras y volviéndolas productivas para el campesinado, pero daremos un paso además. Vamos a radicalizar la reforma agraria. Yo la he llamado la revolución agraria, puesto que convertiremos la economía campesina, familiar y comunitaria en el centro de un proceso de desarrollo que nos lleve a ser una potencia agroalimentaria en el mundo. Necesitamos un plan nacional de vías terciarias para que el campesino, los campesinos puedan llevar sus productos a los grandes mercados de las ciudades. Necesitamos acabar con el abismo que hay entre ciudad y campo. Necesitamos que todos los municipios, corregimientos y veredas tengan agua potable, energía eléctrica. Necesitamos que los campesinos puedan producir sus alimentos y llevarlos con precios que sean justos a los mercados y que no pierdan con intermediarios que los dejan en la ruina. Necesitamos que el campo se transforme en el motor de la gran economía nacional del progreso y las oportunidades para que se acabe el hambre y la pobreza en Colombia. Este gobierno aspira a distribuir un millón de hectáreas al finalizar. Pues bien, compañeras y compañeros, seguiremos por ese camino. El campesinado tendrá tierras productivas y las hará producir para los grandes mercados de Colombia y del mundo. Que viva la revolución agraria. Pero en segundo lugar, no basta con la revolución agraria. Necesitamos luchar contra la pobreza, contra la exclusión y la desigualdad. Necesitamos que el próximo gobierno emprenda un programa masivo de vivienda para todos los colombianos que viven sin techo. No basta con la reforma agraria. Necesitamos la reforma urbana también que dé la posibilidad a quienes habitan en los cordones de miseria en las grandes ciudades, de tener una vida digna y próspera como todos los colombianos. Necesitamos que la contratación pública en Colombia no esté mediada por aquellos que utilizan los recursos del herario para enriquecerse con la corrupción. Necesitamos que el Estado pueda contratar con las juntas de acción comunal, las asociaciones de jóvenes, las madres comunitarias, las asociaciones populares de los barrios, para que sean esas organizaciones sociales la que las que también puedan emprender obras públicas, generar desarrollo y estimular la economía. popular. Vamos hacia economías populares y no solamente hacia la economía formal de las grandes empresas. Necesitamos, compañeras y compañeros, que el pueblo tenga capacidad decisoria. Necesitamos el poder constituyente del que ha hablado el presidente Gustavo Petro. que si el Congreso no quiere aprobar las leyes como la reforma laboral, la reforma pensional, la reforma a la salud, sea la movilización organizada y pacífica del pueblo colombiano, el que force las grandes reformas y la revolución social que requiere nuestro país para la democracia, la paz, y la equidad. Así que necesitamos fortalecer nuestras organizaciones. Necesitamos que las mujeres y los jóvenes tengan cada vez una mayor participación en la vida social y pública, capacidad decisoria y posibilidad de participación real en todas las esferas de la vida política. Necesitamos, compañeras y compañeros, la paz. Llamo desde aquí a los grupos armados a que respeten a la población civil, a que no amenacen y persigan a los líderes y liderezas sociales, a que respeten las normas humanitarias, a que renuncien al uso de la violencia y vengan al diálogo para construir juntos una nueva Colombia sin armas, sin guerra. sin violencia. Necesitamos, compañeras y compañeros, que el domingo todos nos levantemos a votar en la consulta del pacto histórico, por nuestras candidatas y candidatos y a votar por mí para ser digno sucesor del presidente Petro. En estos años hemos logrado ir derrotando poco a poco la violencia, el autoritarismo, la pobreza, la exclusión social. Pero debemos en los próximos 4 años consolidar nuestros triunfos, consolidar la reforma laboral, la reforma pensional, la reforma a la educación, la reforma a la salud, lograr la revolución agraria, lograr la lucha contra la pobreza que la erradique definitivamente, desarrollar la economía popular, generar vivienda, trabajo y progreso para todos y todas en este país que puede ser y debe ser, como lo hemos dicho, una potencia mundial de la vida en el que estén en el centro ustedes, el pueblo colombiano. Adelante, compañeras y compañeros.";"1241"
"wUdHFfZs7-Q";"20251027";"DISCURSO DE IVÁN CEPEDA TRAS LA VICTORIA EN LA CONSULTA DEL ";"https://youtu.be/wUdHFfZs7-Q";"Buenas noches. Último dato que nos entrega la la Registraduría 94.29% % 2,236000 sufragios, de los cuales todas nosotras y todos nosotros hemos obtenido 1,260,830 y contando y reconocer a mi compañera, colega en esta competición, Carolina Corcho, 567,440 votos y contando. El pacto histórico, sin duda, es la fuerza política más grande, más poderosa, más influyente que hay hoy en el país. No solo por esta demostración cuantitativa electoral, sino fundamentalmente porque ha hecho la apuesta por la democracia. Hemos demostrado que somos una fuerza esencialmente democrática que no le teme a la democracia y que se ha medido en las urnas con los ciudadanos y ciudadanas. Lo primero, por supuesto, es agradecerle a las más de 2 millones, probablemente 300,000 personas, ciudadanas y ciudadanos que han depositado su confianza y me han entregado este mandato como ya candidato del pacto histórico al próximo momento de este proceso. Deseo agradecer, por supuesto, a los ciudadanos y ciudadanas, pero en especial quiero hacer llegar mi voz, nuestra voz de gratitud a las y los campesinos de este país, a los pueblos indígenas, a las comunidades afrodescendientes, a la gente que en las barriadas populares sorteando inmensos esfuerzos ha logrado votar hoy a pesar de todas las dificultades que hemos visto se han presentado y en particular porque debo mi gratitud durante años de lucha a ese grupo humano que son las víctimas de este país, mencionarlas también en Por supuesto, quiero agradecer a mis compañeras y compañeros del Pacto Histórico, precandidatas y precandidatos, pero aquellos que dejaron en un momento determinado su aspiración presidencial y se convirtieron en piezas fundamentales de este triunfo, a quienes han recorrido el país en su condición de precandidatos y precandidatas al Senado de la República y la Cámara de Representantes y por supuesto a mi equipo de trabajo que has hecho una labor impecable, mis estrategas, todo mi equipo, por favor, desde aquí elevo una inmensa gratitud. Nuestros adversarios políticos tejieron una serie de obstáculos para poder llegar a esta instancia o mejor para impedirnos llegar a esta instancia. Debemos señalar que es realmente indignante, inadmisible que a estas alturas no tengamos personería jurídica como movimiento político después de semejante votación. Así que hago un llamado respetual, respetuoso, pero al mismo tiempo obhemente al Consejo Nacional Electoral. Ya es hora de que nos reconozca nuestra personería, porque no estamos hablando de un simple y pequeño grupo de ciudadanos. Somos, repito, la fuerza más influyente. Necesitamos que nuestra condición legal y jurídica sea sin más dilaciones, reconocida por el Consejo Nacional Electoral. Somos una franja decisoria en el país los partidos. Igualmente llegará el momento de hacer análisis, no con ánimo retaliatorio ni eh generar una discusión inútil, pero a la población rural no se le puede volver a excluir en este proceso electoral. ni a los colombianos y colombianas que residen en el exterior, ni a la gente que no puede tener acceso a una urna como cualquier ciudadano y tiene que recorrer distancias enormes para llegar a votar. Así que hacemos un llamado porque analizaremos los obstáculos que se presentaron, por supuesto, cómo fueron trasladados a última hora puestos de votación y también mesas que hubieran podido facilitar que nuestra votación fuera seguramente mucho más significativa de lo que ya es. Hemos hecho esta campaña con pulcritud, con austeridad y lo vamos a demostrar cuando presentemos nuestras cuentas que son, hay que decirlo, irrisorias, comparativamente hablando a lo que se gasta en los certámenes electorales. Hemos hecho una campaña sin insultos. No hay un solo candidato o candidata que haya sido calumniado, acusado falsamente, denigrado. Hemos respetado a cada uno de nuestros contendientes y así lo seguiremos haciendo en este camino electoral que nos está por delante. a seguir en el camino de la austeridad, del respeto, de la transparencia y de la ética, porque dijimos que esto es un programa que también incluye la revolución ética y esa no es una frase, es el comienzo de la demostración que se puede hacer política en Colombia de manera recta, transparente y sin corrupción. Amigo, el pueblo está contigo, Iván, amigo, el pueblo está contigo, Iván, amigo, el pueblo está contigo. Iván, lo dije al comienzo, pero lo reitero, nuestro reconocimiento a nuestra compañera Carolina Corcho, quien también ha tenido una victoria importante en este certamen electoral. porque ha obtenido una cantidad muy significativa de respaldos que valoramos y a quien invitamos a seguir tejiendo desde ya este camino hacia la victoria. Nosotros hemos dicho desde el comienzo, vamos a avanzar porque tenemos todos los ingredientes, todas las condiciones para construir un segundo gobierno progresista y de cambio en Colombia. No solo tenemos las candidatas y candidatos que hoy tienen un respaldo enorme de la ciudadanía y que han sido ya o que han pasado ya por el filtro de la primera elección en este proceso, sino en segundo lugar porque tenemos un programa, una propuesta programática que he presentado al país en el día de ayer y cuyo título es las tres revoluciones para una Colombia potencia mundial de la vida. Está a disposición de todas y todos ustedes para que discutamos, porque no voy a ir a debates, lo digo de una vez claramente, a insultarnos con otros precandidatos, ni a amenazarnos, ni a denigrarnos. Les hago el reto de que hablemos sobre ideas, propuestas, conceptos de país y no sobre amenazas, insultos, calumnias contra personas y menos contra el presidente de la República, Gustavo Petro Urrego, que merece todo el respeto en Colombia y en el mundo por la labor que ha hecho como jefe de Estado. Petro, Pedro, Pedro, Pedro, Pedro, Pedro, Pedro, Pedro. a las otras fuerzas políticas afines, que tienen un espíritu democrático, que quieren un cambio social en Colombia, que están dispuestas a caminar para construir una paz auténtica, para avanzar en las reformas sociales, en la revolución agraria que hemos propuesto. Las invitamos desde ya a sentarnos a discutir el camino para construir un gran frente amplio que ganará las elecciones en primera vuelta. Se vive, se siente. Iván presidente se vive, se siente. Iván presidente. Ese Frente Amplio que queremos. Presente, presente presente. Ese frente amplio que queremos no es una alianza electoral, es una fuerza política que queremos se construya sobre compromisos programáticos, no burocráticos y que sobre todo cumpla un programa como mandato popular a partir del 2026. Así que está hecha esa invitación desde ya. Por último, quiero reiterar esta noche nuestro respaldo y reconocimiento al presidente Gustavo Petro, quien ha sido nuestro guía y quien nos ha conducido a este punto y exigir en esta noche, especialmente para él, el respeto mayor, no solamente en la vida política del país, sino, repito, ante otros gobiernos. y ante otras instancias que quieren hoy intervenir de manera grosera en nuestra realidad política, social y económica. El presidente Petro merece todo el respeto y así su fuerza política lo hará también valer por la vía democrática y pacífica que nos caracteriza. Entonces, compañeras y compañeros, vamos hacia la construcción del segundo gran periodo de las transformaciones históricas que nos va a convertir en una nación. Potencia mundial de la vida, potencia agroalimentaria, sociedad auténticamente democrática, justa y libre. Muchas gracias. Irán, amigo, el pueblo está contigo.";"1212"
"KDB3z3hScKM";"20251213";"DE LA REFORMA AGRARIA A LA REVOLUCIÓN AGRARIA CON LA ORGANIZ";"https://youtu.be/KDB3z3hScKM";"Muchas gracias, queridos compañeros y queridas compañeras. Voy a leer un discurso que lleva por título lo siguiente. Se llama de la reforma agraria a la revolución agraria con la organización y la movilización del campesinado. Queridas compañeras y queridos compañeros, vuelvo a saludar al valiente movimiento campesino, esta vez desde mi querido San Nofre. Este territorio que hoy nos recibe con dignidad y esperanza fue hace no muchos años un oscuro epicentro del horror, un lugar que sin exagerar llegó a convertirse en uno de los más terribles campos de concentración y exterminio creados por la alianza entre la clase política sucreña Tenientes y paramilitares. Quiero agradecer la calidez con la que me recibe hoy el pueblo de Sanonofre. Para mí estar aquí es como regresar al hogar. Es el corazón del pueblo colombiano al que pertenezco y para el cual seré presidente de la República. Como muchas y muchos de ustedes recordarán, en el año 2008 participé aquí en este mismo parque donde estamos reunidos hoy en un acontecimiento que marcó la vida del país y mi propia vida personal. Puedo está contigo, mi gran amigo. El pueblo está contigo. Mi gran amigo está Estuve junto con el hoy presidente de la República, Gustavo Petro, en un acto público que demostró el coraje civil de la población de San Onofre y del campesinado sucreño. En aquel entonces, en 2008, venir a este acto, escuchar nuestros discursos podía costar la vida. Reinaba todavía el terror para militar en los montes de María. Y sin embargo, miles de personas llegaron aquella tarde desafiando el miedo, las amenazas y hasta los atentados contra liderezas y líderes sociales. Recuerdo bien sus rostros. En ellos el miedo comenzaba a convertirse en esperanza. Hoy veo rostros llenos de esperanza en el futuro de nuestro país. Luego de la intervención de Petro y de mi intervención, como ustedes también recuerdan, marchamos juntos a la hacienda al Palmar, un lugar que el país conoció como campo de exterminio bajo el dominio del carnicero de oficio Rodrigo Mercado Pelufo, alias Cadena, carnicero y verdugo de San Onofre. vivía en una mansión en Sincelejo, justo al frente de la casa del senador Álvaro García. dos casas lujosas, una frente a la otra, desde donde se repartían el control de San Oonofre, junto con otros políticos como Jairo Enrique Merlano y Muriel Benito Rebollo, todos ellos socios del señor Álvaro Uribe Vélez, hay que decirlo con toda claridad. Durante años, la comunidad de Sanonofre vivió torturas, desapariciones, ejecuciones, violencia sexual y como lo ha dicho el presidente Petro en esta misma plaza, fue víctima porque en Sucre la clase política convirtió la tierra improductiva en botín de poder y el mar en ruta del narcotráfico. Ese día en la hacienda El Palmar, bajo el gran árbol de árbol de caucho que aún se levanta en el centro de esa propiedad, nos reunimos juntos y el hoy presidente de la República tomó al campesinado el siguiente juramento con las manos en alto. Nunca más los montes de María serán sometidos a tanta injusticia y a tanto crimen. Y hemos cumplido, compañeras y compañeros, hemos honrado ese juramento. Avanzamos en el cambio social y en la reforma agraria, siguiendo el ejemplo de liderezas y de líderes campesinos que nos abrieron el camino, como la pionera de las luchas agrarias en este territorio, a quien rindo homenaje, felicita Campos, y el dirigente de los campesinos de la hacienda la Alemania, Rogelio a cuya viuda le doy un abrazo en esta tarde porque está aquí presente con nosotros. También debo decirlo a figuras emblemáticas de la lucha por la justicia y por la igualdad, como el alcalde del roble, Titoaldo Díaz, o como también nuestra querida compañera Ingrid Vergara, fundadores y fundadoras del Movimiento de Víctimas de Crímenes de Estado. Hoy podemos afirmar con orgullo y con sentido de responsabilidad histórica, que fue el pueblo de San Onofre quien transformó al país y a esta región. Lo hizo con su resistencia, lo hizo con su dignidad. A ustedes mi mayor admiración y orgullo, sanonofrinos y sanonofrinas. Logramos en estos años que los congresistas que promovieron la parapolítica fueran a la cárcel a pagar lo que le hicieron al pueblo. que su jefe Álvaro Uribe Vélez fuera condenado en primera instancia por fraude procesal y por soborno a falsos testigos y que el hermano de Uribe, Santiago Uribe, haya sido condenado a 28 años de cárcel por ser jefe paramilitar. Pero no solo eso, no fue solo la justicia. En marzo del año 2024, ustedes lo recuerdan, vino el presidente Petro a esta misma plaza nuevamente y en esa ocasión lo hizo para entregar haáreas de tierra que fueron compradas al empresario Carlos Cavalier. Me informan que desde ese momento 200 familias víctimas de la violencia, algunas de ellas descendientes de Felicita Campos, trabajan estas tierras y comienzan a ser productivas las tierras que fueron antes de los paramilitares y los parapolíticos. Las fincas Simba y Potosí, que suman 2000 hectáreas y que habían sido despojadas por el jefe paramilitar Cadena fueron decomizadas y entregadas nuevamente a los campesinos. Avanzamos también en la gestión para que la hacienda El Palmar pueda ser comprada por el estado y entregada a la comunidad de Sanonofre. Que esa tierra se vuelva en una despensa productiva, pero también en un lugar de memoria para que las futuras generaciones nunca olviden lo que pasó. en Sucre y en San Oonofre y en esa hacienda fatídica para que recordemos a las víctimas de la violencia. Hoy San Oonofre cuenta con una alcaldesa progresista, Marta Cantillo, a quien envío un saludo especial. Hoy Colombia tiene un presidente como Gustavo Petro y este proceso en 2026 va a continuar cuando ustedes me elijan presidente de la República para continuar la segunda fase de las transformaciones históricas, sociales y progresistas. Con todo a ganar, compañeras y compañeros, en las elecciones de 2026. Hola. Por estas razones, compañeras y compañeros, llevo a San Honofre en mi mente y en mi corazón, no solo en esta campaña, sino en mi vida. Ustedes encarnan los motivos de nuestra lucha para que nunca más un colombiano sea doblegado por la violencia, para que nunca más la pobreza y el olvido condenen a nuestros campesinos y para que la paz con equidad social sea una realidad en cada vereda y corregimiento. Ustedes me conocen, no vengo de la élite política. Vengo de las luchas sociales. Vengo a acompañar a las víctimas. Vengo a escuchar a los campesinos, a los indígenas y a los afrodescendientes. Vengo a luchar contra el clasismo, el machismo, el racismo, el desprecio a los pobres de este país. Yo haré un gobierno para el pueblo y del pueblo. Pero antes de llegar a ese punto, quiero reconocer en esta plaza el inmenso trabajo que ha hecho nuestro hoy presidente de la República, Gustavo Petro. Permítanme recordar rápidamente las conquistas emblemáticas que hemos construido juntos con el pacto histórico, porque es necesario mostrar que sí se puede gobernar para el pueblo, porque es necesario mostrar que este gobierno sí ha hecho transformaciones esenciales. En estos 3 años y medio. Menciono solamente algunas cifras. Colombia ha experimentado una transformación social sin precedentes. Más de 2,800,000 personas salieron de la pobreza monetaria y 420,000 de la pobreza extrema. La desigualdad también se redujo de manera significativa. Ha aumentado, óigase bien, 37% el salario mínimo y aumentará ahora más cuando logremos en esta negociación que tengamos un mejor salario mínimo para la gente. que han logrado 2,500000 nuevos empleos. Se duplicó el subsidio para los adultos mayores, beneficiando a más de un millón de personas a través del programa Colombia Mayor. Este gobierno, óigase bien, ha tenido una conquista histórica. Sin exageración. Es el primer gobierno que ha comenzado a desarrollar una verdadera reforma agraria. Se han comprado y se están distribuyendo 700,000 hectáreas de tierra. Se han entregado más de 270,000 ya a más de 70,000 familias. Y lo más importante de este proceso de reforma agraria, además de beneficiar a tantos hogares, es que eso se ha hecho sin derramar una sola gota de sangre. Hemos logrado una reforma agraria en paz pacífica, que beneficia dando tierras a los más pobres de la ruralidad sin que se utilicen las armas ni la violencia. Es sin lugar a dudas un avance que contrasta con lo que pasó en los gobiernos de Álvaro Uribe cuando hubo despojo de tierras a los campesinos, desplazamiento forzado y persecuciones. y el programa Agroingreso Seguro, que era para los campesinos más pobres, se le entregó a las familias ricas y terratenientes, que habían sido sus socios electorales. Eso nunca más vamos a permitir que pase. Los recursos de los campesinos son para los campesinos. Se han creado 17 zonas de reserva campesina. Se han formalizado 1,800,000 hectáreas. Se han comenzado a reconocer los primeros territorios campesinos agroalimentarios TECAM. Nuestro gobierno ha activado 610 comités en 29 departamentos para la reforma agraria y todo esto ha estado acompañado por el reconocimiento constitucional del campesinado como sujeto de derechos y estamos luchando para que se apruebe en ese mezquino Congreso de la República la jurisdicción agraria. para que podamos ir ante los jueces a resolver los litigios de tierras que hay en el país. Esta transformación social no solo la voy a defender, haré lo necesario para que se profundice y se haga irreversible. Vamos a trabajar sin descanso para acabar de una vez por todas la pobreza rural. y la pobreza urbana. Los subsidios que hemos entregado los vamos a transformar en derechos. Las poblaciones más marginadas y empobrecidas también han hecho un gran aporte a la nación. Los campesinos han producido, incluso en las peores circunstancias, los alimentos. Los pueblos indígenas y afrodescendientes han atesorado la memoria y el cuidado de la naturaleza. Las mujeres rurales y urbanas han sido cuidadoras de la vida. Los jóvenes que deben tener garantizado su derecho a la educación. Nuestro gobierno no entregará beneficios que sean dádivas caritativas. Va a darle a la gente los derechos a los que tiene acceso por la vida de trabajo, de esfuerzo que ha contribuido al desarrollo de la nación. Lo primero en nuestro gobierno será la población pobre. A ellos estará destinado mi mayor esfuerzo para que se acabe la pobreza. Crearemos programas universales que permitan el acceso a los derechos, la libertad y la dignidad. A uno de esos programas voy a hacer referencia a continuación. El pasado 11 de octubre dijen sincelejo que debemos pasar de la reforma agraria a la revolución agraria. ¿Qué entiendo? Por eso quiero añadir una propuesta hoy concreta y viable que será un programa central para avanzar en la revolución agraria, la compra estatal de la producción campesina. Mi propuesta es esta, que el estado compre un porcentaje de alimentos de la producción campesina en los municipios del país que se encuentran en situación de mayor pobreza, exclusión bajo el imperio del narcotráfico y de las economías ilícitas o en situación de violencia. La población campesina, indígena y afrodescendiente se le comprarán sus productos con el fin de que esa compra se haga por un lapso de tiempo que estudiaremos y entregaremos esos productos de manera gratuita para combatir el hambre en las grandes ciudades y para vender esos productos y alimentos en mercados populares campesinos. Me comprometo ante el campesinado a trabajar por una compra de los alimentos para que puedan ser competitivos en los mercados. Como lo dije, uno de los más significativos resultados de este gobierno ha sido la reforma agraria que ha logrado comprar miles de hectáreas a empresarios. Hemos demostrado que los empresarios y los campesinos podemos llegar a acuerdos. Haberlo hecho sin violencia y mediante compra de tierras a sectores poderosos del campo es la demostración que podemos construir la paz y la reconciliación en toda Colombia. Hay empresarios que quieren vender sus tierras, otras otros de ellos ya lo han hecho para hacer posible la reforma agraria. Con ellos estamos dispuestos a dialogar, no solamente a comprar las tierras para dárselas a los campesinos, sino a cambiar impuestos por obras que beneficien a los sectores más pobres de la ruralidad y del mundo urbano. Estamos dispuestos a trabajar con los empresarios de manera conjunta para que nuestro país avance y se convierta por fin en un territorio de oportunidades para todas y todos. Porque el progreso solo tiene sentido cuando es para todos. No podemos seguir alimentando la confrontación entre ricos y pobres. Colombia es una nación generosa, pródiga en ríos, tierras, selvas y mares. Nuestra riqueza debe servir para superar la pobreza y garantizar una vida digna a todas y todos los hijos de nuestra gran patria. Por eso estoy proponiendo el diálogo nacional con todos los sectores para poder lograr la paz y la reconciliación. a esos empresarios que quieren construir una nación justa y digna, toda nuestra disposición, pero a quienes nos oponemos, a quienes derrotaremos democráticamente, que desean perpetuar la inequidad, la pobreza, la corrupción o los negocios criminales que tanto le han hecho daño al país. a ellos y con ellos, con los corruptos y con los que se benefician de lo que ha construido el pueblo, les haremos una guerra sin cuartel porque no aceptaremos ninguna forma de corrupción. Como ustedes han visto, he iniciado encuentros y conversaciones con sectores del empresariado en desarrollo de lo que llamo el gran diálogo nacional. Mi propósito es transparente, que haya un diálogo directo, franco y respetoso, respetuoso entre ustedes, campesinos, y quienes han dirigido históricamente la economía formal de Colombia. Esta decisión es tan correcta que el expresidente Álvaro Uribe ni a los sectores de la extrema derecha les ha gustado. Por eso es que la voy a hacer con más aco todavía. Por supuesto. Uribe considera como parte de su talante autoritario y mezquino, que es dueño del empresariado y que se necesita su permiso para dialogar con los gremios. se equivoca gravemente. Colombia no necesita más odio ni más miedo. Lo que necesitamos es una conversación abierta entre todos los sectores del país. Ese diálogo no puede excluir a los campesinos, a los pueblos indígenas ni a las comunidades afrodescendientes. Todas y todos debemos sentarnos en la mesa del gran diálogo nacional para impulsar las transformaciones sociales que Colombia reclama. Y yo voy a encargarme de que en esa mesa estén sentados ustedes para que hagan oír su voz y reclamar sus derechos. Amigas y amigos campesinos de todo el país y de San Onofre, el pacto histórico del cual soy hoy candidato presidencial es el principal movimiento político en Colombia. Lo es no solo por su fuerza organizativa y electoral, que se mostró en nuestra consulta del pasado 26 de octubre, en la que a pesar de inmensos obstáculos obtuvimos más de 2,700,000 votos. Su mayor fuerza emana de que está profundamente enraizado en el alma del pueblo colombiano. Del pacto histórico hacen parte los movimientos sociales, el movimiento campesino, los pueblos ancestrales, indígenas y afros, los sectores juveniles de los barrios populares. Tenemos la gran autoridad moral de que en nuestras filas están las y los mejores luchadores sociales de Colombia. Por eso es que vamos a ganar y por eso es que seré presidente de la Revolución Agraria. Para ello, compañeras y compañeros, es mi invitación. Es imprescindible que ustedes realicen un proceso riguroso de control y garantías electorales. No debemos permitir que los puestos electorales vuelvan a ser movidos para evitar que la población campesina, los pueblos indígenas y los pueblos afrodescendientes no puedan votar el día de las elecciones. Ojo con eso, compañeras y compañeros. Exijamos que los puestos electorales estén de manera clara al acceso de la gente el día en que debemos votar. También los invito a conformar comités de campaña para movilizar a nuestro electorado, para que podamos controlar y cuidar el voto el día de las elecciones. Invito a organizar una gran movilización para elegir una gran bancada en el Congreso de la República del Pacto Histórico. invito a ganar con ustedes, campesinos, porque sin el campesinado no hay nación posible y sin justicia agraria no habrá nunca una paz verdadera. Por eso, compañeras y compañeros, que viva el campesinado colombiano, que viva nuestro presidente Gustavo Petro y el pacto histórico. Que viva Sanonofre. Que viva, que viva la revolución agraria. Vamos a ganar, compañeras y compañeros. A mover las banderas con fuerza. El cambio se queda. Votamos por Cepeda. El cambio se queda. Sanonfre abraza a nuestro querido presidente Iván Cepeda Castro. Banderas arriba. Agitemos las banderas con fuerza de nuevo. El cambio se queda. Votamos por Cepeda. El cambio se queda. Nuestro querido presidente, porque no es solo candidato, es el presidente de Colombia, Iván Cepeda Castro, va a escuchar los liderazgos del departamento de Sucre. de donde viene su corazón, su nervio, su sangre, su madre Gira Castro, su crea. Y por eso vamos a invitar a todo el pueblo de Sucre a votar por uno de sus hijos, por un sucreño más, por Iván Cepeda. El cambio se queda. Votamos por Cepeda. Cambio se queda.";"2859"
"FcNQJ2LD0pQ";"20260107";"SOLO UN GRAN MOVIMIENTO GLOBAL PODRÁ DETENER A LAEXTREMA DER";"https://youtu.be/FcNQJ2LD0pQ";"Queridas compañeras y queridos compañeros, voy a leer a continuación un discurso que he titulado de la siguiente manera: ""Solo un gran movimiento global podrá detener a la extrema derecha neofascista. Me complace estar en Madrid, corazón de Europa y tierra de acogida para miles de colombianas y colombianos, a quienes vengo a saludar con afecto como parte del diálogo político que he venido haciendo en esta campaña electoral. Un diálogo para escuchar con atención a la gran comunidad colombiana en el exterior, a las organizaciones que defienden los derechos de migrantes, refugiadas y refugiados y en general a las y los compatriotas que tanto aportan a nuestra nación desde otros países del mundo. Agradezco a quienes organizaron este maravilloso acto al comité de mi campaña y al pacto histórico. Me siento en casa, queridas compañeras y queridos compañeros. He venido también a saludar con afecto y reconocimiento a nuestras hermanas y hermanos de las fuerzas progresistas. español que tanta solidaridad nos han brindado en momentos decisivos de nuestra historia reciente. Esta es la ocasión para agradecer a España, a su gobierno, a su pueblo por la contribución que han hecho a la búsqueda de la paz en diversos procesos de diálogo que hemos adelantado. Gracias por aportar a la consecución de un hito histórico en la historia de nuestro país, el acuerdo final de paz de 2016. Gracias por apoyarnos cuando hemos afrontado la violencia estatal y la persecución por oponernos a los gobiernos de la extrema derecha. Gracias por apoyarnos ahora que somos el primer gobierno verdaderamente del cambio social. Gracias Enrique Santiago, gracias Irene Montero. Gracias Gerardo Pizarelo. Gracias compañeras y compañeros de la UGT. Gracias Pablo Iglesias que no está aquí, pero a quien queremos mucho. Y también gracias expresidente José Luis Rodríguez Zapatero, para solamente mencionar nombres muy distinguidos de una larga lista de la solidaridad en esta patria que consideramos hermanos. Vengo hoy al comenzar 2026 con la convicción profunda de que millones de personas que ya integran el pacto histórico y el pacto amplio junto a millones de compatriotas más elegiremos el segundo gobierno progresista de Colombia. Un gobierno que tendré el honor y la alta responsabilidad de presidir como sucesor de nuestro querido compañero presidente Gustavo Petro Urrego, acompañado de una sólida bancada parlamentaria que elegiremos el próximo 8 de marzo, de los movimientos sociales y de una firme alianza con las Fuerzas Democráticas de Colombia y de mi querida compañera María José Pizarro. Triunfaremos porque estamos profundamente arraigados en el corazón del pueblo colombiano, porque somos expresión viva de sus luchas históricas, de su programa colectivo y de sus sueños. de dignidad y de justicia. Por eso la gente nos quiere en cada territorio del país, por eso defiende con convicción los logros sociales que hemos que hemos podido alcanzar en estos años de gobierno y que continuaremos profundizando en los 4 años siguientes. Triunfaremos a pesar de la campaña sistemática que hoy despliegan la extrema derecha nacional e internacional, empeñadas en desestabilizar nuestro gobierno y someterlo, incluso apelando a la agresión y a la intervención militar. Mi intención inicial, compañeras y compañeros, era consagrar esta intervención a uno de los planteamientos centrales de mi concepción política y de lo que considero debe ser un eje del programa de nuestro segundo gobierno, la revolución ética, proyectando este importante concepto al pensamiento y a la acción global. tendrá que ser objeto de otro discurso en el futuro. Como ustedes comprenderán, no puedo omitir esta noche consagrar esta reflexión a la agresión militar de Estados Unidos en Venezuela, su significado y consecuencias. Y lo primero que debo decir con franqueza y claridad desde este escenario internacional, decirlo aquí y ahora. Que nadie se haga ilusiones, que no se equivoquen a nuestro gobierno y a nuestro pueblo. No lograrán arrodillarlo ni doblegarlo mediante insultos, presiones, amenazas o acciones militares. No somos una colonia ni un protectorado de Estados Unidos. Ni siquiera somos uno de los gobiernos incondicionales de esta potencia en nuestra región. No provenimos de ciertos sectores de la élite colombiana acostumbrados a la sumisión y a besar la mano de quien los desprecia. Exigimos respeto a nuestro presidente Gustavo Petro Urrego, quien representa hoy la dignidad y la soberanía de nuestro pueblo. En segundo lugar, debo decir a quienes desde un cómodo simplismo reducen lo ocurrido en Venezuela al derrocamiento de un dictador, que ignoran con ingenuidad o perversidad los verdaderos peligros que enfrentan hoy nuestros pueblos con esta nueva afrenta del gobierno del presidente Donald Trump. Debemos ser conscientes, sin paz, sin legalidad internacional y sin estabilidad, justamente tres condiciones básicas que resultan severamente lesionadas por la intervención estadounidense. No hay comercio, no hay prosperidad posible, no hay seguridad para nadie. Es necesario preservar a América Latina como zona de paz. En Colombia conocemos bien, demasiado bien los métodos que han empleado los gobiernos de Estados Unidos durante dos siglos para intervenir en nuestro territorio. También conocemos hasta la saciedad los efectos de esos métodos. El saqueo cruento de nuestras riquezas naturales que han hecho los empresarios y las grandes empresas multinacionales de Estados Unidos en nuestro territorio impunemente la intensificación de las violencias y las masivas violaciones a los derechos humanos que han dejado mal contadas hasta el momento 10 millones de víctimas. El empobrecimiento de la población, especialmente de la población rural. Colombia ha sido durante décadas el laboratorio y la plataforma de la injerencia política, militar y económica estadounidense en América Latina. Digo laboratorio y plataforma, porque nuestro país para solo hablar de la injerencia militar se ensayaron, aplicaron y luego exportaron toda clase de métodos de guerra como el bombardeo con Napalm contra las poblaciones campesinas, como ocurrió en Villarrica, Tolima, en la década de 1960. El genocidio como el perpetrado contra la gloriosa unión patriótica, la práctica de la tortura, la desaparición forzada, la guerra psicológica, la creación de la doctrina de seguridad nacional, la tesis del enemigo interno, el nefasto plan Colombia, el conteo de cuerpos o falsos positivos, la llamada guerra contra el terrorismo, la financiación del paramilitarismo y sus masacres por parte de las compañías multinacionales, la promoción de la industria del mercenariato para solo mencionar algunos de esos terribles métodos. Todas esas modalidades fueron consignadas, aprendidas y aplicadas a través de manuales de guerra. formación en la Escuela de las Américas y Misiones militares estadounidenses. Pero entre todas esas doctrinas y prácticas, tal vez la que peores secuelas ha traído es la llamada guerra contra las drogas, que ha demostrado que el remedio puede ser peor que la enfermedad o incluso que el remedio es la enfermedad misma. Colombia lleva más de medio siglo de ser un gigantesco laboratorio de una política criminal, cuyo más cuya más grande consecuencia es que la práctica de la guerra que se sabe condenada al fracaso conduce al fortalecimiento de las estructuras del narcotráfico. Llevamos mal contadas seis generaciones de organizaciones, redes, ejércitos y clanes narcotraficantes. Esta guerra, como lo hemos visto por estos días, en el caso de la intervención en Venezuela, ha sido utilizada como el gran pretexto para otros fines estratégicos, como el saqueo de nuestros recursos naturales y en particular el petróleo. Esta fracasada guerra ha costado, en nuestro caso, la erosión de la democracia, la degradación de las instituciones, la destrucción del campesinado, la concentración de la tierra como parte del lavado de activos, la perversión del sistema financiero, el crecimiento exponencial de la corrupción en el estado y la descomposición de la ética pública. Pero además, esta fallida guerra es el instrumento privilegiado para ejercer la dominación sobre nuestros gobiernos a través de tres instituciones oprobiosas: las extradiciones unilaterales, la certificación también unilateral en la lucha antinarcóticos y la intrusión encubierta o frontal de la DEA, del FBI y de la CIA. y sus agentes estadounidenses o nacionales en nuestra vida política y social. Y el colmo de la desvergüenza de esta guerra y sus peores métodos es que su más fanático defensor en Colombia, el expresidente Álvaro Uribe Vélez, junto a su hermano Santiago, condenado hoy por la justicia colombiana a 28 años de cárcel, construyeron su poderío económico. construyeron su poderío económico en estrecha relación con los clanes narcotraficantes, con el clan Escobar, con el clan Ochoa, con el clan Gallóno, con el clan Cifuentes Villa, solamente para mencionar algunos de los socios de Álvaro Uribe Vélez en Colombia. De esas relaciones con el narcoparamilitarismo colombiano del expresidente Álvaro Uribe, no hemos escuchado una sola palabra del presidente Donald Trump ni de su secretario de Estado, Marco Rubio. cómplice absoluto con el narcotráfico colombiano. Yo reitero, bajo mi gobierno haré todos los esfuerzos necesarios para replantear ese viejo paradigma, para poner en la agenda del debate internacional este flagelo que ya es global y para buscar un modelo diferente, muy diferente de tratamiento del problema de las drogas de uso ilícito, que releve a nuestra nación de la carga exclusiva de resolverlo a costa del daño ambiental, del deterioro del territorio y del sufrimiento de nuestra población. Pero hablemos ahora del presente. En los últimos años hemos asistido al surgimiento de una suerte de internacional de la extrema derecha. En esta etapa de decadencia del neoliberalismo y de crisis del poder imperial estadounidense, la extrema derecha ha asumido una nueva forma histórica. se ha convertido en una internacional neofascista. ¿Y esto qué significa? Significa que esa corriente se nutre de las expresiones más retrógradas, instrumentales, violentas, corruptas y discriminatorias que ha conocido la humanidad. El desprecio por los pobres y los excluidos, la aporofobia, para decirlo en el lenguaje de una filósofa española, Adela Cortina, la xenofobia y el odio a migrantes y extranjeros, la misoginia, la homofobia y el racismo de estado, la depredación sistemática de la naturaleza, el autoritarismo, la obsesión por la violencia, el genocido, el militarismo y el fetichismo de las armas. Todo esto en línea con la revitalización del decadente imperio estadounidense que vuelve a proclamar, como lo hiciera también, recordémoslo, en la primera mitad del siglo XX, el tercer ra, la idea de que un imperio requiere un espacio vital. para el mantenimiento de su poderío y que en el caso de Estados Unidos ese espacio vital es el hemisferio occidental y también encarnando un proyecto que sueña con salvar a una élite superrica y que ha perdido toda barrera moral mientras empuja al resto de la humanidad al abismo. En otras palabras, por su concepción, por su forma de actuar y por su estrategia global, la extrema derecha neofascista se ha convertido en uno de los factores más peligrosos para la seguridad, el bienestar y, en última instancia para la supervivencia misma de la humanidad. Esta amenaza no es abstracta, se expresa en redes internacionales que coordinan su acción política, militar, mediática y económica. Miami y el estado de la Florida se han consolidado como los principales centros de articulación de este proyecto en nuestro continente, espacios donde confluyen el supremacismo estadounidense y las extremas derechas latinoamericanas. Ahora bien, como lo decía, lo nuevo es que esa extrema derecha tiene un programa político claro que comienza a aplicar en el hemisferio occidental. El pasado mes de noviembre ocurrió un hecho trascendental que ha pasado prácticamente desapercibido y que explica la lógica de lo que estamos viendo hoy. Se dio a conocer el documento que define la estrategia de seguridad nacional de los Estados Unidos de América, que proclama la imposición de un supuesto nuevo orden mundial. Entre sus ejes centrales se encuentra la defensa abierta de la agenda de las derechas globales y el llamado corolario Trump de la doctrina Monro. Recomiendo vivamente la lectura de ese capítulo del documento de estrategia de seguridad nacional. El corolario Trump es precisamente la concreción del concepto de que el hemisferio occidental es el espacio vital de los Estados Unidos de América. Este corolario contenido en el documento que estoy comentando dice de la siguiente manera. Comillas, tras años de descuido estratégico, Estados Unidos reafirmará y hará cumplir y hará cumplir, óigase bien, la doctrina Monro con el fin de restaurar su preeminencia en el hemisferio occidental, proteger el territorio nacional y asegurar el acceso a zonas geográficas clave. Ninguna potencia extrahemisférica deberá posicionar fuerzas militares, capacidades estratégicas o adquirir control de activos críticos dentro del hemisferio. Es decir, Estados Unidos comprende nuestras naciones latinoamericanas como parte de su cuerpo como potencia, su espacio natural y su propiedad. De ahí que dicta unilateralmente las reglas del juego a seguir, la manera en como explotará sus recursos, nuestros recursos en beneficio propio. Para este fin, óigase bien, dice el corolario, habrá reajustes del despliegue militar para controlar puntos estratégicos, vías marítimas y el espacio aéreo, diplomacia comercial que implica toda clase de presiones y chantajes comerciales y arancelarios. Esa vieja doctrina intervencionista reforzada por Trump divide las naciones en general y las latinoamericanas en especial en dos categorías: los gobiernos sumisos y funcionales a sus intereses y aquellos que se portan mal, es decir, que son soberanos y tienen una visión distinta a la suya. Esa doctrina se arroga entonces la potestad de elegir qué tipo de gobiernos se crean en la región. Promover que los gobiernos del hemisferio cooperen con Estados Unidos contra el narcoterrorismo. Garantizar el acceso continuado a ubicaciones estratégicas. cambiar gobiernos soberanos, ya sea mediante el uso directo de la fuerza o a través de las formas más burdas de intervención, presión y chantaje. Todo ello al precio de líquidar el derecho internacional, vaciar de contenido sus instituciones y convertir los procedimientos democráticos en meros rituales sin fuerza vinculante. Según esta lógica, los gobiernos que se porten mal, es decir, aquellos que como el nuestro ejerzan la soberanía y no obedezcan dócilmente, serán castigados. Se les exige someterse a la exacción limitada de los recursos naturales, de sus fuentes de energía y de sus sistemas alimentarios. Quienes no acepten este destino serán desestabilizados. derro destruidos. Este proyecto también busca imponer relaciones de exclusividad con Estados Unidos, liquidar los procesos de integración continental y bloquear la construcción del surg global. Solo se admite la subordinación a dos políticas centrales, la llamada guerra contra las drogas y la contención violenta de las migraciones. Para ello no basta la obediencia, se exige colaboración activa, convertir territorios en campos de concentración para migrantes, en en vertederos de desechos y de basura industrial o nuclear o en zonas de saqueo minero y ambiental. Amigas y amigos, este proyecto de muerte masiva no es el futuro que queremos para nuestras sociedades y nos opondremos a él con toda nuestra fuerza, nuestra energía y nuestra imaginación hasta derrotarlo en todos los rincones del planeta. Derrotar el neofascismo no es una consigna, es una condición para preservar la vida, para defender la dignidad humana y para construir un mundo verdaderamente justo y democrático. Necesitamos forjar un gran movimiento global para enfrentar y derrotar a la internacional del neofascismo. ir a las fuerzas progresistas, a los movimientos sociales, a los pueblos ancestrales, a todas las expresiones democráticas del mundo dispuestas a frenar este proyecto devastador, incluyendo al propio pueblo estadounidense. Como lo dijo el gran historiador de las luchas del pueblo estadounidense Howard Sing, nunca debemos olvidar, comillas, que la historia de Estados Unidos no es solo la historia de sus presidentes, sino de su gente que resistió. Desde Colombia estamos listos a asumir nuestra responsabilidad en esta tarea global. No será la primera vez que enfrentemos las estrategias de dominación estadounidense ni de la extrema derecha. En eso tenemos larga experiencia. No solo los hemos confrontado, sino que también los hemos derrotado política, social, cultural y judicialmente. Nos oponemos firmemente como estado, tanto al ataque ilegal e ilegítimo contra cualquier estado soberano, como a la doctrina Monroe y a su corolario. Y seguiremos trabajando para que nuestro continente, donde hasta hoy no ha habido grandes conflictos armados transnacionales, se mantenga como zona de paz. Sabemos bien que uno de los objetivos de esta estrategia del gobierno Trump es intentar asfixiar la segunda ola del progresismo en Colombia, así como perseguir de manera implacable a nuestro presidente Gustavo Petro, a quien nunca, óigase bien, podrán humillar. Nuestro gobierno quiere la mejor relación con el pueblo estadounidense, pero sobre las bases del respeto mutuo y la dignidad. Y como futuro presidente de Colombia, lo afirmo con claridad. Por encima de todo está nuestro honor, nuestra libertad, nuestra independencia, nuestra soberanía y nuestra dignidad. Y así lo digo, compañeras y compañeros, como futuro presidente de Colombia, porque al lado del pueblo colombiano vamos a triunfar este año. Somos un pueblo forjado en la resistencia, un pueblo al que no se le humilla ni se le silencia. que ha sacrificado a miles de sus mejores hijas e hijos en esta histórica lucha y que tiene inscrita en la memoria su ejemplo de entereza y valor frente a los opresores domésticos y foráneos. Por eso decimos, compañeras y compañeros, viva Colombia, nación soberana y libre. Viva nuestro digno presidente Gustavo Petro. Viva. Viva el digno pueblo colombiano. Viva. La doctrina Monro, en su versión Trump, no pasará. Así lo decimos.";"2856"
"Eg4-ZS6s6bE";"20260116";"DISCURSO DE IVÁN CEPEDA EN SIBUNDOY, PUTUMAYO";"https://youtu.be/Eg4-ZS6s6bE";"Gracias, muchas gracias. Saludos a los valientes pueblos Inga y Camsá. Me siento honrado de estar en este territorio al que quiero como a toda Colombia. escrito un discurso que voy a leer a continuación y que lleva por título Por la soberanía de nuestros territorios. Soberanía. Compañeras y compañeros, me complace hoy estar con ustedes en el valle de Sibundoy, ubicado en el Alto Putumayo, un territorio de convergencia entre el mundo andino y en la gran Amazonía colombiana. Un territorio que está marcado por la resistencia milenaria de los pueblos Camsá e Inga, que han defendido su cultura, espiritualidad, sus resguardos y sus tierras frente a agresivos procesos de colonización y despojo. Mi saludo a estos valientes pueblos. Mi saludo al movimiento Unidad en Minga por Colombia. Mi saludo al gran pacto histórico desde Putumayo. Como en otras partes del país, los pueblos indígenas han logrado, como resultado de su resistencia heroica, preservar sus prácticas ancestrales, mantener unidas a sus familias y comunidades, enfrentar el despojo de tierras que querían los colonos e incluso ampliar sus resguardos y ejercer el poder territorial. Me siento orgulloso de estar hoy entre los pueblos indígenas. Por eso, compañeras y compañeros, tomé la decisión de comenzar esta segunda etapa de mi largo camino, que se está haciendo cada vez más corto, hacia el Palacio de Nariño, al cual entraré por la puerta grande el 7 de agosto de este año. comenzar esta segunda etapa de campaña electoral de nuevo desde el sur, acompañado de los pueblos indígenas, de los movimientos sociales, del pacto histórico, de nuestras candidatas y candidatos aquí desde Putumayo y desde Nariño. Lo hago también porque considero que ante los últimos hechos de intervención militar, política y económica del gobierno de Estados Unidos en América Latina, este es un lugar muy apropiado para decirlo con fuerza. Colombia y estos territorios son soberanos. Nuestro mensaje desde el sur es la palabra que ustedes ven aquí, soberanía. Ante todo nuestra agua, nuestra tierra, nuestro cielo, nuestra biodiversidad, nuestros recursos minerales, nuestro hidrocarburo, nuestra selva amazónica nos pertenecen. No son recursos para ser saqueados por intervenciones militares, bombardeos ni portaaviones. Desde aquí decimos hoy que no estamos dispuestos a aceptar la vieja doctrina colonialista que dice América para los americanos. Nuestra doctrina es Colombia para los colombianos. los territorios, los territorios para los pueblos indígenas, milenarios, para los campesinos, para las comunidades afrodescendientes, para las mujeres de nuestros territorios, para el pueblo colombiano que sí sabe cuidar la naturaleza, que sí sabe cuidar el ambiente. La doctrina Monro es una doctrina colonialista formulada en el siglo XIX bajo la consigna América para los americanos y ha sido históricamente una justificación para la intervención, el saqueo y la dominación. El gobierno del presidente Donald Trump amenaza con convertir estos territorios en escenarios de guerra y muerte, que pone en riesgo esa intervención nuestras comunidades. Nosotros tenemos una posición con el presidente Petro que no admite ambigüedades. Nos diferenciamos profundamente de la actitud servil de la extrema derecha colombiana y de Álvaro Uribe Vélez y su candidata Paloma Valencia y su nuevo candidato Abelardo de la Espriella. que todos los días sin falta imploran de rodillas la intervención militar de Estados Unidos en nuestro país y en Latinoamérica. Esa postura no es patriótica ni responsable, es una expresión abierta de traición al pueblo colombiano. Como no tienen el respaldo y la simpatía de millones de electores, como si los hemos tenido nosotros, como ya no les creen, imploran la intervención estadounidense para ayudarlos a ganar las elecciones. Álvaro Uribe promete entregar nuestra riqueza, nuestra nación, nuestra historia. una potencia extranjera a cambio de una victoria electoral tramposa. Y eso quiero que quede claro aquí, no lo vamos a permitir de ninguna manera. Reivindicamos el principio que está claramente inscrito en nuestra Constitución. que nos define como nación independiente, comprometida con la integración latinoamericana. Creemos en una política exterior basada en la dignidad, el respeto mutuo, la integración regional, el multilateralismo, la cooperación respetuosa entre los estados. Entonces, compañeras y compañeros, ¿cómo debemos defender y proteger nuestra soberanía? La respuesta es sencilla. Eligiendo un segundo gobierno progresista en Colombia. A pesar del chantaje de las agresiones y amenazas, nuestro digno presidente Gustavo Petro ha sabido defender nuestra independencia y nuestra dignidad como nación. Y yo, como sucesor, se los digo y me comprometo ante ustedes. Haré que se respete la independencia de Colombia como patria soberana y digna, así como haré que se respete cada uno de sus territorios. ¿Por qué creemos y estamos seguros que tenemos las condiciones para elegir un segundo gobierno del cambio social en Colombia? La posibilidad de ser nuevo, de nuevo, un gran gobierno tiene que ver con lo que representamos como fuerza política y social. El pacto histórico es hoy la fuerza política más dinámica, más sólida y con mayor proyección en Colombia. Esta es una realidad que se expresa en las calles, en los territorios, en la organización popular y en la esperanza renovada de millones de colombianas y colombianos. La consulta del pasado 26 de octubre, tenemos que volver a decirlo, se ha convertido en una demostración contundente de ese poder ciudadano. Por medio de un mecanismo democrático elegimos a candidatas y candidatos al Senado y la Cámara. Y yo obtuve en esa consulta, debo recordarlo, 1,550,000 votos. Esto quiere decir que nuestro proyecto ha crecido, se ha fortalecido y se ha diversificado y que el pueblo quiere que sigamos profundizando el cambio que ya se inició en 2022, no solamente con nuestra representación, sino con la representación también de los pueblos indígenas en el gobierno. en el conreso. Hoy contamos con un respaldo nacional cada vez más amplio. Trabajadores y trabajadoras, pueblos indígenas, campesinado, juventudes, mujeres, sectores empresariales comprometidos con el desarrollo productivo, intelectuales, artistas y movimientos sociales reclaman que continuemos en la dirección del Estado colombiano. El pacto histórico y el pacto amplio que tendrá consulta el 8 de marzo no es un proyecto personal ni coyuntural, es un proyecto histórico construido desde abajo con el pueblo y para el pueblo. Por eso el gobierno y el presidente Petro despiertan apoyo, simpatía, esperanza en la gente, en los territorios, en cada rincón del país. Quieren al presidente Gustavo Petro y quieren votar en las elecciones por nuestro proyecto. Sabemos que el cambio atemoriza a quienes se beneficiaron durante tantas décadas de la corrupción, la desigualdad y la violencia. Pero también sabemos que la mayoría social que respalda este proceso es hoy más consciente, más organizada y más decidida. La gente ha visto que el cambio no era una promesa electoral, era el camino correcto. Y yo estoy listo junto a todas y todos ustedes a que el cambio continúe y se profundice en los próximos años. ¿De qué cambios estamos hablando? de qué hechos y resultados concretos, de qué grandes logros hablo en este discurso. Voy a mencionar algunos muy rápidamente, uno muy reciente, un logro histórico y profundamente humano, el aumento del salario mínimo en un 23% que hoy podemos llamar con justicia salario vital. Durante décadas nos han dicho que mejorar los ingresos de quienes trabajan era imposible, que eso condenaría al país al colapso económico y de manera irresponsable echaría al traste nuestra economía. Lo que en realidad defendían no era la estabilidad económica, sino la precariedad para las mayorías y la gran vida para unos pocos. Hoy, gracias a esta decisión valiente, millones de familias en Colombia comenzarán a salir de la angustia cotidiana. Pueden cubrir mejor sus necesidades básicas. pueden pensar en educación, en salud, en alimentación digna. Este aumento no fue un capricho ideológico o populista, fue un acto de justicia social largamente postergado y por eso debemos defenderlo ante el intento de echarlo hacia atrás. Nos movilizaremos si quieren quitarle a la gente sus derechos. Hoy podemos decirlo y demostrarlo. Las cifras están ahí a la mano. La economía colombiana está creciendo en un 3,6%. La inflación se ha reducido en 5,3%. un índice no visto desde hace tiempo y la tasa de desempleo disminuyó 8,2%. una de las más bajas en la historia reciente del país. Esto sencillamente demuestra que cuando se fortalece el ingreso de la gente, se fortalece el mercado interno, la producción y el país entero. demuestra que la justicia social no es enemiga del crecimiento económico. Demuestra que es cierto que por el bien de Colombia, primero los pobres, primero los derechos de la gente. Y un tercer logro, para no abundar en muchos otros, que es sencillamente también histórico, la verdadera reforma agraria que está en curso por primera vez de una manera tan eficaz se están entregando más de 700,000 áreas de tierra al campesinado y a las poblaciones rurales, no con violencia, no con despojo. No con sangre, sino con legalidad y paz. Estamos ante la primera reforma agraria en el país, pacífica, una reforma que prepara para que produzcamos y sembremos en la esperanza de convertirnos en una gran potencia agroalimentaria, una reforma que reconoce a las poblaciones rurales como sujetos de derecho y como pilar de soberanía alimentaria de la nación. Esos tres logros, para mencionar solo tres, repito, salario vital, economía fortalecida con justicia social y reforma agraria sin violencia no son hechos aislados. son la prueba de que sí era posible gobernar de otra manera, de que el Estado puede ponerse del lado de las mayorías, de que el cambio no es una utopía, sino una decisión política. Por eso hoy decimos con orgullo, pero sin arrogancia, este gobierno ha comenzado a cumplir. Este gobierno ha comenzado a transformar. Este gobierno ha demostrado que Colombia puede ser más justa sin dejar de ser más fuerte y creciente en materia económica. Para continuar este proceso, en mi gobierno prestaré especial atención a la transformación social y económica de los territorios. daré seguimiento a los pactos regionales, al pacto nadiño, por ejemplo, y en particular al lugar central en mi programa de gobierno de la revolución agraria. La verdadera transformación del territorio se hace con condiciones materiales de dignidad y voy a mencionar tres que son indispensables. Primero, cada territorio y municipio del país requiere tener agua potable, apta el consumo humano para todas y todos los municipios, porque el agua es un derecho fundamental y la base de la vida. Hoy debemos decir con tristeza que 80% de los municipios del país no cuentan con agua potable. Esto es un crimen realmente en un país que tiene tanta riqueza hídrica como Colombia y vamos a acabar con eso. Haremos todos los esfuerzos para avanzar en que haya agua potable para todas y todos. Segundo, energía eléctrica para todos los municipios del país, priorizando fuentes de energía alternativa y limpia que lleven desarrollo sin destruir el territorio y que permitan cerrar brechas históricas. Hoy el 45% de los municipios del país tienen severos problemas de suministro de energía eléctrica. Y tercero, vamos a hacer todos los esfuerzos para que los municipios del país y los territorios tengan vías terciarias, vías fluviales, vías aéreas para el transporte y la comunicación. De tal manera que la producción agropecuaria, que si cumplimos con estas tres condiciones, se va a seguir incrementando, pueda llegar rápidamente a los mercados urbanos y a los mercados de otros municipios y los campesinos, los pueblos ancestrales, las comunidades afrodescendientes puedan tener el mejor bienestar. y satisfacer sus necesidades básicas. A eso le llamamos, compañeras y compañeros, la revolución de los territorios. Pero además para que haya agua, haya la posibilidad de energía eléctrica, haya transporte, necesitamos que haya paz en nuestros territorios. Llamamos a los grupos armados a respetar a la población civil, al liderazgo social y a que rápidamente entren en el diálogo y renuncien a la violencia y al sometimiento de las poblaciones en cada uno de los territorios del país. Para que esto sea posible, entonces necesitamos, compañeras y compañeros, abocar con entusiasmo, con energía nuestra campaña electoral y me permito recordar 10 tareas que tenemos que cumplir en estos meses. Primero, convencernos y convencer a millones de personas, además de las millones que ya están convencidas de que podemos y debemos ser el segundo gobierno progresista y de la transformación histórica del país y para ello también elegir una bancada poderosa al Senado y la Cámara de Representantes que nos permita dejar de tener que negociar con las bancadas de los partidos tradicionales, las reformas que requiere el país, no más clientelas, no más tratos burocráticos. Las reformas deben ser aprobadas por el Congreso de la República por el bien del país. Segundo, no debemos ignorar que nuestra confrontación política e ideológica es con la extrema derecha y con su jefe que es el señor Álvaro Uribe Vélez. Es con él nuestro debate. Lo hemos dicho, no queremos debate con las marionetas, queremos debate con el titiritero Álvaro Uribe Vélez. Tercero, reafirmamos nuestros principios y así debemos transmitirlos a la gente. El primero de ellos, gobernamos y gobernaremos para el pueblo. Es con el pueblo y para el pueblo, nada sin el pueblo. Y para servir al pueblo, el gobierno debe apretarse el cinturón. No es el pueblo el que se debe apretar el cinturón, es el gobierno. Debemos rebajar los salarios de los altos funcionarios del Estado. Debemos librar una batalla sin cuartel contra la gran corrupción. derrotarla y acabar con el despilfarro y la malversación y el robo de los recursos públicos en el país. Cuarto, mi invitación a la pedagogía electoral. Estos discursos que pronunciamos aquí, compañeras y compañeros, debemos convertirlos en piezas publicitarias. que le entreguemos a la gente, que le expliquemos a la gente para que podamos convencer con argumentos, no con insultos, no con calumnias, no con mentiras como lo hacen nuestros adversarios. Las razones por las cuales el próximo 8 de marzo debemos votar por nuestras listas al Congreso y también en la consulta del Pacto Amplio por mí. No vamos a triunfar con mentiras, sino con la verdad. Somos el poder de la verdad, compañeras y compañeros. Necesitamos planes sencillos para movilizar al electorado, para ir casa por casa, barrio por barrio, manzana por manzana, vereda por vereda para buscar no solo a los que ya están convencidos, sino a los convencidos. Tenemos que pedirles también que nos ayuden a convencer a los no convencidos. Debemos cubrir con especial atención los territorios donde hemos obtenido antes votaciones importantes y también donde se han producido realizaciones de nuestro gobierno. Debemos mostrar los logros de nuestro gobierno. También debemos seguir organizando, autoorganizando a la población para desarrollar las tareas electorales. Igualmente, debemos pedirle a la gente que vote por nuestras listas, al Senado y la Cámara de Representantes. explicar a quienes no conocen la identidad, las propuestas de nuestras candidatas y candidatos al Congreso, integrar en nuestros mensajes un respaldo claro a nuestro presidente Gustavo Petro y al gobierno nacional en sus batallas por la dignidad y por los cambios. Y por último, el día de las elecciones y antes, un poco antes, cuidar que no vayan de nuevo a trasladar los puestos de votación de las zonas rurales del país. No debemos permitirlo bajo ninguna circunstancia porque los pueblos ancestrales, los campesinos, las comunidades afrodescendientes, como todos los colombianos, tienen derecho a elegir y a ser elegidos. Así que no se puede mover los puestos y evitar o frustrar o limitar o censurar el voto rural en Colombia. Y cuando termine la votación, por supuesto, cuidar nuestros votos, cuidar que el escrutinio sea totalmente fiel a lo que ha sido la votación ese día. Que no se pierda un solo voto el día en que el 8 de marzo votaremos por el Congreso por la consulta amplia y el 31 de mayo, cuando sea la primera vuelta, ganemos en primera vuelta. Amigos, el pueblo está contigo. Se espera, amigo. El pueblo está contigo. Se espera, amigo. Está contigo. Nuestro cambio social, compañeras y compañeros, está en marcha y no tiene reversa. Que viva el pacto histórico y el presidente Gustavo Petro. Que vivan los pueblos CSÁ e Inga. Que viva el Putumayo. Que viva Colombia, patria libre, independiente y soberana. Amigo, el pueblo está contigo. Se queda amigo, el pueblo está contigo.";"2707"
"YGykVMI6l9s";"20260117";"DISCURSO DE IVÁN CEPEDA EN IPIALES, NARIÑO";"https://youtu.be/YGykVMI6l9s";"Bueno, un saludo de corazón a Piales escrito para esta oportunidad. Compañeras y compañeros, corremos atrás, por favor. una intervención que lleva por título Fortalecer la transformación social de la sociedad colombiana. dice de la siguiente manera. Amos un poquito. Estamos tapando la cámara, por queridas compañeras, queridos compañeros, saludo a Ipiales, tierra donde el pueblo indígena, los movimientos sociales y la ciudadanía ha dado luchas con fortaleza. tenacidad y también sabiendo dialogar con los poderosos sin perder nunca su dignidad. Es un pueblo valiente el que vive y lucha en piales. como lo hice cuando anuncié mi aspiración presidencial, he decidido volver al sur para comenzar esta segunda etapa de nuestra gran marcha por segunda vez para convertirnos en gobierno y entonces el 7 de agosto de este año entrar por la puerta del palacio de Nariño. A darle un abrazo a nuestro compañero presidente Gustavo Petro. Viva, viva, viva viva. Esta marcha que estamos recorriendo juntos con nuestras candidatas y candidatos al Senado de la República y a la Cámara de Representantes, para quienes pido un gran aplauso. Esta marcha nos debe llevar a triunfar. Haremos lo necesario para ser realidad el segundo gobierno de las transformaciones sociales e históricas de carácter progresista en Colombia. Primera vuelta. Vamos a derrotar alismo. Así será, compañeras y compañeros, porque en estos 3 años y medio hemos logrado que en Colombia se comience a producir una gran transformación y cambio, una revolución de las conciencias. una recuperación de la esperanza, una revolución ética, como la llamo. El pueblo colombiano ha adquirido la certeza de que tiene derechos, que es posible ejercerlos, que el Estado debe garantizarlos y si eso no ocurre o si se pisotea la dignidad de nuestro pueblo, la gente debe salir a las calles, a las carreteras y movilizarse para exigir los derechos. El pueblo hoy tiene conciencia de sus derechos y eso no tiene marcha atrás. El futuro de Colombia le pertenece al pueblo y el pueblo ya decidió cambiar y por eso este año elegiremos, como lo dije, el segundo gobierno que seguirá profundizando la transformación social de carácter progresista. Este camino de justicia social, de construcción de mayor democracia y paz verdadera no ha sido fácil, ustedes lo saben. En estos años, el único discurso que hemos conocido de la extrema derecha como oposición y de su jefe Álvaro Uribe Vélez, ha sido el ataque permanente y sistemático al cambio social y el ataque personal contra nuestro presidente Gustavo Petro Urrego. Se trata, en este caso, en el caso del señor Uribe, de un debate de ideas, ni de una confrontación programática honesta como la que sí hacemos nosotros. Se trata de una estrategia de odio, desinformación y miedo dirigida a deslegitimar un proyecto democrático que en 2022 el pueblo eligió en las urnas. El ataque del uribismo contra el presidente Petro ha consistido en una agresión permanente, cada vez más peligrosa, hay que decirlo. ha ido desde las campañas sucias difundidas por medios de comunicación afines, pasando por las bodegas digitales dedicadas a la difamación hasta llegar hoy a un hecho de extrema gravedad, la promoción abierta de la intervención del gobierno de los Estados Unidos para evitar también nuestro triunfo electoral en las elecciones de primera vuelta, pero no lo van a lograr. Debemos decirlo claramente. Vamos a ganar en la primera vuelta. El uribismo no ha podido aceptar que Colombia cambió, que el pueblo decidió dejar atrás un modelo de exclusión, corrupción, violencia y privilegios para unos pocos. Por eso atacan al presidente Petro y al pacto histórico. Por eso tratan de evitar por todos los medios que yo sea elegido en primera vuelta presidencial. Saben bien, somos la ruptura con ese pasado que ellos defienden y por eso quieren acabar con nuestro proyecto social. Pero los vamos a derrotar en democracia, en las urnas. de manera pacífica con argumentos, programas y logros sociales. Uribe ataca las reformas sociales porque esas reformas tocan intereses que durante décadas, incluso siglos, han sido el beneficio de algunos pocos. Prefiere el trabajo precario, las pensiones indignas y los salarios miserables. Ataca la reforma laboral porque establece y devuelve a la clase trabajadora sus derechos y dignifica el empleo. ataca la reforma pensional porque busca la esta reforma garantizar una vejez con dignidad para millones de colombianos y colombianas que hoy están condenados a la miseria. ataca el aumento del salario mínimo porque cree que para producir riqueza se requiere que haya pobreza y salarios indignos. Durante décadas el uribismo ha intentado convencernos de que el problema central de Colombia es solo la inseguridad, ocultando deliberadamente las causas de la violencia, la desigualdad, la exclusión social, la pobreza, la falta de oportunidades para las mayorías de este país. Su receta la conocemos hasta la saciedad y está ya condenada al fracaso. Más miedo, más militarización y menos estado social. Un discurso como este pregona además el modelo neoliberal de austeridad, una austeridad que siempre ha sido para los pobres. mientras garantiza el enriquecimiento de sus socios políticos, de las élites económicas y de quienes han capturado el Estado con mafia y corrupción en su propio beneficio. El modelo que recorta derechos, privatiza lo público y sacrificia sacrifica el bienestar de las mayorías en nombre de un supuesto orden que solo protege privilegios. Pero como lo dije, esa historia y ese modelo ha fracasado. Ha fracasado porque el país cambió, porque millones de colombianos y colombianas entendieron que la seguridad sin justicia social es una mentira. Hoy, ante ese fracaso, el uribismo intenta disfrazarse. Se presenta ahora como el defensor de lo social, como protector de los campesinos, de las mujeres, de los jóvenes, de los trabajadores y de los pobres. Pero Colombia ya los conoce. conoce a Álvaro Uribe bastante bien y a su gente. Conoce su historia, sus gobiernos, sus violaciones de derechos humanos y sus resultados. El país sabe que uno de los mayores daños que le causaron a Colombia fue hacer más pobres a los pobres y más ricos a los ricos, mediante políticas y leyes neoliberales que concentraron la riqueza, debilitaron el trabajo digno, precarizaron el campo y abandonaron a millones de personas a la exclusión. No pueden Uribe y su séquito borrar con discursos populistas su pasado. No pueden fingir ahora una sensibilidad social que negaron durante décadas. No pueden hablar de los campesinos quienes promovieron el despojo de las tierras. No pueden hablar de derechos de los trabajadores quienes precarizaron el empleo y persiguieron a los sindicatos. No pueden hablar ahora de buscar el bienestar de la juventud cuando como todos sabemos miles de jóvenes fueron desaparecidos y asesinados en los falsos positivos. No pueden hablar de pobreza quienes gobernaron para profundizarla. que no le sigan mintiendo y disfrazándose ante el pueblo colombiano. Viva! Viva Por eso decimos, Uribe y su extrema derecha no podrán detener el cambio social. El cambio social llegó para quedarse, como lo dije ayer en Simundoy, donde tuve la oportunidad de ser recibido por los pueblos indígenas, los éxitos sociales de nuestro gobierno se plasman en resultados concretos y en transformaciones reales. que ya están cambiando la vida de millones de personas y hogares colombianos. Un logro histórico profundamente humano, el aumento del salario mínimo en un 23% que hoy podemos llamar con justicia salario vital. Durante décadas intentaron convencernos que era imposible, que mejorar los ingresos de los trabajadores y de las trabajadoras podía condenar al país a una bancarrota y un colapso económico. lo que en realidad estaban defendiendo eran sus privilegios, porque lo que ha demostrado este gobierno es que cuando mejora la calidad de vida del pueblo, mejora y se fortalece la economía. Otro logro bajo nuestro gobierno, compañeras y compañeros, más de 2,800,000 personas han salido de la pobreza monetaria y 420,000 de la pobreza extrema. La desigualdad también se redujo de manera histórica. Son logros, no son palabras ni promesas. En salud que tanto dicen y critican la política en materia de salud. Se desplegaron 10,000 equipos básicos de atención que hoy llegan a 7.5 5 millones de hogares y se fortaleció la infraestructura hospitalaria con más de 13 proyectos. Pero eso claro que no es suficiente. Requerimos una reforma a la salud que deje de convertir la atención médica de las personas en un negocio como las convirtió Álvaro Uribe Vélez con la ley 100. Se duplicó el subsidio de adultos mayores, beneficiando a más de un millón de personas a través del programa Colombia Mayor. Este gobierno ha tenido además una conquista histórica que no nos cansaremos de repetir. Está repartiendo 700,000 hectáreas de tierra. que han llegado a 270,000 de ellas ya entregadas a familias campesinas. Se han formalizado 1,800,000 hectáreas, superando en 75% al gobierno anterior. Se crearon 17 zonas de reserva campesina y reconocieron los primeros territorios campesinos. agroalimentarios. El campesinado en este gobierno es por primera vez sujeto de derechos constitucionalmente reconocidos. Gracias, compañero Robert Daza. Todo esto acompañado de muchos otros logros que son la prueba que si era posible gobernar garantizando derechos sociales y haciendo crecer la economía, que la verdadera prosperidad parte de acabar con la pobreza, la desigualdad social y la exclusión. Y nosotros, compañeras y compañeras, el pacto histórico y yo en particular como candidato del pacto histórico, me comprometo a seguir este camino, defenderlo y profundizarlo. Viva Iván Cepeda, presidente. Viva y Piales con Iván Cepeda. En mi gobierno, el lugar central de la política pública lo ocupará la lucha contra la pobreza y la desigualdad social. Voy a profundizar las siguientes políticas para mencionar solamente algunas de ellas. La reforma agraria vamos a transformarla en revolución agraria para desarrollar la economía campesina e incluir, entre otros elementos, la compra por parte del Estado de producción agropecuaria a precios justos a la población rural para destinar esos alimentos a la lucha contra el hambre en Colombia. Que viva la mujer campesina de Colombia. Viva Iván Cepeda. Vamos a avanzar decididamente en la transformación de los territorios a través de tres programas estratégicos para los municipios del país. Primero vamos a buscar al máximo, compañeras y compañeros, dotar de agua potable, apta para el consumo humano a todos los municipios del país. Segundo, vamos a buscar resolver los problemas en materia de consumo y acceso a la energía eléctrica, priorizando fuentes de energía alternativa y limpia. No es posible que el 80% de los municipios rurales del país no tengan agua potable. No es posible que 45% de los municipios del país sigan teniendo problema de energía eléctrica. Y en tercer lugar, lo que no es menos importante, vamos a avanzar al máximo en construir vías terciarias, vías fluviales, vías aéreas para conectar a los municipios rurales con toda el país y todas las ciudades para que campesinos y población rural puedan transportar su producción a los mercados. en condiciones dignas y justas. Viva nuestro próximo presidente de Colombia, Iván Cepeda. Vamos a trabajar por lo que hemos llamado, como lo han hecho ejemplarmente ya en México, el movimiento Progresista, la austeridad republicana, que consiste en reducir drásticamente los privilegios de la alta burocracia. Vamos a rebajar salarios a altos funcionarios del Estado, comenzando por mi propio salario, será el primero de los decretos. Acabaremos los privilegios y con la práctica corrupta de convertir al Estado. Es es ese es, ese es, ese es, ese es, ese es, ese es. Perseguiremos la práctica corrupta de convertir al Estado en una nómina para recompensar favores políticos y cada peso que hoy se gasta en privilegios debe pasar y deberá pasar a lo que realmente merece ser el presupuesto de la nación, que es la salud, la educación, el campo, las juventudes, las mujeres que sostienen a este país. Viva la mujer nariñense, vivaeda. Vamos a fortalecer la economía popular y vamos a modificar el marco normativo de la contratación del Estado, de modo que las comunidades y sus organizaciones en el campo y en la ciudad no sean simples espectadoras y observadoras del espectáculo de cómo los particulares se quedan de manera corrupta con los dineros de la nación. Vamos a convertir a las comunidades y sus organizaciones en sujetos de contratación pública para que puedan liderar y ejecutar con transparencia obras que demandan y necesitan los territorios del país. Fortalecimiento de la economía campesina. Iván, amigo, el pueblo está contigo. El fortalecimiento de la economía campesina y popular, la transformación económica y social de los territorios, la austeridad real consagrada a lo social son las verdaderas condiciones para que en Colombia avancemos a la paz, para que sustituyamos las economías ilícitas del narcotráfico y la minería ilegal del oro y nos convirtamos en una potencia competitiva globalmente en el campo agroalimentario. Seremos potencia mundial de la vida como estamos buscando serlo. Por todas estas razones, compañeras y compañeros, les hago la invitación a que redoblemos nuestros esfuerzos en estos meses decisivos para lograr nuestro triunfo político y electoral. en primera vuelta. Ese es, ese es, este es, ese es, este es, este es, este es. Les propongo las siguientes tareas para que juntos saquemos adelante este propósito. Así es, convencernos y prepararnos. para mantener el poder gubernamental, fortalecer la representación del pacto histórico en el Congreso de la República y ganar una importante bancada en el Senado y la Cámara y elegirme, repito, en primera vuelta de las elecciones presidentes. Viva Iván Cera presidente. Presidente se vive. Se siente sea presidente se vive. Se siente se peda, presidente. No ignorar que nuestro adversario político es Álvaro Uribe y la extrema derecha. Dar en todas las condiciones, no con insultos, no con agravios, no con mentiras, sino con argumentos. la batalla de ideas en la que somos invencibles frente a la extrema derecha. Reafirmar los principios que rigen nuestra acción política, la transparencia, la ética, el respeto, la austeridad. Vamos a demostrar que se puede ganar elecciones sin grandes sumas de dinero, sin maquinarias políticas, sino con la gente y su poder social y organizativo. Se vive, se siente, se peda, presidente. Se vive, se siente. Se peda presidente. Les proponemos que los discursos que hemos venido pronunciando en muchas plazas del país los convirtamos en piezas publicitarias. Le expliquemos a la gente casa por casa, calle por calle, vereda por vereda, plaza por plaza. ¿Cuál es el planteamiento que hacemos para mantener la transformación social e histórica de la sociedad colombiana? Vamos, vamos. Necesitamos cubrir todo el territorio, ir, como digo, persona a persona, no descuidar ningún sector para que todas y todos conozcan nuestro planteamiento y programa político. Necesitamos convocar permanentemente a la gente de aquí al 8 de marzo para que voten por nuestras candidatas y candidatos al Senado y a la Cámara de Representantes. No podemos avanzar con la rapidez que queremos si en el Congreso hay sectores que se oponen y logran a veces que no avancen las reformas sociales que tanto requiere el pueblo colombiano. Así que vamos por una mayoría parlamentaria. Debemos integrar en nuestros mensajes el respaldo al presidente Gustavo Petro, al pacto histórico, al gobierno nacional. Cuidar que el día de las elecciones, atención a esto, no vayan a ser trasladados los puestos de votación de las zonas rurales y después de haber votado de una manera masiva por nuestros candidatos y candidatas y por mí, vigilar cada voto en las urnas y vigilar el escrutinio para que no nos quiten lo que tanto sacrificio nos cuesta porque nosotros no compramos votos. Los nuestros son de conciencia y de convicción. Sí se puede, sí se puede, sí se puede, sí se puede. Y por último, compañeras y compañeros, dirijo un mensaje a todas las personas que dirigen el pacto histórico, a todos sus integrantes, activistas y simpatizantes. Nunca olvidemos que somos servidores del pueblo. Con el pueblo, para el pueblo, nada sin el pueblo. Que viva el pacto histórico y el gobierno del cambio. Y que viva el presidente Gustavo Petro. Que viva. Viva Iván Cepeda en poder de la verdad. Que viva nuestro programa de transformaciones sociales y reformas profundas, revoluciones sociales. Que viva, viva Colombia, patria digna, libre y soberana. Que viva, que viva Iván Cepeda. Próximo presidente de Colombia. Que iba campesinado de Nariño. El poder de la verdad aquí en Ipianes ha hecho su exposición, sus declaraciones dando a conocer sus iniciativas que tiene para el sur del departamento de Nariño. Presidente, viva";"2737"
"kyK7l1SKgyU";"20260118";"DISCURSO DE IVÁN CEPEDA EN GUACHUCAL, NARIÑO";"https://youtu.be/kyK7l1SKgyU";"Muchas gracias. Por acá, por acá, por acá, por acá. Muchas gracias. Me siento feliz de estar aquí con ustedes en Huachucán. Un abrazo desde el fondo de mi corazón. Amigo, el pueblo está contigo. Se espera, amigo, el pueblo está contigo. Se espera, amigo, el pueblo está contigo. Sea, amigo, el pueblo está contigo. he tenido antes de llegar aquí a esta tarima un breve diálogo con las autoridades y les he dicho que en cuanto sea presidente de la República, como va a ocurrir el próximo 7 de agosto, a fondo con los derechos y la suerte del pueblo indígena que me ha acogido con tanto afecto aquí en Guacho. Cuenten conmigo. Me he permitido escribir un pequeño discurso que quiero pronunciar y que lleva por título Hacia nuevos logros en el reconocimiento de los pueblos indígenas. Queridas compañeras, queridos compañeros, agradezco esta invitación para hablar desde Huachucal, en el sur de Nariño, un territorio de resistencia y luchas históricas. Como lo he dicho en esta visita a varios lugares de Putumayo y Nariño, he vuelto al sur del país para que junto con los pueblos indígenas, los movimientos sociales, el pacto histórico, el gran pacto histórico, compañera Rosita Guevara y todas y todos los ciudadanos, las Personas del pueblo nariñense y putumayense, caminemos hacia la casa de Nariño, por cuya puerta central entraré el 7 de agosto de este año para darle un abrazo a nuestro querido presidente Gustavo Petro, que me entregará en ese momento nuestra estafeta para el segundo progresista que continuará transformando a Colombia. Vamos por el triunfo electoral, compañeras y compañeros. Vamos a elegir una gran bancada en el Congreso de la República y vamos a continuar el proceso del cambio en Colombia. Decía que agradezco a los pueblos indígenas. Viva viva pastos y quillacingas. No solo por su invitación, que valoro mucho, sino además porque durante siglos han defendido su territorio ancestral frente al despojo, la exclusión y el olvido del Estado. Sus luchas no son del pasado, son del presente y sobre todo del futuro de nuestro país. Son patrimonio de Colombia. sus luchas, queridos pueblos indígenas. Viva! ¡Viva! Machuc. La defensa del territorio ha sido una lucha valiente y constante. Aquí se ha defendido la vida, la memoria ancestral, la cultura, el agua, la unidad como pueblos. En esa lucha han caído importantes liderazgos sociales y de los pueblos indígenas, a quienes rindo un gran homenaje desde esta tribuna. En esa lucha han sido protagonistas las mujeres indígenas, guardianas de la memoria y de la palabra de la organización comunitaria y de la continuidad de los pueblos. A ellas dirijo un saludo especial, un aplauso para la mujer indígena. Sea, amigo, el pueblo está contigo. Sea, amigo, el pueblo está contigo. Se queda amigo, el pueblo está contigo. Hoy aquí, como en muchas partes de Colombia, las comunidades enfrentan desafíos profundos. Crisis ambiental, amenaza de los páramos. de las fuentes de agua, de los sistemas productivos tradicionales. Un modelo, el modelo neoliberal que quiere destruir la producción agropecuaria, que quiere acabar con la producción de leche y de papa en este municipio tan importante y estratégico del país que quiere acabar con la naturaleza. Nosotros, seguidores y militantes, integrantes y dirigentes de las fuerzas progresistas, no permitiremos que se mancille, se acabe y se destruya la economía campesina e indígena en este territorio. Las comunidades indígenas han exigido con toda razón la recuperación de las tierras históricas usurpadas, el cumplimiento de los títulos que datan de la colonia, el cumplimiento de compromisos que el Estado ha postergado. Por eso, desde nuestro gobierno se han desarrollado políticas en defensa de los pueblos indígenas y por eso decimos que no es posible la justicia social, no es posible Colombia próspera si no se respetan los derechos y el derecho de los pueblos indígenas. Es indignante que en Colombia hoy estemos ante el progresivo exterminio y desaparición de cerca de 40 pueblos indígenas. Eso no es otra cosa que un crimen contra la humanidad, un etnocidio. Y debo decir que en lo que de mí depende como nuevo presidente de la República, haré mi mayor y máximo esfuerzo por detener el etnocidio contra los pueblos indígenas en nuestro territorio. pueden contar con eso. Los pastos y quillas cingas han planteado una demanda central y legítima. el reconocimiento pleno de sus derechos, el reconocimiento de su autonomía, el reconocimiento de su poder político en los territorios. No se trata de un regalo, no se trata de una concesión, son derechos. Se trata de avanzar hacia una relación justa, hacia una relación democrática entre el gobierno, el estado y los pueblos indígenas para que puedan tener una vida digna, feliz y con bienestar. Con nuestro gobierno y con el presidente Petro ha llegado la hora de poner en el centro de la vida del país a las comunidades territoriales y rurales, de construir desde abajo, de invertir en lo que realmente importa, de redistribuir el poder y el bienestar y de garantizar en Colombia un país país para todos los pueblos, todas las comunidades, todas las etnias, toda la gente y no simplemente para una minoría de personas que se enriquecen ilimitadamente. Mi gobierno será con el pueblo y para el pueblo. Viva. El gobierno actual y el presidente Petro han comenzado a cumplir la deuda histórica con los territorios y los pueblos indígenas. La historia de exclusión y etnoscidio ha empezado a cambiar. Recordemos cinco de los grandes logros de nuestro gobierno para proteger a los pueblos indígenas. Primero, se ha impulsado la mayor política de creación, ampliación y constitución de resguardos indígenas en la historia reciente de este país. todavía insuficiente, pero debemos seguir avanzando en ella y debemos cumplir con los resguardos que están en este territorio en particular, por supuesto. En segundo lugar, compañeras y compañeros, el gobierno del cambio ha avanzado como nunca antes en la restitución histórica de tierras a los pueblos étnicos. Viva la recuperación de tierras. que vivas, más de 270,000 hectáreas han sido restituidas a las comunidades indígenas víctimas del despojo y del desplazamiento forzado. Sé que hay todavía pendientes en este territorio 60 predios que deben ser entregados a los pueblos indígenas y me comprometo a hacer realidad esa entrega apenas asuma el gobierno en el próximo mes de agosto. En tercer lugar, por primera vez en la historia republicana, el Estado colombiano ha reconocido plenamente a los pueblos indígenas como autoridades ambientales en sus propios territorios. Con el decreto 1275 de 2024, el presidente Gustavo Petro les otorgó las mismas funciones que tienen hoy las corporaciones autónomas regionales. Este no es un gesto simbólico, es el reconocimiento de que quienes han cuidado verdaderamente la naturaleza durante siglos, es decir, los pueblos indígenas, son la primera autoridad ambiental real en Colombia. En cuarto lugar, este gobierno ha dado pasos decisivos para hacer realidad la Constitución que prometió, pero nunca llegó a cumplir el funcionamiento efectivo de los territorios indígenas y el propio gobierno de los pueblos a través de la expedición de ocho decretos se ha reconocido de manera concreta la autonomía política y administrativa de las autoridades indígenas, especialmente en la Amazonía, pero así tiene que ser en todo el territorio nacional. Y por último, quinto, el gobierno del cambio ha reconocido y fortalecido los sistemas propios de salud de los pueblos indígenas. con la firma del decreto que ha creado el CISPI, el sistema indígena de salud propia e intercultural se convierte en derecho fundamental la atención médica en salud con los propios procedimientos y las tradiciones de la medicina indígena. Es cierto, todavía son decretos, todavía son leyes. Ahora viene el trabajo que haremos ustedes y nosotros y yo como el presidente para cumplir lo que dicen estas leyes y normas al pie de la letra. Como futuro presidente de Colombia, también me comprometo con ustedes a avanzar profundamente en el reconocimiento de los pueblos indígenas. Esto implica su participación efectiva en instancias de alto nivel de decisión del Estado, el desarrollo normativo real de las entidades territoriales indígenas. la operatividad plena de la autoridad ambiental indígena y el fortalecimiento de los sistemas propios, como lo decía en salud, pero también en educación, porque no solamente tenemos el CISPI, sino también el sistema de educación indígena propio. Por lo tanto, compañeras y compañeros, la autonomía no es posible sin el territorio en Colombia. Por eso es urgente garantizar seguridad jurídica mediante procesos de saneamiento, ampliación y ordenamiento territorial. El territorio no puede seguir siendo un escenario de disputa desigual. entre los grupos armados, las mafias, las redes narcotraficantes que golpean a los pueblos y a las comunidades. Para eso está el Estado. Y llamo desde esta tribuna a los grupos armados a respetar a la población civil, a los pueblos indígenas y a las lideras y líderes sociales. De eso se encargará también nuestro segundo gobierno progresista. Necesitamos incentivos reales, no solamente en materia de autoridad indígena, sino de economía indígena. Es necesario impulsar los proyectos productivos estratégicos, mantener en esta región la productividad lechera, la posibilidad de que el Tratado de Libre Comercio que se ha firmado con Estados Unidos no destruya la producción de leche en este territorio. Desde aquí lo decimos, como lo dije hace unos días en Sibundoy, Colombia se respeta. Colombia es una tierra soberana. Los territorios como este son territorios soberanos, independientes. No somos colonia, no somos protectorado de ningún otro país y aquí quien manda son nuestras propias autoridades. Que se sepa esto claramente en el gobierno de Estados Unidos. Que viva. Se vive, se siente, se pega presidente. Se vive, se siente, se peda, presidente. Se vive, se siente, se peda, presidente. Por todo esto, compañeras y compañeras, un segundo gobierno de carácter progresista no puede ser simplemente un gobierno de continuidad administrativa. Debe ser una profundización del cambio. debe asumir con valentía la transformación estructural del territorio, reconociendo a los pueblos indígenas no solamente como beneficiarios, sino como sujetos políticos del cambio. Por eso les hago una invitación a que en estos meses que vienen incrementemos todos nuestros esfuerzos para ganar en primera vuelta la Presidencia de la República y el 8 de marzo a elegir una gran bancada progresista en el Congreso. Tres recomendaciones y tareas, compañeras y compañeros. Primero, defendamos el voto. Hay que cuidar cada mesa, cada urna en las zonas rurales para que no nos vayan de nuevo a trasladar los puestos de votación. Advierto con especial preocupación que se viene desarrollando una campaña por parte de la extrema derecha del uribismo para afirmar que los grupos armados no permitirán el ejercicio del voto y por lo tanto que se deben de nuevo trasladar los puestos de votación. Eso, compañeras y compañeros. No hay que decirlo de otra manera, es un robo, es un fraude a la posibilidad de que la población rural ejerza libremente su derecho a votar en las próximas elecciones. Por lo tanto, les lanzo una alerta. Si van a quitarnos los puestos de votación, hay que movilizarnos políticamente para reclamar nuestros derechos. Llamo a los pueblos y a las comunidades, a los movimientos sociales, a estar alertas a la posibilidad de que se les quiten las mesas de votación, los días de elección. Atención, porque debemos movilizarnos desde ya. Segundo, debemos organizar la votación y para ello es necesario ir vereda por vereda, resguardo por resguardo, llenar de argumentos, de explicaciones a cada uno de los votantes de por qué es necesario reelegir el gobierno progresista en esta segunda etapa. Aleluya. Y por último, les hago una muy cordial invitación a la unidad. No es un problema entre pueblos indígenas, no es un problema entre los pueblos indígenas y los campesinos o las comunidades afras. No es un problema entre el pacto histórico y otras fuerzas políticas que están en este mismo espectro. Nuestro problema es con la extrema derecha de este país. No nos equivoquemos en quiénes son nuestros verdaderos adversarios políticos y entre nosotras y nosotros, compañeras y compañeros, la más firme y sólida unidad para vencer. Viva la unidad de los pueblos. Sea, amigo, el pueblo está contigo. Se peda, amigo, el pueblo está contigo. Se peda, amigo, el pueblo está contigo. Compañeras y compañeros, no se trata, como lo quisieron decir en la época en que estaba en auge el modelo neoliberal de tolerar a los pueblos indígenas. No se trata de tolerar al pueblo. Se trata de que el pueblo es el protagonista. Se trata de que quienes somos elegidos para los cargos públicos somos servidores y servidoras del pueblo. Eso nunca lo debemos olvidar. Y yo soy un servidor de ustedes, como dicen los pueblos, aquí hay que mandar obedeciendo y por eso gobernaré con todas y todos ustedes, con los movimientos, con las organizaciones, con las autoridades tradicionales para que hagamos un gobierno, como lo dije, con y para el pueblo. Que viva nuestro compañero presidente Gustavo Petro, a quien saludamos desde aquí. Que viva el pacto histórico y las fuerzas progresistas. Que viva Huachucal. Que vivan los pueblos indígenas. Que viva Nariño y que viva Colombia, patria independiente, libre y soberana. A triunfar, compañeras y compañeros. Se vive, se siente, se se vive, se siente, se vive, se siente presidente. Amen.";"2214"
"orXxbO-dV8k";"20260118";"DISCURSO DE IVÁN CEPEDA EN CUMBAL, NARIÑO";"https://youtu.be/orXxbO-dV8k";"Me siento orgulloso, contento de estar hoy aquí con ustedes, querido pueblo indígena, pastos y quillacingas, comunidades también campesinas, ciudadanos y ciudadanas, personas pobladoras del gran cumbal, para cada una de ustedes mi saludo de corazón. y mis mejores deseos en este decisivo año 2026. He preparado unas cuantas notas escritas para que ustedes puedan ver cuál es el propósito de lo que voy a hacer en los próximos meses y años cuando entre por la puerta principal el 7 de agosto de este año al Palacio de Nariño. y reciba del presidente Gustavo Petro el mandato del pueblo colombiano para un segundo gobierno de las transformaciones históricas y sociales que debemos hacer en Colombia. Conozco la importancia de este territorio, sus luchas históricas, lo que ha significado que desde la Constitución del 91, siete alcaldías indígenas hasta la actualidad hayan sido elegidas. Lo que quiere decir que en este territorio son los pueblos indígenas quienes gobiernan y eso hay que respetarlo sin lugar a dudas. Sé que este pueblo ha luchado por la paz, que en el resguardo de Mayasquer se encuentran 119 indígenas firmantes del acuerdo de paz de 2016. Para ellos, para ellas va mi saludo especial, que continúen construyendo la paz, porque eso es lo que necesita Colombia. Y mi llamado a los grupos armados a que respeten a la población civil, a los pueblos indígenas y a los líderes y liderezas sociales. Eso lo haremos respetar bajo mi gobierno, como también ha buscado hacerlo el presidente P. Conozco, además de las luchas de este territorio sus problemas. Sé que estamos aquí ante una lucha histórica que ha librado la población indígena por la tierra por ampliar y por hacer que se respeten sus resguardos, porque haya un respeto a su autoridad y para que se cree la entidad territorial indígena que es una necesidad y que es un derecho. totalmente legítimo de los pueblos indígenas por su autonomía y por su poder político en los territorios de Colombia. Para mí como candidato, para mí como candidato, por supuesto, es un orgullo que me respalde el pacto histórico, el gran pacto histórico al que saludo desde esta tribuna, a sus candidatos. candidatas al Senado, Carlos Alberto Benades, a Rosita, pero también para mí es un orgullo que los pueblos indígenas decidan darme su apoyo. Es uno de los apoyos más importantes y valiosos de mi candidatura, porque los pueblos indígenas representan el saber, la sabiduría, las raíces históricas más profundas de nuestra nacionalidad colombiana. Todo mi respeto y admiración a los pueblos indígenas y repito, mi orgullo a que estén acompañándome en esta marcha. para elegir el segundo gobierno progresista en Colombia. Pero también debo decirlo, mi mayor preocupación porque como lo ha reconocido la Corte Constitucional colombiana, cerca de 40 pueblos indígenas están en este momento en grave peligro de extinción. Eso no es otra cosa que un crimen. Es un crimen contra la humanidad que desaparezca tan solo uno de esos 40 pueblos. Eso que se está perpetrando en Colombia es un etnocidio y quiero decirlo aquí de manera muy clara. Una de las prioridades de mi gobierno va a ser detener ese proceso de extinción, exterminio y desaparición de los pueblos indígenas. Cada uno de esos pueblos es nuestra memoria, es nuestra riqueza mayor, nuestra mayor diversidad como nación. Así que debemos preservar las culturas, los pueblos, las tradiciones, la memoria, las luchas históricas de los pueblos indígenas como un aspecto fundamental de nuestra riqueza como nacionalidad y como cultura. El presidente Gustavo Petro, a quien saludo desde esta tribuna y expreso toda mi solidaridad con los ataques que recibe todo el tiempo por cumplir nuestro programa de gobierno. El presidente Petro y el gobierno del cambio ha hecho aportes fundamentales para la protección de los pueblos indígenas. Yo aquí quiero simplemente mencionar cinco de esos grandes logros que han hecho posible que el gobierno avance en el reconocimiento de los derechos y de los pueblos indígenas mismos. En primer lugar, nuestro gobierno ha impulsado la mayor política de creación, ampliación y conformación de resguardos indígenas en la historia reciente del país. Somos el gobierno que más ha promovido los resguardos indígenas en Colombia. En segundo lugar, el gobierno del cambio ha avanzado como nunca antes en nuestra historia en materia de reforma agraria, en entregar y restituir tierras a los pueblos indígenas. Más de 270,000 hectáreas han sido restituidas a los pueblos indígenas que han sido víctimas del despojo violento y del desplazamiento forzado durante décadas en nuestro país. Nuestro gobierno ha protegido a los indígenas y también les ha entregado tierras y les va a entregar muchas más en lo que viene en el segundo gobierno progresista. Se siente. I presidente. Se vive. Se siente. I presidente se vive. Se siente Iván presidente. En tercer lugar, por primera vez en la historia republicana, es decir, toda la historia de nuestra nación, el Estado colombiano ha reconocido plenamente a los pueblos indígenas como autoridades ambientales en sus propios territorios. El decreto 1275 que expidió el presidente en el año 2024 eleva a los pueblos indígenas autoridad ambiental al nivel de las corporaciones autónomas regionales. Y eso no es ningún regalo, ninguna concesión, es el reconocimiento de que los guardianes de la naturaleza en Colombia, del agua, de la selva, de la biodiversidad, han sido ante todo los pueblos ancestrales y originarios. Ustedes, pueblos indígenas son la mayor autoridad ambiental en nuestro país. Iván presidente, se vive, se siente. Iván presidente se vive, se siente. Iván presidente. En cuarto lugar, este gobierno ha dado pasos decisivos para hacer realidad lo que dice la Constitución del 91, que todavía está pendiente el funcionamiento efectivo de los territorios indígenas y el gobierno propio. Aquí en Cumbal necesitamos que eso se haga realidad también. Y por último, en quinto lugar, nuestro gobierno ha reconocido y fortalecido los sistemas propios de salud de los pueblos indígenas, creando el sistema indígena de salud propia e intercultural, llamado por su sigla CISPI. Esos cinco, pero podría mencionar muchos más logros ha hecho el gobierno del cambio y ha reconocido en eso los derechos de los pueblos indígenas. Por eso es que nosotros admiramos, queremos lo que ha hecho este gobierno y al presidente Gustavo Petro, que ha sido su líder natural en este proceso. Pero ahora, compañeras y compañeros, tenemos decretos, tenemos leyes, tenemos normas que necesitamos convertirlas en realidad. No basta expedir los decretos. Necesitamos que se convierta en realidad todo el proceso. Aquí me dice Carlos Alberto, por ejemplo, de la jurisdicción indígena, necesitamos que no solamente el gobierno haya expedido unas normas. Necesitamos que los pueblos indígenas vivan en su realidad cotidiana los logros que hemos ido cosechando en este primer gobierno. Y para eso, compañeras y compañeros, estamos aquí, porque yo seré el encargado como presidente de la República, porque nuestros compañeros y compañeras congresistas serán encargados también de cumplir lo que hemos sembrado y lo que hemos cultivado en este primer gobierno. Para eso estamos, para servir al pueblo y para cumplir con las normas que hemos creado, reconociendo los derechos de la población indígena. Cuenten con mi compromiso para sé de los problemas que tiene el gran tumbado. Sé que por los tratados de libre comercio, como en tantas partes del país y concretamente por el tratado de libre comercio con Estados Unidos, es posible que entre a operar la importación indiscriminada de productos lácteos y concretamente de leche en polvo que puede literalmente arruinar la producción lechera en este territorio. A Estados Unidos le decimos y a su gobierno, tenemos una relación, por supuesto, de cooperación irrespetuosa, pero somos una nación soberana, somos pueblos soberanos. Este es nuestro territorio, no es el territorio del gobierno estadounidense. Y por eso queremos que se respete a los productores de este territorio. Necesitamos encontrar solución pronta para que la leche que se hace en este territorio pueda ser procesada aquí mismo y para que no se vaya a desperdiciar ni un solo litro. puesto que en Colombia todavía tenemos un gran problema y es que no ha desaparecido el hambre, no ha desaparecido la falta de alimentos, que no hay soberanía alimentaria en muchos territorios del país. Así que la leche que se produce aquí podría alimentar a muchos hogares en Colombia y es necesario que estudiemos, que el gobierno y el estado compre a los productores a precios justos lo que están aquí en este territorio produciendo para entregarlo a otras familias en otros territorios, a otras comunidades que padecen el hambre en este momento en el país. Así que cuenten con mi compromiso para buscar la protección de la soberanía productiva y alimentaria en este territorio del gran cumbido el pueblo está contigo. Sea, amigo, el pueblo está contigo. Se espera, amigo, el pueblo está contigo. Agradezcoente al gobernadorente y a las autoridades que me han entregado oficialmente en el documento que acabo de recibir, otras necesidades que tiene la comunidad y que tiene la población en este lo estudiaré seriamente. haré compromisos con ustedes para poder lograr una calidad de vida. Necesitamos entonces, compañeras y compañeros, triunfar en las próximas elecciones. Ustedes saben, el 8 de marzo, es decir, en pocas semanas tendremos que ir a votar tres veces. Una vez por la Cámara de Representantes, otra vez por el Senado de la República y otra por Iván Cepeda en la consulta del pacto. Para hacerlo quiero hacer tres recomendaciones fundamentales. Primero, defendamos el voto. Ya en la consulta del pacto histórico nos quitaron la posibilidad en muchos territorios rurales de que la gente pudiera votar en los puestos porque los movieron a otros sitios y fue imposible para ustedes en muchas partes de estos territorios votar en nuestra consulta. es posible que intenten hacerlo nuevamente. Ya hemos comenzado a ver que en revistas, en instrumentos propagandísticos que llaman medios de comunicación de la extrema derecha, se ha comenzado a decir que hay problemas de orden público que harán que en esos territorios haya que quitar los puestos de votación. Así que les pido que nos movilicemos si es necesario para hacer respetar nuestro derecho al voto en todo el territorio nacional y el derecho que tienen los pueblos indígenas a ejercer el derecho al sufragio, como también el pueblo campesino, las comunidades afrodescendientes y en general toda la población rural del país. No permitamos que se muevan los puestos de votación. En segundo lugar, les pido que hagamos un trabajo casa por casa, vereda por vereda, resguardo por resguardo. Que vayamos a convencer a los que no estén convencidos y a los que están convencidos a decirles cómo tienen que votar el 8 de marzo y después. el 31 de mayo en la primera vuelta presidencial para elegir o mejor para elegirme como presidente de la República en la primera vuelta. Se vive, se siente, sea presidente. Se vive, se siente, se espera presidente. Y por último les hago el siguiente llamado, que es una invitación. El problema no es entre pueblos indígenas. El problema no es entre indígenas y campesinos o entre campesinos y comunidades afrodescendientes. No es entre el pacto histórico y otras organizaciones progresistas. Nuestro problema es con nuestros adversarios políticos, con la extrema derecha que dirige en Colombia el señor Álvaro Uribe Vélez. Así que no nos equivoquemos, no nos equivoquemos de quiénes son nuestros adversarios y cuidemos como si fuera el tesoro más preciado que tenemos, nuestra unidad. como movimiento social, popular, étnico, que debe seguir avanzando en las transformaciones del país. La unidad ante todo, compañeras y compañeros. Colombia, en estos 3 años y medio hemos avanzado enormemente en el país luego del estallido social. ¿Ustedes se acuerdan cuando después de la pandemia uno de los gobiernos urivistas decidió en medio de la peor situación, en situación de pobreza, de hambre para muchas personas en el país, ponerle impuestos a los alimentos de primera necesidad, eso hizo que la gente saliera, como no lo había hecho en otras épocas, a la movilización popular. Y desde ese momento el pueblo colombiano lo ha entendido, ha crecido en materia de conciencia política. Sabe que es el Estado quien debe garantizar los derechos. sabe que todos los colombianos tenemos y colombianas tenemos los mismos derechos y por lo tanto que hay que garantizarlos y si se violan tenemos que movilizarnos a la calle, a las carreteras para garantizar que esos derechos se hagan efectivos. Y por lo tanto, compañeras y compañeros, los cambios que hemos venido logrando en estos años debemos hacer no solamente que se mantengan, sino profundizarlos. Y para eso estoy aquí, para garantizar que seré el presidente y el jefe de estado del segundo gobierno del carácter progresista y de transformación social en Colombia. vive, se siente, se espera presidente. Se vive, se siente, se espera presidente. Se vive, se siente, se espera, presidente. Los invito a que digamos que viva el gran que viva el gran que viva Nariño, que viva. Que viva nuestro presidente Gustavo Petro y el gobierno del cambio. Y que viva Colombia, que es una patria libre, independiente y soberana. Que viva, que viva Iván Ceda, que viva, que viva la unidad, que viva, que viva. Yeah.";"2207"
"Gw7g10QOONI";"20260121";"CAPITAL DE LA TRANSFORMACIÓN SOCIAL.";"https://youtu.be/Gw7g10QOONI";"El título de este discurso es capital de la transformación social. Queridas compañeras y queridos compañeros, me siento a gusto de volver a estas calles y plazas que recorrí una y otra vez cuando en mi condición de estudiante en uno de los colegios de este sector, al terminar las clases, salíamos con mis compañeros as y compañeros, a trabajar con la gente en los barrios populares, a hacer labor política o a protestar en la movilización por cada una de las tantas injusticias y necesidades que tenía y tiene la población de esta gran ciudadela de nuestra capital. Kennedy fue para mí la escuela de mi primera formación política, de mi sensibilidad hacia los sectores populares, las comunidades y sus padecimientos, las luchas cotidianas por la dignidad. Por eso siempre recuerdo con alegría y diría con nostalgia esas primeras luchas que marcaron definitivamente mi existencia y sensibilidad políticas. En estas calles aprendía el significado real de la palabra solidaridad, del coraje para asumir posiciones de confrontación al poder autoritario, del compromiso con el pueblo, de la generosidad y la grandeza que requieren la búsqueda del cambio real de nuestra sociedad. Este fue el territorio en el que venimos a vivir con mi familia, luego de que mis padres vivieran en el barrio Policarpas a la Barrieta junto a los campesinos venidos del desplazamiento por la violencia de los años 60. Este fue el territorio también donde en una de las grandes avenidas en la mañana del 9 de agosto de 1994, un grupo mixto de militares y paramilitares asesinaron a mi padre, el senador de la República, Manuel Cepeda Vargas, como parte del genocidio contra la Unión Patriótica. Un crimen contra la humanidad que marcó la vida política de este país y convirtió la defensa de derechos humanos, la búsqueda de la verdad y la justicia en ejes irrenunciables de mi vida política. Así que tengo una deuda con Ciudad Kennedy, con su gente, con sus barrios populares, con sus organizaciones y comunidades, que no olvidaré cuando el próximo 7 de agosto asuma el cargo de presidente de la República y jefa de Estado. Presidente, presidente, presidente, presidente, presidente, presidente. No olvidaré, amigo. El pueblo está contigo. Espera, amigo. El pueblo está contigo. No olvidar estos barrios. su historia y sus luchas. No olvidaré a las madres cabeza de hogar que salían temprano a trabajar por su familia, por sus hijos. No olvidaré a los jóvenes que conocí y que tuvieron que sacrificar muchos de ellos su vida por no tener futuro. No olvidaré a la gente a la que nos debemos en primer lugar, al pueblo colombiano y al pueblo de Ciudad Kennedy de Bogotá. Y cuando obtengamos nuestro triunfo en el programa del segundo gobierno progresista, les garantizo que estarán los sueños, las aspiraciones, los proyectos y las ideas de la gente de estos barrios y de tantos barrios periféricos o de ciudadelas olvidadas que hay en esta gran ciudad. Por ella es que nosotros trabajamos y luchamos. Como parte de mi formación política, considero que la historia de nuestras luchas personales y sociales son la fuente de nuestro crecimiento como seres humanos. Debemos cultivar esa memoria de las luchas sociales como acto de resistencia política y sobre todo como referente esencial para el cambio de conciencia que requiere la transformación social. La revolución de las conciencias es la revolución social. Compañeras y compañeros, las luchas populares en Kennedy han sido parte de la gran movilización social que ha acontecido en nuestra ciudad capital. Bogotá ha sido a lo largo del tiempo el corazón de las grandes movilizaciones populares que han marcado el rumbo del país y de su cambio histórico. En sus calles se ha escrito una y otra vez la historia de la dignidad y la resistencia de nuestro pueblo. Aquí estalló la indignación popular el 9 de abril de 1948 cuando ocurrió el asesinato del gran líder del pueblo colombiano, Jorge Elías Erergaitán, cuando se intentó destruir la esperanza de las mayorías, pero que terminó siendo el comienzo de una conciencia popular que cambió para siempre la vida política del país y se levantaron las y los estudiantes los días 8 y 9 de junio de 1954, enfrentando la represión y poniendo sus vidas y su sangre para defender la democracia y la libertad. Aquí en estas calles, el 14 de septiembre de 1977, el pueblo protagonizó el gran paro cívico nacional, una rebelión social contra la institución y la injusticia, en la que yo mismo participé y tuve protagonismo como líder estudiantil junto a miles de trabajadores, trabajadoras y habitantes de los barrios populares. Aquí durante décadas se hicieron las movilizaciones por la paz, por la defensa de la vida y la salida política del conflicto armado. Y aquí, en el año 2021, la ciudad volvió a hablar con la fuerza de la historia. Las calles se llenaron de jóvenes, de mujeres, de trabajadores, de comunidades populares que dijeron basta. El llamado estallido social no fue un accidente. Fue la expresión acumulada de la desigualdad y la falta de futuro para millones de colombianas y colombianos. Libertad, libertad a los fue la expresión política organizada de las juventudes de los barrios populares que ocuparon el espacio público para reclamar futuro, dignidad y reconocimiento. No fue vandalismo ni caos, como ahora nos quieren convencer, el de los muchachos y muchachas de la primera línea. Fue una interpelación política organizada, profunda a un modelo que les niega oportunidades, derechos y horizonte de vida a millones de jóvenes en la periferia de los centros urbanos. Gracias. Gracias. Esta ciudad ha sabido ir forjando el poder constituyente contra la resignación a la violación de derechos humanos, la acción contra la pobreza y la desigualdad social, la defensa de los procesos de paz y precisamente por ser territorio urbano de grandes movilizaciones sociales, Bogotá se ha ido convirtiendo también en el escenario de lo que llamo la revolución ética, del cambio de conciencia que se ha ido produciendo en todo el país. Bogotá sin hambre. En 2004, la ciudad empezó a demostrar que gobernar con justicia social no es una utopía y con Bogotá humana que encabezó nuestro presidente Gustavo Petro. con Bogotá humana, cuyo alcalde fue Gustavo Petro, que no pudieron destituir a la fuerza con el acompañamiento popular. Con Bogotá humana se produjo un punto de quiebre histórico. Se probó que era posible gobernar poniendo la vida en el centro, que por el bien de todas y todos, primero los pobres, que es necesario ampliar permanentemente los derechos fortaleciendo lo público, que se puede hacer crecer la ciudad sin destruir la naturaleza y que precisamente es necesario preservar nuestra riqueza natural para garantizar la vida sana de los seres humanos. En fin, que la transformación social puede ser para la prosperidad de todas y todos lo que aún no entienden en la extrema derecha de este país. experiencia progresista en el gobierno de la ciudad, junto con otras administraciones con la misma orientación en otras ciudades de Colombia, dejó aprendizajes, capacidades y una transformación política que no puede borrarse y que hoy debemos seguir desarrollando como la experiencia y el poder social que nos ha convertido en gobierno nacional. Esa experiencia y riqueza de la construcción del poder popular es la base social y cultural de nuestro segundo gobierno progresista. Que no les quea duda, elegiremos este año con el apoyo mayoritario de la ciudadanía bogotana. El camino que hemos recorrido. En síntesis, el camino que hemos recorrido en estas décadas no ha sido, como ustedes saben, ni corto ni fácil. Ha sido el camino de un pueblo que pasó de la movilización y la resistencia popular al gobierno de la ciudad capital y de allí al gobierno nacional. Ese tránsito no fue casual, fue el resultado de décadas de lucha social, de organización popular y de construcción paciente y colectiva desde los barrios, las localidades y los territorios. Igual la luz y con la apaguen la luz y con la gente siempre con la gente siempre. fue con la acumulación de esas luchas sociales, de haber formado mujeres y hombres como líderes comunitarios, con la experiencia concreta de transformar la vida en los barrios populares, que logramos construir gobiernos locales progresistas y programas sociales que pusieron por primera vez en el centro a la gente, a las mayorías excluidas. Por lo tanto, nuestro camino no es el de haber importado ningún modelo extranjero de ninguna parte. Lo nuestro ha sido el ejercicio auténtico y soberano al lado de las luchas populares y la historia del pueblo colombiano. Fue precisamente desde esa experiencia de gobierno local que aprendimos a gobernar el país, a gobernar con responsabilidad, con sensibilidad social y para todas y todos. Por eso la historia de la lucha social en Bogotá no es un capítulo marginal, está en el corazón mismo de lo que ha sido el gobierno del cambio en Colombia. Bogotá ha sido laboratorio, escuela y motor de las transformaciones que hoy vive el país. Aquí se ensayaron políticas que demostraron que otra forma de gobernar sí es posible. Y precisamente por estas razones, Bogotá seguirá estando en el centro de la política nacional y en el centro de nuestro programa, de nuestro programa y del programa del segundo gobierno del cambio. Bogotá no es solo la capital administrativa del país, es un referente político, social y ético de la transformación. Basta analizar simplemente las políticas centrales de la Bogotá humana y compararlas con las políticas del gobierno del pacto histórico para comprender que existe una línea de continuidad y coherencia política entre una y otra. No improvisamos, profundizamos un proyecto histórico de justicia social, democracia y dignidad. Así como hizo la alcaldía de Gustavo Petro, en la ciudad, el gobierno del cambio ha demostrado con hechos resultados concretos que gobernar para las mayorías no solo es posible, sino absolutamente necesario. Ambos gobiernos, desde la alcaldía y el poder ejecutivo, han trabajado para reducir la pobreza. y la desigualdad para elevar los ingresos de los hogares que hoy tienen un salario vital y no simplemente un salario mínimo, para ampliar el acceso a la educación, a la vivienda digna, al agua, a los derechos fundamentales a la vivienda. que durante décadas fueron mezquinamente negados. Ese es nuestro legado, esa es nuestra tradición, esa es nuestra experiencia y esa es la base sólida sobre la cual vamos a seguir avanzando con el pueblo para profundizar el cambio y hacer de Colombia un país más justo, democrático y verdaderamente incluyente. Lo he dicho con claridad y quiero reiterarlo en esta plaza. Mi gobierno será el gobierno de defensa firme de las transformaciones sociales ya emprendidas, pero será también el gobierno de su consolidación y ampliación. No venimos a administrar lo existente. Venimos a profundizar las reformas y acelerar las transformaciones sociales que el país clama con urgencia. El nuestro será un gobierno que impulse, como lo he dicho, tres grandes revoluciones para hacer irreversible el cambio social, la revolución ética para contrarrestar y liquidar la corrupción, la impunidad y el uso privado del Estado y los recursos públicos, la revolución social y económica para garantizar justicia social, redistribución de la riqueza y prosperidad para todos y la revolución política y democrática para ampliar definitivamente la participación ciudadana y devolverle al pueblo el poder constituyente. Durante décadas el Distrito Capital ha sido organizado bajo un modelo urbano que privilegia la especulación inmobiliaria, la rentabilidad privada y la captura de la renta pública y las zonas urbanas para intereses privados. Ese modelo ha producido segregación social, pobreza, expulsado a la periferia a quienes sostienen la ciudad con su trabajo cotidiano. Frente a esa realidad, en las próximas semanas, como pacto histórico, presentaremos propuestas programáticas para que Bogotá continúe avanzando en su transformación. y su consolidación como una ciudad justa. Vamos a presentar como pacto histórico junto a nuestras candidatas, candidatos a la Cámara de Representantes y al Senado. El proyecto de un gran pacto por Bogotá, pacto ciudadano para cambiar definitivamente el rumbo de la exclusión. construir una ciudad que ponga la vida en el centro de la planificación urbana y de la construcción del territorio. Un pacto, un pacto que parta de una convicción profunda. La ciudad no es una mercancía ni un bien privado. La ciudad es un espacio vital y democrático que nos pertenece a todas y todos los ciudadanos. El desarrollo de la ciudad no se restringe a garantizar servicios públicos individuales. Significa democratizar la planificación urbana, reconocer la autogestión barrial, la auditoría de los recursos públicos, fortalecer lo comunitario y garantizar que la ciudad se piense y construya para quienes la habitan y la cuidan todos los días. Significa reconocer y garantizar los derechos fundamentales de la gente. El derecho a la movilidad, el derecho al hábitat y a la vivienda, el derecho a la soberanía alimentaria y a la alimentación, los derechos a la educación y, por supuesto, a la salud. al trabajo, al trabajo, la reforma al trabajo. Como parte de los programas de nuestro gobierno, me comprometo ante ustedes, me comprometo con la ciudadanía bogotana a impulsar en diálogo con las autoridades distritales y con los movimientos sociales, un programa que continúe el camino de hacer de esta gran ciudad. La Bogotá humana que soñamos, donde la dignidad, la igualdad y la vida esté en el centro de todas las decisiones políticas. Compañeras y compañeros, hoy comienzo mi recorrido electoral por Bogotá. Visitaré localidades, barrios, plazas, calles en diálogo con la ciudadanía para exponer nuestro programa, para presentar a nuestras figuras políticas, grandes figuras políticas candidatas a la Cámara de Representantes y al Senado. y para pedirles que el 8 de marzo votemos tres veces pacto por nuestras candidatas y candidatos al Senado de la República, por nuestras candidatas y candidatos a la Cámara de Representantes. en la consulta del gran frente democrático que me llevará el próximo 7 de agosto a encontrar y abrazar en la puerta del Palacio de Nariño a nuestro presidente Gustavo Petro y asumir el relevo para iniciar el segundo gobierno. de la transformación histórica y social de Colombia. Que viva, compañeras y compañeros, Bogotá, capital de resistencia, dignidad y transformación social. Que viva el pacto histórico, el gobierno del cambio y el presidente Gustavo Petro. Que viva Colombia. Patria libre, digna, soberana. Nunca, nunca nos dejaremos mancillar ni intervenir por una potencia extranjera. Go!";"2403"
"NHk8aa6fN2Q";"20260123";"Encuentro con los pueblos WIWA y KANKUAMO";"https://youtu.be/NHk8aa6fN2Q";"Démosle la bienvenida y el recibimiento como se merece el futuro presidente de Colombia, Dr. Iván Cepeda. Bienvenido, doctor Iván. Aquí está su pueblo que lo quiere y que lo va a elegir, presidente. Muchas gracias. Muchas gracias. En primer lugar a los pueblos, pueblo Cancuamo, el pueblo Hua, el pueblo yupa, a todos los pueblos de la sierra y a todos los pueblos indígenas del país, a sus autoridades, por supuesto, tanto políticas como espirituales, a cada una de sus personas, familias, comunidades, mujeres, niños y también a los hombres. Decirles que estoy muy agradecido por que en la mañana de hoy las autoridades espirituales han hecho una labor para protegerme, que yo valoro mucho y en la cual creo profundamente porque necesitamos protección, unidad frente a lo que viene, porque hay fuerzas que quieren acabar con la vida. Hay que decirlo. Yo no soy amigo de usar armas. Me gusta más la palabra, me gusta más la fuerza de la unidad de la gente, pero tenemos que proteger la vida hoy. Así que admiro profundamente lo que ustedes han hecho. Yo conocía al pueblo Cancuamo hace muchos años. y trabajamos de la mano con muchos de sus dirigentes jóvenes que está Daniel a quien aprecio tanto. Y efectivamente en ese momento protestamos por el genocidio, la palabra es exacta, que se estaba perpetrando y se sigue perpetrando contra los pueblos indígenas, en este caso de la sierra. Así que cuentan conmigo para esto y para lo que viene. Yo no hablo a nombre del presidente Petro, que somos dos personas y personalidades diferentes. Somos una sola fuerza, pero cada quien tiene su voz y tiene su estilo. Pero estoy seguro que si el presidente hubiera sabido que yo venía, me hubiera pedido que lo saludara en nombre de él y decirles que él está con ustedes. Puede ser que todavía no haya llegado a todos los territorios, pero este gobierno ha defendido a los pueblos, ha hecho una labor y un esfuerzo por protegerlos, por darles cada vez más participación en la vida. política de ese mundo que está allá también y por darles reconocimiento a sus eh tradiciones, su sabiduría, su cultura, su poder, porque somos conscientes de la sabiduría de los pueblos indígenas. Yo me siento honrado estar aquí hoy acogido por ustedes. Para mí es más importante probablemente que cualquier otro evento político estar con los pueblos. Ese es mi mandato esencial. Es a lo que me debo y aquí es donde me siento de la mejor forma acogido. E necesitamos hoy trabajar por la unidad. la unidad de los pueblos indígenas, la unidad entre nosotros, las culturas otras que hacen parte de nuestra nacionalidad y la cultura de los pueblos indígenas, la unidad entre nosotros y la naturaleza. Los hermanos menores hemos perdido la capacidad de escuchar a la naturaleza. Nos hemos vuelto un poco sordos. Hemos perdido la capacidad de entender la importancia que tiene ese nexo fundamental con el universo, con la madre naturaleza. Y por eso es que hemos perdido mucho en esa cultura que ha ido surgiendo, que le llamamos neoliberalismo. Neoliberalismo quiere decir que todo se vuelve una mercancía, que todo se puede comprar, todo se puede vender, que la naturaleza es una mercancía, que los seres humanos son mercancía. Y entonces cuando las cosas se vuelven mercancía, cuando los seres vivos se vuelven mercancía, viene la muerte, viene poco a poco un proceso de extinción de la vida, como lo hemos visto, porque esa lógica, esa idea lleva a que es inagotable el recurso, el agua es inagotable, podemos derrocharla. Mañana la volveremos, como hemos visto botellas y la venderemos y seguirá brotando. No, el agua es finita, la naturaleza es finita. Entonces, nosotros tenemos que aprender de ustedes, y por eso es que estoy aquí, la sabiduría de entender de nuevo, de volver a escuchar, de volver a entender nuestro origen, que es el origen de la casa común, como se ha dicho, de la madre naturaleza, de la armonía entre todas y todos nosotros. con ella y en general con lo que queremos para el mundo, para nuestra cultura como seres humanos. Y eso es lo que yo voy a hacer en mi gobierno. Voy a intentar con todas mis fuerzas, pero sobre todo con una fuerza fundamental. Esa fuerza va a ser escucharlos y hacerlos partícipes a ustedes. Esa es la fuerza nuestra, nuestra unidad con el pueblo, nuestro servicio al pueblo, nuestra consagración a lo que necesitan los pueblos. Entonces, allí es donde vamos a tener la fuerza, no en las armas, no en el dinero, no en la politiquería, no en el odio, no en el miedo. Vamos a tener la fuerza en nuestra solidaridad y nuestra unidad. Entonces, ese es mi compromiso, eso es lo que voy a hacer. Por supuesto que recibo estos documentos como mandatos y haremos todo lo necesario juntos. Juntos. Ustedes son gobierno en estos territorios. Nosotros vamos a hacer gobierno en el estado colombiano, entonces tenemos que unir las fuerzas para lograr el propósito. Y entonces cuando ustedes voten, me parece muy importante ese llamado a votar porque para ser presidente hay que tener los votos necesarios. Yo volveré con mis tumas que ustedes me han entregado y obviamente haremos ya sellaremos ese compromiso. En serio, muchas gracias.";"891"
"CE68KVNjyvU";"20260124";"IVAN CEPEDA： LA REBELIÓN CIUDADANA CONTRA LA GRAN CORRUPCIÓN";"https://youtu.be/CE68KVNjyvU";"He escrito para la tarde de hoy, compañeras y compañeros, una intervención que lleva el siguiente título: La rebelión ciudadana contra la gran corrupción, la rebelión del pueblo colombiano contra la corrupción. Queridas compañeras y queridos compañeros, siempre, siempre es motivo de profunda emoción y alegría regresar a esta tierra. Valledupar y Cesar no son solo un territorio del Caribe colombiano, son una geografía marcada por las luchas sociales, por el dolor y también por la esperanza de sus pueblos y comunidades. Ayer, apenas llegando, participé en una ceremonia de protección espiritual junto a las autoridades ancestrales de los pueblos Cancuamo y Hiua, escuché sus palabras sabias y serenas sobre la urgencia de proteger la madre tierra de la cual No somos dueños, sino que somos parte. Recordamos juntos con los Cancuamos y los Huchas libradas en las que participé también para detener a los responsables del genocidio que se ha ido pretendiendo realizar para arrebatarles su territorio sagrado, la Sierra Nevada de Santa Marta. Defender la vida de los pueblos indígenas ha sido y sigue siendo una defensa de la vida de toda nuestra nación. Pero este, el genocidio contra los pueblos indígenas no ha sido el único crimen cometido en estas tierras. Lamentablemente, ayer también tuve la oportunidad de saludar a mi colega y querida amiga Imelda Daaa, que espero esté escuchándonos, una de las muy pocas sobrevivientes del genocidio contra la Unión Patriótica. Su sola presencia, su exilio de años es un testimonio vivo de la barbarie que se quiso imponer y de la resistencia que no pudieron extinguir. La Unión Patriótica sigue viva más que nunca y hace parte del gran pacto histórico. Yelda, me recordaba la conversación de ayer. Ah, él aquí y Melda me recordaba en la conversación de ayer que buena parte de esta ciudad ha sido construida por luchadoras y luchadores sociales. Hoy más de 30,000 habitantes de Valledupar viven bajo la amenaza del desalojo por ocupar supuestas tierras ajenas. son en su gran mayoría víctimas del desplazamiento forzado, expulsadas por la violencia de los Santanderes y de distintos rincones del Caribe. Es una injusticia histórica que no podemos seguir tolerando ni normalizando y para la cual reclamamos solución efectiva para los desplazados de la violencia. Aquí en este departamento el paramilitarismo intentó arrasar con todo el tejido social. Buscó destruir las organizaciones populares y durante más de dos décadas capturó y coptó a la Universidad Popular del César. Por eso esta universidad, sus docentes, trabajadoras y trabajadoras y trabajadores estudiantes han sido reconocidas como víctima de crímenes de lesa humanidad en este departamento. Aunque aún esperan la reparación real, integral y efectiva, debemos hacer efectiva la reparación de todas las víctimas de la violencia en Colombia, como ha ocurrido en muchas regiones del país, los pueblos indígenas, los sectores populares, urbanos y rurales, sus movimientos sociales han padecido la violencia económica y padecen la persecución política en varias regiones del Colombia. Se busca imponerles a toda costa el modelo neoliberal, pero aquí, como en tantos otros lugares del país, no lograron quebrar la voluntad del pueblo colombiano, porque este territorio también es ejemplo de resistencia, organización y lucha por el cambio social. Así lo demuestran los avances del pacto histórico, el respaldo popular al gobierno del cambio y la creciente favorabilidad de nuestro presidente Gustavo Petro, a quien saludo desde esta tribuna, Valledupar y César. Viva Petro. Valledupar y Cesar muestran las razones por las cuales este año vamos a triunfar. Compañeras y compañeros, el 8 de marzo elegiremos una poderosa bancada parlamentaria con congresistas como nuestra amiga Alexandra Pineda y todos los que hemos escuchado aquí. Y yo seré elegido candidato de un gran frente democrático y luego su presidente de la República en primera vuelta. Gracias. Se vive, se siente, sea presidente, se vive, se siente, sea presidente. Se vive, se siente, sea presidente. Vengo hoy aquí a esta plaza a hacerles una invitación. Quiero invitarlos e invitarlas a la gran rebelión del pueblo colombiano contra la gran corrupción. Desde el inicio de mi campaña he sido muy claro, uno de los ejes centrales del segundo gobierno progresista que deberá profundizar los cambios sociales, será enfrentar de manera decidida, sólida y estructural la corrupción que carcome al Estado colombiano y socava la confianza de la ciudad. ciudadanía en la democracia. No se trata de un asunto menor. Hablo de un tremendo entramado profundamente arraigado, donde se articulan la codicia de los políticos, la gran corrupción y la resistencia a los cambios y reformas sociales. Ese es el nudo que debemos desatar, compañeras y compañeros, para avanzar en la transformación de la sociedad colombiana, derrotar la corrupción y lo haremos juntos. Quiero decirlo con la experiencia y la autoridad moral que me da el haberme enfrentado a través del control político a las mafias y a la corrupción. Hoy el Congreso de la República, quizás como ninguna otra institución en el país, encarna para vergüenza de la nación y del estado de derecho lo peor de esa fórmula perversa que empobrece a millones de personas mientras enriquece a un puñado de políticos y sus intermediarios poderosos en Colombia. Lo afirmo después de 15 años de debatir en el Congreso contra estos vicios. A lo largo del tiempo, el Congreso de la República se ha ido convirtiendo en escenario de prácticas que deshonran la función pública, corrupción sistemática, extorsión legislativa, prebaricato, enriquecimiento ilícito, conflicto de intereses, penetración de redes mafiosas y criminales que capturan decisiones legales y normativas del Estado colombiano. Año tras año vemos el mismo espectáculo, compañeras y compañeros. Los que ayer eran congresistas que pronunciaban discursos altisonantes sobre la moralidad pública y buenas costumbres, terminan compareciendo ante la justicia. desenmascarados como jefes de estructuras criminales y yendo a la cárcel. Esa contradicción no es una excepción, sino es demostrativa del síntoma de un sistema político profundamente enfermo. Y quizá lo más grave de todo eso es cuando señala la responsabilidad, cuando se nombra a los responsables y se cuestionan esos poderes, como lo hemos hecho junto al hoy presidente de la República, Gustavo Petro, cuando fue congresista. La respuesta no es la rendición de cuentas, sino la persecución política y judicial contra quien se atreve a denunciar. Nuestra lucha es contra un régimen de corrupción que se resiste a morir porque sabe que su de que de su caída depende la democracia real en Colombia, en la que el Congreso sea por fin la casa del pueblo y no una guarida de acción e intereses criminales. El neoliberalismo convirtió la política en un lucrativo negocio que comienza por los grandes salarios de los funcionarios de alto gobierno y del estado. continúa con el despilfarro y la opulencia en el gasto público y concluye con operaciones de saqueo multimillonario al Estado, a los impuestos, a la contratación y a los recursos públicos. El Congreso se ha convertido en un fortín de esa Concepción. Las y los congresistas, por lo menos algunos numerosos de ellos, mientras protestan airadamente por la reducción de sus ingresos, no tienen ningún escrúpulo en condenar con furia el aumento del salario mínimo de los trabajadores y las trabajadoras del país, que gracias a nuestro gobierno por primera ese salario vital que ha aumentado un 23%. La austeridad que ellos pregonan ha sido para el pueblo y nunca para ellos. son quienes hacen presente presidente presente presidente vive si presidente son quienes hace apenas unos meses intentaron hundir la reforma laboral y ya hoy han buscado acabar con La reforma pensional es el caso, por ejemplo, de sectores liderados por el uribismo y por figuras como la senadora Paloma Valencia, una de las candidaturas presidenciales de Álvaro Uribe Vélez, quien quiere tumbar la reforma pensional. No lo vamos a permitir. Cuando se trata de garantizar derechos, dicen que no hay recursos. Cuando se trata de recortar privilegios de ellas y ellos, gritan persecución. Son los mismos congresistas que se declaran impedidos cuando se debaten leyes sobre las tierras. Días, porque esas tierras que pertenecen a la nación han terminado en sus manos y en manos de sus familias. Hay que decirlo claramente y a todos nos viene un apellido aquí en esta plaza la memoria. Ellas y ellos se oponen a la jurisdicción agraria y a profundizar la reforma rural integral y convertirla en una revolución agraria. Son los mismos que desprecian las reformas sociales, que atacan los diálogos de paz y que hacen todo lo posible para bloquear la acción de la justicia, como ocurrió en su momento con uno de esos senadores que hoy vuelve a aspirar al poder y se llama Álvaro Uribe Vélez. A estos sectores les resulta natural que el pueblo se apriete el cinturón. Para ellos es natural que el pueblo se apriete el cinturón, que las mayorías vivan en la pobreza y la vulnerabilidad, mientras una élite política sigue acumulando privilegios, salarios exorbitantes e impunidad, llegó el momento de sacarlas y sacarlos del Congreso. ni un voto, ni un voto para la corrupción. Durante mi campaña electoral he definido los principios éticos que rigen mi ejercicio político. La honestidad como práctica social como ejemplo y necesidad indispensable para la superación de la corrupción. La verdad como guía para la preservación y la honra de nuestra memoria como pueblo. Nuestro lema central de campaña es el poder de la verdad, la austeridad republicana, que significa que ante la crisis quienes deben apretarse el cinturón son los gobiernos y los políticos, no el pueblo. Desde esos principios, compañeras y compañeros, en octubre del año pasado en Cali propuse avanzar en la construcción de un sistema nacional contra la corrupción, que tenga elementos de prevención, investigación, juzgamiento, fondo de reparación para las víctimas de la corrupción, presencia efectiva en territorios y lo más importante, que es a lo que vengo a hablar aquí hoy, la rebelión de la ciudadanía contra la gran corrupción. ¿Qué significa, compañeras y compañeros, esta rebelión ciudadana contra la corrupción? Una rebelión ciudadana contra la gran corrupción no es un estallido de rabia ni un acto de venganza. Es una rebelión pacífica, pero firme, democrática porque educa a ser insumo frente a la injusticia. Debemos atacar con fuerza la mentalidad propia del régimen de saqueo que se ha consolidado en la sociedad colombiana. La gran corrupción no es solo el robo de recursos públicos, es la normalización del abuso. Es el cinismo convertido en sistema, es la idea repetida hasta el cansancio de que cada de que perdón de que nada puede cambiar y de que la política es por naturaleza sucia e inmoral. La rebelión ciudadana comienza en una cuestión de cultura. En las escuelas, en los colegios, en las universidades, desde temprano se debe formar a la niñez y a la juventud para desarrollar el pensamiento crítico contra la corrupción. Una rebelión ciudadana nace cuando la gente comprende que la corrupción es un problema social que debe ser erradicado con la acción política colectiva y para ello es necesario educar a las nuevas generaciones, a la juventud en primer lugar, en la diferencia entre la política como servicio público o la política como negocio. para el lucro personal. La rebelión ciudadana contra la gargan corrupción empieza cuando entendemos que ese régimen de rapacidad para robar recursos de los impuestos y de la ciudadanía es el peor efecto que trajo el neoliberalismo al privatizar lo público, convertir en mercancía la función pública y en general convertir a la política en un negocio y en un tráfico de intereses. La rebelión ciudadana como cultura empieza en la conciencia. Empieza cuando la sociedad deja de admirar al corrupto como exitoso y triunfante y comienza a señalarlo como lo que es en realidad un traidor del pueblo colombiano. La rebelión ciudadana contra la gran corrupción implica no reelegir a los corruptos y ejercer el voto consciente e informadamente en las elecciones. Revelarse contra la gran corrupción es decir, basta la impunidad de los poderosos. Es negarles el derecho a seguir gobernando sin rendir cuentas. es disputar el sentido mismo del poder. El poder no ser para enriquecerse. El poder debe ser para servir al pueblo colombiano. Se trata de que cada persona cuando vote se informe sobre los antecedentes penales, disciplinarios, financieros de las candidatas y los candidatos. La rebelión ciudadana, por último, consiste en la movilización de la sociedad y sus organizaciones mediante la generalización de herramientas de control político como las auditorías ciudadanas, el ejercicio de la vigilancia, los escrutinios y los resultados electorales. Necesitamos miles de testigos electorales. el día de las elecciones que vigilen los resultados y los votos que serán depositados por el pacto histórico. Por último, la rebelión ciudadana es la recuperación de la política como herramienta de transformación y no como negocio. La historia demuestra que los régímenes corruptos caen cuando la la ciudadanía despierta. se organiza y decide obedecer y a rebelarse contra la injusticia. Esta rebelión que necesitamos hoy en Colombia, la rebelión de la dignidad contra el saqueo, la rebelión de la ética contra el cinismo, la encabezaremos desde el segundo gobierno progresista que elegiremos este año. Presidente, se vive presente presidente vive presente pega presidente. Compañeras y compañeros, para avanzar en esta lucha por la honestidad y la verdad, les hago la invitación a redoblar nuestros esfuerzos en estos meses decisivos para defender nuestros derechos políticos y lograr nuestro triunfo electoral. Ya los grandes medios de comunicación han comenzado una campaña para privarme del derecho a participar en la consulta del próximo 8 de marzo. Este sería un acto de violación de los derechos políticos de millones de personas que participamos en la consulta del 26 de octubre pasado. Llamo a nuestros comités electorales, a todo el pacto histórico, a todas las personas activistas a que estén alertas si se quiere violar nuestros derechos políticos. y que si se impide nuestra participación nos movilicemos pacíficamente, pero de manera resuelta, porque no pueden impedirnos que se vote el día 8 de marzo. E igualmente las invito y los invito a que no nos dejemos arrebatar los puestos electorales de las zonas rurales del país. Ya comenzamos a escuchar que el orden público hace difícil o imposible la realización de elecciones en los municipios en los que el pacto histórico tiene su mayor votación. No debemos permitir que se trasladen los puestos de votación ni el 8 de marzo ni el 31 de mayo cuando es la primera vuelta electoral. Les hago la invitación a que vayamos casa por casa, calle por calle, plaza por plaza, vereda por vereda, resguardo por resguardo y que distribuyamos en el caso de Valledupar 600,000 ejemplares de nuestro periódico y publicidad, explicándole a la ciudadanía por qué debe votar por nuestras candidatas y candidatos y por mí para ser presidente de la República. El 8 de marzo debemos votar tres veces pacto. Primero, por nuestras candidatas y candidatos a la Cámara de Representantes. Segundo, por nuestras candidatas y candidatos al Senado de la República y que voten por mí en la consulta del Gran Frente Democrático para que mi marcha hacia el Palacio de Nariño culmine el próximo 7 de agosto, cuando en la puerta de ese palacio me encuentre con nuestro presidente Gustavo para darnos un abrazo. Que viva la lucha y el pueblo de Valledupar y Cesar. Que viva el pacto histórico, el gobierno del cambio y el presidente Gustavo Petro. Que viva Colombia, patria libre, digna y soberana. Viva se vive, se siente, se vive, se siente presidente, se vive, se siente la foto. De igual manera a todas las delegaciones de los municipios del Cesar, de la Guajira, del Magdalena, a los 25 corregimientos, a los diferentes barrios de Valledupar, sus comunas y estamos pendientes para el día 8 departamento del Cesar de Fera. el mejor partido que existe hace rato. Está lista cerrada a la cámara que apoya a las mujeres y al medio ambiente también. Vamos a vencer. La lucha sigue porque vamos a ganar y así el pesar pronto tiene que cambiar. Este gobierno de cambio seguirá con igualdad para los demás. Ay, ay, ay. Esta es la mejor lista, la lista cerrada a la Cámara de Representantes por el departamento del Cesar. Y este es parto. Sí, señor. Pto histórico. O Pedro es y se peda el mejor de los candidatos. El gobierno de la gente que potencia de la vida, que ayuda a los campesinos, ya lo ven con buena fe, lista cerrada a la cámara va y es del pacto y vamos a triunfar y por ellos es que vamos a luchar. Vamos a votar para ganar. Ay, ay, ay. Ya lo sabes, este 8 de marzo vota a la Cámara de Representantes por el departamento de César, lista cerrada, el pacto histórico. Esta es la lista de nuestro presidente Gustavo Petro. Muchas gracias. Gracias, gracias, gracias, gracias. Ah.";"2814"
"XYtTC7LarOw";"20260128";"IVÁN CEPEDA： DEFENDAMOS NUESTROS DERECHOS POLÍTICOS";"https://youtu.be/XYtTC7LarOw";"Espera, amigo, el pueblo está contigo. Se espera, amigo, el pueblo está contigo. Se espera, amigas. Gracias. Gracias Cúcuta. Gracias Catatumbo. Gracias Norte del Santander. He preparado unas cuantas líneas, queridas compañeras y queridos compañeros. para este encuentro que tenemos hoy se llama de la siguiente manera. Defendamos nuestros derechos políticos en las últimas décadas como parte de mi trabajo junto a las víctimas del conflicto armado y en mis recorridos por los territorios, caminando al lado del movimiento campesino, siempre regreso al catatumbo y a norte del Santander. con una certeza profunda. Aquí, incluso en medio de la guerra y del abandono, el pueblo nunca renunció a la vida y a la esperanza. Siempre recuerdo con admiración que en esta región del país el movimiento social floreció en medio de la violencia. como una respuesta colectiva y consciente para defender la vida, la tierra y el territorio como una decisión ética y política de construir la paz cuando la guerra parecía imponerse siempre como destino. Eso ha sido posible gracias a la valentía serena del movimiento campesino e indígena, de las comunidades afrodescendientes, gracias a la fuerza incansable de las mujeres, liderezas sociales, a la actuación firme del movimiento sindical, a la energía transformadora de la juventud y a la perseverancia, la perseverancia de las organizaciones de víctimas que han enfrentado los crímenes más cruentos y su impunidad con el poder de la verdad. Estos ejemplos de fortaleza humana, de generosidad y de entrega a la vida popular que nacen el norte de Santander, son parte esencial de nuestras luchas colectivas como nación. son escuela ética y política de la cual debemos siempre aprender. Por eso, mi primer mensaje hoy aquí es expresar gratitud y reconocimiento al gran movimiento social y al pueblo de esta región que ha puesto tanto sacrificio y que nos ha enseñado a resistir y a luchar de manera perseverante, incluso en las peores circunstancias. El mejor homenaje que podemos rendirle a este pueblo, a esa historia legendaria, es continuar el camino del cambio social que emprendimos en 2022 con el pacto histórico y el gran presidente que tenemos, Gustavo Petro Urrego. Se trata de que ahora reelijamos el programa de las transformaciones sociales, de la equidad, de la lucha contra la pobreza y la desigualdad. Se trata de elegir el 8 de marzo una poderosa bancada en Senado y Cámara, cuyas dignas y dignos candidatos tenemos aquí en esta tarima y para quienes pido un gran aplauso. Se trata de elegirme a mí como el candidato del Frente por la vida. Así lo hemos llamado, Frente por la vida. Es, eso es, eso es, ese es, es para ser el digno sucesor del presidente Petro. Eso, compañeras y compañeros, no solo tengan la certeza de que podemos hacerlo, sino la convicción de que lo vamos a hacer. Vamos a ganar este año y a profundizar el cambio social. Vamos a triunfar para elegir un segundo gobierno del pueblo y al servicio del pueblo. Vamos a cerrarle el paso a la extrema derecha de este país. algunas empresas de comunicación barato el pueblo está barato baratos en tabernacos. Algunas empresas de la comunicación y candidatos políticos de la extrema derecha han querido presentar esta elección. como el enfrentamiento entre dos extremos ideológicos, el que representa Álvaro Uribe Vélez y el que encarna nuestro proyecto progresista. Falso. Esa es una caricatura de la realidad política. El verdadero enfrentamiento es entre dos posiciones claramente diferentes. Una neoliberal. y profundamente autoritaria y depredadora hasta la muerte, la del uribismo, y la otra, la que representamos nosotros y nosotras, la del cambio social, la defensa de la vida, de la participación y la movilización política del pueblo. Basta que lo recordemos. Presente. Presidente, se vive. Presente. Quea. Presidente que vive. Se siente. Quea. Presidente se vive. Se siente sea. Presidente. Basta que lo recordemos, que hagamos un poco de memoria, compañeras y compañeros. Entre 2002 y 2010, el uribismo empobreció al pueblo colombiano. Sembró el país de falsos positivos que para política despojó de tierras, destrucción de derechos sociales, violencia y odio. Entre 2018 y 2022, no solo el uribismo intentó destruir el acuerdo de paz, sino que acentuó la pobreza en la postpandemia y terminó provocando el gran estallido social. Durante años, Álvaro Uribe Vélez y la extrema derecha han construido su poder autoritario, apelando al miedo y al odio. Y en esta campaña quieren hacer de su odio al cambio social un instrumento electoral y del miedo a la inseguridad una forma de someter las conciencias. Pero Colombia, señoras y señores, ya no es la misma. El país cambió. La gente ha comenzado a entender que los derechos no se mendigan, se exigen y se ejercen. Que para acabar con la violencia se debe atacar la desigualdad social y transformar económicamente los territorios. Esta elección no la va a ganar el que más grite, el que más despierte rencores. La ganaremos las fuerzas progresistas, nosotras y nosotros, porque la gente sabe que el gobierno ayudó a mejorar su vida de manera concreta y real. No pasarán, no pasarán. Y lo más importante de todo, reconociendo la dignidad del pueblo, no con subsidios caritativos, no con limosnas que se entregan con arrogancia, no con tamal y lechona, digámoslo así en lenguaje popular el día de las elecciones. Los programas y reformas sociales del gobierno del Pacto Histórico y del presidente Petro reconocen derechos que ha ganado la gente con su vida esforzada de trabajo. conocen a las madres comunitarias que generosamente han cuidado a los niños ajenos, a los vendedores informales que generan también crecimiento económico a los jóvenes de las barriadas populares que merecen un futuro. A las y los campesinos que producen los alimentos, a los soldados y patrulleros del ejército y de la policía. que son quienes llevan a cabo las más duras tareas en el terreno y no esos que desde Bogotá con un vaso de whisky brindan por más guerra en los territorios. Esas políticas reconocen la sabiduría de nuestros pueblos indígenas y nuestras comunidades afro, la riqueza que producen las trabajadoras y los trabajadores de nuestro país. Este gobierno convirtió el salario mínimo en salario vital con un aumento sostenido que este año llega al 23%. Este gobierno le redujo por fin los salarios a los congresistas. Este gobierno ha sacado de la pobreza a más de 2 millones de personas. Ha entregado cientos de miles de hectáreas a los campesinos. Ha creado un sistema pensional que incluye a las personas mayores, más pobres. Así es que se gobierna. Así así. Así es que se gobierna. Así. Así. Así es que se gobierna. Así es que se gobierna. En norte de Santander, junto con las comunidades y sus organizaciones, el gobierno creó el programa de transformación territor territorial más ambicioso que haya tenido el catatumbo, el pacto catatumbo. impacto que contempla obras e inversiones capaces de transformar profundamente el espacio vital de las poblaciones en beneficio directo de las comunidades y como base material para la construcción de una paz duradera. No permitamos, compañeras y compañeros, que los recursos del pacto catatumbo se queden en los intermediarios. Vamos a vigilar cada peso para que se convierta en obras reales que mejoren la vida de la gente. Este gobierno reactivó y fortaleció el comercio con Venezuela en la frontera, logrando que el intercambio entre ambos países y entre nuestros pueblos volviera a florecer, generando oportunidades, empleo y desarrollo para la región. De igual manera ha impulsado la Universidad del Catatumbo porque las poblaciones rurales tienen los mismos derechos que las otras poblaciones a una educación superior pública de alta calidad y excelencia al desarrollo del conocimiento, a la ciencia y a la innovación tecnológica como herramientas fundamentales. para transformar nuestros territorios y convertir a Colombia en una potencia mundial de la vida. He venido hoy aquí a comprometerme con ustedes. Cumpliré como jefe de estado cada una de las obras y proyectos del pacto catatumbo y cuando sea elegido mandatario de la nación, presidiré personalmente una de las sesiones estratégicas del comité directivo de este pacto para supervisar de manera personal, directa y rigurosa su cumplimiento. Amigas y amigos, hoy he inscrito oficialmente mi candidatura para la consulta del próximo 8 de marzo. Esta será la consulta del gran frente por la vida, como hemos decidido llamar a nuestra coalición. Uribe y sus precandidatas y precandidatos venir su derrota. saben que en un segundo gobierno progresista continuaré y continuaremos avanzando en la transformación social del país, de los territorios y acabando las desigualdades sociales. Por eso temen nuestra victoria y ahora buscan desesperadamente impedir mi participación en la consulta presidencial del próximo 8 de marzo. quiere con interpretaciones tramposas, no solo negar mi inscripción en la consulta, sino impedir que todas y todos ustedes voten ese día en ella. Llamo a la ciudadanía, llamo a los movimientos sociales a defender nuestra candidatura y nuestros derechos políticos. Llamo a la movilización política y jurídica. De anulada mi inscripción en la consulta como candidato del pacto histórico, apelaré a la acción de tutela para que sean reconocidos mis derechos y creo creo firmemente. Presidente que vive, siente, se vea presidente que vive, se siente, se pega presidente. Y creo firmemente que los 2,700,000 ciudadanas y ciudadanos que votamos en la consulta del pasado 26 de octubre del 2025, también tienen derecho a presentar acción de tutela para defender sus derechos. Hago un llamado a todas las fuerzas del gran pacto histórico. Movilicémonos, defendamos esta candidatura, obtengamos la más alta votación en las elecciones de Congreso y derrotemos a nuestros adversarios eligiendo el segundo gobierno progresista de Colombia en primera vuelta. Nuestro presidente Gustavo Petro ha sido valiente, coherente y firme en la defensa del pueblo, aún al costo de los ataques más sucios y peligrosos. el puebloido. pueblo aarón. Desde hace décadas yo también hago parte de esta transformación política y social y hoy ante la ciudadanía y los movimientos sociales de norte de Santander, vengo a comprometerme, seré digno sucesor del cambio social, de la mejoría de la vida de los colombianos en la lucha contra la pobreza y la desigualdad. en el combate sin cuartel contra los corruptos, en el impulso de la revolución ética y agraria, en la continuidad de la búsqueda de la paz y la reparación plena de las víctimas. A los pequeños, medianos y grandes empresarios, los invito a que construyamos juntos la prosperidad de Colombia. Si derrotamos la pobreza y la desigualdad, ganaremos todos. Ganaremos todos. Por el bien de Colombia, primero los pobres. Los inst. Vamos a ganar. Vamos a ganar. Vamos a ganar. Vamos a ganar. Vamos a ganar. Vamos a ganar. Los insto a recorrer cada barrio, cada casa, cada plaza, cada calle, cada vereda en diálogo con la ciudadanía para exponer nuestras propuestas programáticas e invitar a que el próximo 8 de marzo votemos tres veces pacto. por nuestras candidatas y candidatos al Senado de la República, por nuestras candidatas y candidatos a la Cámara de Representantes y a que voten por mí en la consulta del Frente por la Vida para que el próximo 7 de agosto llegue a la puerta del Palacio de Nariño para darle un abrazo de reconocimiento del pueblo colombiano a nuestro presidente Gustavo Petro por su inmensa labor cumplida. Eso, eso, para que en ese momento yo asuma el relevo e iniciemos la marcha del segundo gobierno de las transformaciones históricas y sociales que llevarán a Colombia a ser una potencia mundial de la vida. Que viva el pueblo de Catatumbo y norte de Santander. Que viva el pacto histórico, el Frente por la vida y el presidente Gustavo Petro. Que viva Colombia, patria digna, libre y soberana. Presidente presidente. Presidente presidente. Presidente Iván Cepeda. Hay mucha polarización en Cúcuta, pero hay tres cosas que nos unen como jujutenos. la comida, el amor por nuestra tierra y el amor por el doblemente glorioso Cúcuta Deportivo que hoy juega y queremos perdemos la mitad del electorado. La otra, ¿dónde está la otra? Cúcuta acaba de convertir gol. Que retumben los lamentos de más de 6400 muertos que el estado colombiano en sus suelos enterrados por las órdenes de un arteco. En su conciencia sonará esta canción y las voces que apagó. Y el dolor de sus familias no importan, hay que llenar cifras. Era gente inocente. Buscaban trabajo y los llevó a su muerte. Campesinos con menos plata por pagar la vacuna a los paras y gente común por cualquier mínima venganza. Ahí desangró la patria. No puede dejar de hacer política para evitar el peso de la justicia y ni vive en paz. Su alma no sabe que es libertad, no lo sabrá. Ay, ay, ay. Hay una esperanza. Dios escucha los lamentos de la gente de mi pueblo que quiere paz y sabroso y un cambio real. Es Dios quien ve el corazón. No nos juzgó, nos perdonó y es él quien puede sanar la nación. cada generación y nos advirtió. No estará a favor de lo opresor. Aunque nos disparen a los ojos, se les quema el alma. Los ciegos son otros. Aunque siempre tengan que hacer fraude y disfracen de democracia. La sangre, la fuerza de la mayoría, las negritudes, profesinos y mujeres, acabando la tiranía. Ay, ay, ay. Cómo duele el alma. Porque gente defendiendo que el gobierno mate al pueblo y no separan el supuesto cambio y justicia social y que no ay. Hay una esperanza. Protestamos con esferos. En vez de almas y de muertos gobernará el del pueblo el pacto, la equidad de la vida digna y el agua.";"2278"
"YL8glR5g36o";"20260129";"IVAN CEPEDA： VAMOS A GANAR EN DEMOCRACIA";"https://youtu.be/YL8glR5g36o";"Sea, amigo, el pueblo está contigo. Sea, amigo, el pueblo está contigo. Sea, amigo, el pueblo está contigo. Y que viva quién viva Gustavo Petro. Petro. He preparado, compañeras y compañeros. unas reflexiones sobre el actual momento que vivimos y les he puesto el título, un título sencillo, vamos a ganar en democracia. Queridas compañeras y queridos compañeros, me complace venir a esta tierra tan diversa en zonas de vida y ecosistemas, así como con un movimiento social y político tan diverso y poderoso que ha librado luchas por el cambio social, la defensa ambiental, la reforma agraria, la paz y la democracia. Aquí se ha sabido defender nuestra soberanía territorial ante la voracidad de las compañías multinacionales. Se ha sabido proteger nuestra riqueza natural y el agua y el derecho a la tierra para garantizar la soberanía alimentaria del país. Un ejemplo luminoso de esas luchas ha sido la movilización frente a los peores efectos de la hidroeléctrica del Kimbo. Cierto, presidente, que ha dejado un gran número de familias damnificadas por inundaciones, pérdida de tierras, daños socioambientales, deforestación. afectación de la economía de los campesinos y los pescadores. Y además, como si todo esto fuera poco, ha dejado altas tarifas del servicio eléctrico. El departamento del Huila es hoy uno de los dos departamentos del país con la electricidad y las tarifas eléctricas más caras. Francamente no hay derecho. Por eso esta injusticia ha sido enfrentada con enorme valentía por décadas, con ferria resistencia popular, que hoy en nuestro gobierno del cambio comenzamos a apreciar y hacer que tenga frutos como la reparación de las víctimas de la hidroeléctrica del Quimbo con la entrega de 3000 de tierra a las familias damnificadas por esta mega obra. Por eso, mi primer mensaje hoy aquí es expresar gratitud, reconocimiento, admiración al gran movimiento social y al pueblo hilense por su larga tradición de luchas políticas por la transformación del país. Como lo he venido diciendo, el mejor homenaje que podemos rendir a los movimientos sociales, a la gente que ha luchado en Colombia por un cambio, es seguir el curso de lo que emprendimos en con el gran pacto histórico que hoy es una realidad política, la más importante y poderosa del país. Ahora, compañeras y compañeros, se trata de construir el segundo piso, la segunda generación del cambio social, que con valentía, coherencia y entrega al pueblo ha venido construyendo el gobierno encabezado por nuestro presidente Gustán Petrogo, se trata de elegir el próximo 8 de marzo una poderosa bancada en Senado liderada por nuestra querida compañera Carolina Corcho, a quien saludo esta tarde. y otra poderosa bancada en la Cámara de Representantes con tan distinguidas compañeras y compañeros como los que me acompañan esta tarde en esta tribuna, para quienes pido un gran aplauso y muchos votos. Se trata además de elegirme como el digno sucesor del presidente Petro. No soy amigo de las promesas y las palabras retóricas. Vengo a comprometerme con la gente del Huila a avanzar la entrega de tierras, a construir un pacto social y político para transformar el territorio al regreso del tren y el transporte ferroviario del Huila. Leila, a buscar la paz y un nuevo modelo mineroenergético, soberano y autónomo. Vamos a ganar este año y a profundizar el cambio social. Vamos a triunfar para elegir un segundo gobierno del pueblo y al servicio del pueblo. Vamos a cerrarle el paso definitivamente a la extrema derecha en Colombia. Ayer lo dije en la ciudad de Cúcuta. El pueblo estáando el pueblo estáando elando. estáando ayer lo dije en Cúcuta, algunas empresas de la comunicación, candidatas y candidatos, opinadores y analistas han venido insistiendo en que aquí estamos en la polarización de dos extremos ideológicos. el que representa Álvaro Uribe Vélez y el que encarnaríamos nosotros y nosotras. Esa, como tantas otras mentira descarada. No somos ninguna extrema. El verdadero enfrentamiento que hay en este país es entre dos posiciones diametralmente opuestas. la del uribismo, que es una opción de concentrar con violencia, riqueza y tierra, empobrecer al pueblo, proteger las mafias parapolíticas, destruir los derechos sociales, acabar con la naturaleza, entregar el país a quienes puedan garantizar impunidad frente a los crímenes de esa humanidad que han cometido. Y de otro lado, la posición nuestra, la del presidente Petro y la del pacto histórico, la de nuestras candidatas y candidatos, que es la posición del cambio social, de proteger la naturaleza, de proteger la vida, de entregar la riqueza al pueblo colombiano. y redistribuir entre quienes menos tienen la de trabajar por la democracia y la paz. Álvaro Uribe y sus candidatos y candidatas quieren eliminar los derechos que hemos reconquistado, el salario vital, la reforma pensional y laboral, la entrega de 700,000 haáreas de tierra. Quieren que volvamos al pasado en el que la única solución a todos los males y problemas era el autoritarismo, el embrujo autoritario y la violencia. Pero Colombia, afortunadamente y también el mundo han cambiado. El país ya no es el mismo que en 2002 y el Huila tampoco. La gente. Presidente que vive sea presidente que vive siente quea presidente que vive siempre quea presidente. La gente ha comenzado a entender que los derechos les pertenecen, nos pertenecen. Que no se mendigan los derechos a políticos corruptos que se exigen y se ejercen. Para acabar con la violencia se debe atacar la desigualdad social y transformar económicamente los territorios rurales y urbanos. Con frecuencia, mis adversarios me atacan por aparecer en fotografías con dirigentes de organizaciones guerrilleras durante diálogos de paz. Lo digo sin ambigüedades y sin arrepentimientos. No me avergüenzo de ninguno de los esfuerzos que he realizado durante más de dos décadas en mesas de diálogo para buscar el fin del conflicto armado colombiano, para mitigar el sufrimiento de la población civil mediante salidas humanitarias para abrir camino. de verdad, justicia y reparación a las víctimas. Uribe y la extrema derecha colombiana han buscado criminalizar la paz. Instalar la idea de que participar en procesos de paz es un delito, pero debemos recordarlo con fuerza. La paz no solo es un derecho del pueblo colombiano, es un deber de obligatorio cumplimiento, según lo dice la Constitución en su artículo 22. Por eso lo digo con toda responsabilidad. En mi gobierno como jefe de Estado, buscaré la paz por la vía del diálogo y daré cumplimiento al acuerdo final de paz del año 2016. Pero también lo digo con honestidad, claridad y franqueza, no serán diálogos eternos ni retóricos. Serán diálogos que deben producir resultados reales, verificables y concretos. A las organizaciones armadas les digo con firmeza, el diálogo es para terminar la guerra, no para prolongarla ni para fortalecerse económica o militarmente. A una voluntad de paz no se le puede responder con violencia contra la población civil, contra las comunidades, contra el liderazgo social. No hay justificación posible para continuar matando líderes y liderezas sociales en los territorios. En mi gobierno esa será una línea roja, no más defensores de derechos humanos, defensoras, líderes y liderezas sociales y ambientales asesinados por grupos armados. Haremos hasta lo imposible para acabar con eso. como no han podido derrotar por las vías democráticas a nuestro gobierno ni a nuestro presidente, como no han podido derrotar a Gustavo Petro, a quien, como lo confirman una y otra vez las encuestas, lo respalda una significativa franja del país, especialmente quienes han padecido la pobreza, la exclusión y la discriminación. Como no han podido derrotarlo por las buenas y por la democracia, ahora intentan derrotarlo por la fuerza y sin la democracia. Al no poder vencerlo, buscan hacerlo con presiones externas, apelando incluso a la injerencia política y militar del gobierno de Estados Unidos en Colombia. Sabemos bien, sabemos bien. Estamos observando que han ido a suplicar al secretario de Estado, Marco Rubio, que se judicialice al presidente Petro, que se rompa la legalidad internacional y que se intervenga de manera directa en nuestro país. Suplican porque han renunciado a la dignidad nacional. Suplica Uribe porque actúa como apátrida. suplica porque necesita que otros le cuiden su propia impunidad que aquí ya no puede sostener. Laa el pueblo Esa misma actitud explica por esos candidatos y candidatas cuando tienen la oportunidad justifican y defienden los peores crímenes que se cometen en el mundo. Hace unas noches los vimos negar lo evidente que en Gaza se ha perpetrado un genocidio contra el pueblo palestino que ha cobrado la vida de 71,000 personas. entre ellas 20,000 niñas y niños. No es casual entonces que miren con simpatía la violencia cotidiana contra migrantes y ciudadanos en las calles de Estados Unidos, como lo vimos en una terrible escena hace unos días en las calles de Minnesota. celebran que se asesine a plena luz del día a quien se atreve a socorrer a un migrante. Ese es el mundo que admiran, ese es el espejo en el que se miran y lo más grave, sueñan con importar esos métodos a Colombia o peor aún con reeditar prácticas que ya conocimos y que marcaron nuestra historia con sangre y vergüenza, como los mal llamados falsos positivos, una maquinaria de muerte que dejó miles de jóvenes enterrados y Además, estigmatizados como terroristas. Frente a esos candidatos de extrema derecha y candidatas y frente a su jefe Uribe Vélez, nuestra respuesta no puede ser el odio ni la violencia, sino más democracia, más dignidad y más defensa de la vida. Colombia no se arrodilla ante poderes extranjeros, ni traiciona a su pueblo. Colombia avanza cuando defiende la paz, la soberanía, los derechos humanos aquí y en cualquier parte del mundo. Ese es el camino que desde el pacto histórico hemos elegido y ese camino no lo detiene el miedo, ni la mentira, ni la traición. Defenderemos a nuestro presidente Gustavo Petro. Somos un pueblo digno y soberano. Compañeras y compañeros, ayer, solo ayer, inscribí oficialmente mi candidatura para la consulta del próximo 8 de marzo. Esta será la consulta del gran Frente por la vida. Así le hemos puesto a esta coalición que estamos construyendo y no han pasado 24 horas y ya están haciendo esfuerzos desesperados por impugnar mi inscripción en la consulta. Temen nuestra victoria y nuestra fuerza y ahora buscan impedir mi participación. nuestra participación utilizando caminos retorcidos para evitar que el 8 de marzo tengamos una votación numerosa y que nos lleve a la victoria en primera vuelta. Quieren violar los derechos de millones de personas que me dieron un mandato para ser el candidato del pacto histórico en la consulta del Frente por la vida. Quieren violar los derechos de nuestras candidatas y candidatos al Senado y la Cámara. Quieren impedir a todos y todas ustedes que ejerzan el derecho fundamental a elegir y ser elegidos. Invito a defender esta candidatura, nuestras candidaturas y nuestros derechos a la participación. Invito a movilizarnos política y jurídicamente. Anuncio que de ser anulada mi inscripción en la consulta como candidato del pacto histórico, apelaré, como ya lo hemos hecho, Carolina, a la acción de tutela para que sean reconocidos los derechos nuestros y los de los 2,700,000 ciudadanos y ciudadanas que votaron en nuestra consulta. Y cualquiera de esos 2,700,000 tiene derecho a presentar también una tutela para que sea respetado su propio derecho. Se los digo claramente, triunfaremos en estas elecciones votando el 8 de marzo, como lo hemos dicho, tres veces pacto por nuestras candidatas y candidatos al Senado de la República, por nuestras candidatas y candidatos a la Cámara de Representantes y los invito a que voten por mí en la consulta del Frente por la Vida. para que, como lo he dicho ya, el próximo 7 de agosto, culminando una primera etapa de esta gran marcha, llegue a la puerta del Palacio de Nariño para darle un abrazo de reconocimiento del pueblo colombiano a nuestro presidente Gustavo Petro. Y para que comencemos la segunda gran marcha de construcción del gobierno progresista de los cambios y transformaciones sociales e históricos con el pueblo colombiano. Que viva Neiva, que viva el Hila y su pueblo. Que viva el pacto histórico, el Frente por la vida y el presidente Gustavo Petro. Que viva, que viva Colombia, patria libre, digna y soberana. Que viva, que viva Iván Cepeda. Viva Cepeda. Viva Colombia. Viva el Hil. Allá si quieren retiremos esto. Viva Cepeda presidente. Viva Gustavo Petro. Viva Carolina Corcho. Viva Lourdes Mateus. La guardia fuerza, fuerza por mi tierra. Vuelta, fuerza, fuerza por mi por Sí. Dios con valentía y fuerza en sus corazones. Y Dios que con valentía y fuerza en sus corazones con justicia y pervivencia. Hoy es unos pastor por justicia y pervivilencia. Hoy es un Dios pastor. Son amigos de la paz. Frente con valor. Son amigos de la paz. A frente con valor y levantan los brazos con orgullo y sin temor. Y levantan los brazos con orgullo y sin temor. Adelante compañero. compañero defender nuestro derecho. Así nos toir defender nuestro así no toir. Guardia, guardia, fuerza, fuerza por mi raza, por mi tierra. Guardia, guardia, fuerza, fuerza por mi raza, por mi tierra. Compañeros han caído, pero no nos vencerán. Compañeros han caído, pero no nos vencerán. Porque por cada indo muerto otros miles nacerán. Porque por cada indo muerto otros miles nacerán. pacas y guardianos conosidar indios colombianos concosidará Dios colombianos Adelante compañero, dispestos a resistir. Adelante compañero dispestos a resistir. Depender nuestro derecho, así nos toque morir. en donde así nos toque morir. Adelante, acompáñenos. a resistir. Grande compañero dispuesto a resistir. Defender nuestro derecho. Así nos toque morir. Defender nuestro derecho. que Adelante compañero, dispuestos a resistir. Adelante compañero, dispuestos a resistir. Defender nuestro así nos toque morir. Así no se muera, guardia fuerza, fuerza por mi raza por mi tierra guardia guardia fuerza, fuerza por mi raza, por mi tierra fuerza, fuerza por mi raza, por mi tierra fuerza, fuerza por mi raza, por mi tierra";"2325"
"MrokR4QbeRY";"20260130";"IVAN CEPEDA： ＂Somos Constructores y constructoras de paz y d";"https://youtu.be/MrokR4QbeRY";"Muchas gracias. Abrazo con cariño, con amor a la gente de Ibagué, a la gente del Tolima. iba a presentar ante ustedes hoy algunas de mis reflexiones sobre lo que debe ser la política ambiental de nuestro segundo gobierno, pero debido a los ataques, la persecución que se ha desatado cada vez más feroz, cada vez más sucia contra nuestro presidente Gustavo Petro, contra el proceso de mi inscripción como precandidato del Frente por la Vida. he decidido postergar para mañana mi discurso sobre el ambiente y sobre su defensa y dedicar hoy unas cuantas palabras a quiénes somos y por qué nos persigue. Así que voy a leer un discurso que preparé en la mañana de hoy, que lleva por título: Somos constructoras y constructores de paz y democracia, luchadoras y luchadores para la superación de la pobreza y la desigualdad. Queridas compañeras y queridos compañeros, me alegra volver al Tolima. escenario de acontecimientos que han determinado el curso histórico de nuestra nación. Vengo a saludar a su gente, a sus movimientos sociales y a sus organizaciones populares. Aquí en este departamento han tenido lugar hechos políticos que buscaban acabar con la esperanza en el cambio social del país. Hace medio siglo aquí se firmó el llamado pacto de Chicoral. un acuerdo de contrarreforma agraria que se llama la alianza entre los grandes terratenientes, los dos partidos tradicionales de ese entonces, el liberal y el conservador y sectores empresariales con el gobierno de Misael Pastrana Borrero, un personaje nefasto que entre los males que le hizo al país fue dejarnos a su hijo Andrés Pastrana como presidente. Fue un pacto que logró neutralizar por décadas la reforma agraria y blindar la extensa e improductiva propiedad latifundista. Pero aquí también, hay que recordarlo esta tarde. Se ha sabido defender el ambiente, la naturaleza, la tierra, el agua, la soberanía de los territorios y la producción agroalimentaria. las consultas populares en defensa del territorio como la histórica de Cajamarca frente a la empresa Andol Ashanti demostraron la fuerza que tiene el pueblo organizado y movilizado. En 2016, gracias a las comunidades, a los comités ambientales de Ibague, Cajamarca y muchos municipios del Tolima, se conquistó, óigase bien, la primera consulta popular de iniciativa ciudadana en la historia del país. La victoria del campesinado, de la juventud y de la población contra la gran multinacional minera no fue solo contra un proyecto extractivista, fue una victoria que demostró que el agua vale más que el oro. Esa lucha es parte del corazón de nuestro programa ambiental, el cual con los insumos de las organizaciones de nuestras candidatas y candidatos a la Cámara de Representantes por este departamento, presentaré el día de mañana. Saludo a todas las candidatas y candidatos que están presentes en esta tarima y para quienes pido un atronador aplauso porque serán nuestros congresistas de una poderosa bancada. El ejemplo de la consulta popular ganada y muchos otros de los procesos de resistencia popular en esta región nos llenan de sentimientos de gratitud, admiración y reconocimiento al Gran Movimiento Social y al pueblo tolimense, al Movimiento Ambientalista de Caldas, que también está presente en esta plaza. Como lo he venido sosteniendo, el mejor homenaje que podemos rendir a esa historia ejemplar es continuar el camino del cambio social que emprendimos con el pacto histórico cuando triunfamos en el año 2022. En los próximos años debemos avanzar en la consolidación irreversible de esta transformación que ahora tendrá la forma de tres revoluciones. revolución ética contra toda forma de corrupción e inhumanidad, la revolución económica y social para eliminar la pobreza y la desigualdad, la revolución política y democrática para garantizar el poder constituyente del pueblo colombiano. Debemos prepararnos para continuar el cambio social que con valentía, coherencia y entrega al pueblo ha venido construyendo el gobierno encabezado por nuestro digno presidente Gustavo Petro Urrega. Así que el próximo 8 de marzo elegiremos una poderosa bancada para el Senado liderada por nuestra compañera Carolina Corcho y con figuras como las que ustedes ven aquí. Saludo de manera especialmente emocionada a mi compañera Ida Bella, Jael Quiroga, entre otras para no nombrarlas a todos. y también para que elijamos una poderosa bancada en la Cámara de Representantes con luchadoras y luchadores sociales provenientes de la experiencia y de la entraña de lo mejor del pueblo colombiano. Y también les pido que me elijan como digno sucesor de nuestro digno presidente. No soy una persona de palabras vacías y promesas politiqueras. Amigo, el pueblo está contigo. Sea, amigo, el pueblo está contigo. Sea, amigo, el pueblo está conmigo. Sea, amigo, el pueblo está contigo. Espera, amigo, el pueblo está contigo. Amigo, el pueblo está contigo. Decía que no soy una persona que le gusten las palabras vacías y las promesas demagógicas. Vengo a comprometerme con la gente del Tolima a seguir desarrollando la reforma agraria que ahora será la revolución agraria, en crear un modelo minero energético que respete la vida de las comunidades, el agua y la naturaleza en ampliar el acceso al agua potable y la creación de vías terciarias para todos los municipios de este departamento y hacer lo posible en todo el país. Vamos a ganar este año y a profundizar el cambio social. Vamos a triunfar para elegir un segundo gobierno del pueblo y al servicio del pueblo. Vamos a cerrarle el paso al señor Álvaro Uribe Vélez y a la extrema derecha. Como en todo el país, hay que recordarlo también. Como en todo el país, también aquí en El Tolima se vivió el genocidio contra la Unión Patriótica, la represión del Estado contra las organizaciones sociales, el asesinato de sindicalistas, el desplazamiento forzado, las doctrinas de seguridad estatal que incorporaban la criminalidad política, así como la acción del paramilitarismo y otros grupos armados, sobre todo en el sur del Tolima, en la zona rural, muchas comunidades campesinas han tenido que afrontar la violencia política y el despojo de sus tierras. Y en las zonas urbanas, aquí en Ibagué, se padecieron atentados, bombas contra dirigentes, alcaldes y funcionarios como forma del exterminio y la represión política. Ahora, como no pudieron derrotar por las vías democráticas a nuestro gobierno ni a nuestro presidente Gustavo Petro, a quien, como lo confirman una y otra vez las encuestas, respalda parte significativa del pueblo colombiano. Ahora, como no pueden por las buenas, intentan derrotarnos con métodos sucios. A él buscan judicializarlo, incluso en Estados Unidos. A mí buscan impedirme que participen en la consulta del próximo 8 de marzo, pero a nosotros, compañeras y compañeros, no nos van a atemorizar o amedrentar el juego sucio de Álvaro Urive Vélez y su entorno político. noará, no pasará, no pasará, no pasará, no pasará, no pasará. Sin falsa modestia, sin falsa sin falsa modestia tenemos que afirmarlo. Somos probados y fogueados, luchadoras y luchadores sociales. No es la primera vez que los enfrentamos. Es más, los hemos derrotado por las vías democráticas en los tribunales y en las urnas. y volveremos a hacerlo ahora. Así utilicen todos los métodos tramposos que ya les conocemos. Durante décadas se nos ha intentado encasillar con adjetivos infames, terroristas, subversivos, extremistas, a todo aquel que protesta o diciente, Álvaro Uribe lo va acusando de ser guerrillero. Así terminaron muertos miles de jóvenes durante sus dos gobiernos. nos han querido deshumanizar para silenciar nuestras ideas y justificar la persecución. Pero todo eso es falso, profundamente falso. Si algo han sido los movimientos de izquierda en Colombia, los movimientos sociales y populares, los pueblos y comunidades ancestrales, el campesinado, las mujeres y los jóvenes que se han movilizado, han sido todos ellos y hemos sido todos nosotros constructores auténticos de paz, democracia y equidad en Colombia. Hemos luchado incansablemente contra la pobreza y la desigualdad. Hemos sido defensores de la vida, de la dignidad y de la justicia social, aún en medio de la estigmatización, la violencia y el terror generalizado. Aunque Uribe Vélez, la extrema derecha y su entramado mediático insistan en presentarnos como fuerzas hostiles a la democracia, la historia habla con hechos, no con mentiras. Nuestra participación fue decisiva en los momentos más luminosos del país, en la conquista de la Constitución de 1991, en la defensa irrestricta de los derechos humanos, en la oposición al autoritarismo y al estado de sitio permanente, a la negación de las libertades políticas y cívicas, en la protección de las culturas originarias, en la protección y la defensa de la naturaleza, del agua y de los territorios, en la apuesta por el diálogo, la negociación e implementación de acuerdos de paz en los avances largamente postergados y ahora por fin que se comienzan a realizar en materia de reforma agraria. En pocas palabras, hemos sido las y los defensores más coherentes, verdaderos arquitectos, artesanos y artesanas pacientes de lo mejor que se ha construido en Colombia. Esa es la verdad, así duela. Y hoy por primera vez en nuestra historia republicana nos hemos constituido en gobierno. Gobierno que ha comenzado de manera real e innegable el camino de la transformación social, de las reformas estructurales de la sociedad. Un gobierno que quiere la gente del pueblo porque en medio de dificultades enormes ha comenzado a establecer el salario vital. Ha aplicado por primera vez el principio progresivo de los impuestos, los programas sociales que no son miserables dádivas, sino derechos. la economía que responda al principio por el bien de todos, primero los pobres. Esa es la verdadera razón de la persecución del genocidio político que se desató contra nosotras y nosotros de los intentos actuales por frustrar la continuidad de un proyecto que es esencialmente democrático. No nos atacan por lo que dicen que somos, sino por los cambios que hemos logrado meter en la agenda de la sociedad y convertir en realidad y por los cambios que vamos a hacer en los próximos años. Ya no es lo mismo. Ya no se puede detener el cambio con adjetivos como de terroristas y extremistas. Hoy la realidad es distinta. Hay algo que ya no pueden detener, la fuerza acumulada del pueblo colombiano a lo largo de décadas de luchas democráticas y sociales. Esa fuerza es imparable. Que se oiga bien. Seguiremos avanzando, seguiremos profundizando los cambios, seguiremos transformando la sociedad con la convicción de que la paz, la justicia social y la democracia no son concesiones, sino derechos conquistados y defendidos por el pueblo colombiano. Compañeras y compañeros, como lo dije, ahora quieren impedir mi participación en la consulta del próximo 8 de marzo, en la consulta del Frente por la Vida, como hemos decidido llamar a nuestra coalición. hacen esfuerzos desesperados por impugnar mi inscripción con retorcidos argumentos. A esa estrategia responderemos con serenidad, pero con firmeza. Daremos la batalla en la acción política y jurídica. Les hago un llamado a que defendamos al presidente Gustavo Petro, quien soporta todos los días una campaña de la extrema derecha con ataques crueles y peligrosos. Les hago un llamado a defender esta candidatura y los derechos de millones de personas. que nos han dado el mandato a candidatas y candidatos para ser los nuevos congresistas, las nuevas congresistas en el 2026 y para ser, en mi caso, el jefe de estado en Colombia. Les hago la invitación a defender nuestros derechos a la participación. Anuncio que de ser anulada mi inscripción en la consulta como candidato del pacto histórico, apelaré a las acciones legales, comenzando por la acción de tutela para que sean reconocidos mis derechos. Y creo que también cada una de las personas de los 2,700,000 ciudadanos que votaron el día 26 de octubre de 2025 tiene derecho cada uno de ellas y ellos a presentar su propia acción de tutela. Triunfaremos en esta elección. votando tres veces pacto por nuestras candidatas y candidatos al Senado de la República, por nuestras candidatas y candidatos a la Cámara de Representantes y les invito a que voten por mí en la consulta del Frente por la Vida para propinar una derrota fulminante y democrática a nuestros adversarios. ganando la presidencia en primera vuelta, de tal forma que el próximo 7 de agosto celebremosa presidente que vive presente presidente que vive presente presidente Presente, presidente, presentea presidente presente de tal forma, compañeras y compañeros, que el próximo 7 de agosto celebremos en la plaza de Bolívar, en Bogotá, en cada municipio del país, en cada barrio popular, en cada vereda y resguardo. el comienzo del segundo gobierno progresista. Cuando yo llegue a la puerta del Palacio de Nariño para darle un abrazo de reconocimiento del pueblo colombiano a nuestro presidente Gustavo Petro. por su inmensa labor cumplida y asuma inmediatamente el relevo en la jefatura del Estado para profundizar y hacer irreversibles las transformaciones históricas y sociales de la sociedad colombiana. Que viva el pueblo de Ibaguee y del Tolima. Que viva el pacto histórico, el frente por la vida. y el presidente Gustavo Petro. Que viva Colombia, patria libre, digna y soberana. Se vive, se siente, sea presidente. Se vive, se siente, sea presidente. Se vive, se siente, sea presidente se vive, se siente, sea presidente. Sea, amigo, el está contigo. Cepeda amigo, elino está contigo. Sea, amigo, el está contigo. Gracias. Gracias en nombre de todo el equipo del Pacto Histórico del Departamento del Torima. Gracias. Gracias a todos y cada uno.";"2223"
"FjbP9-e8CKM";"20260131";"IVÁN CEPEDA： ＂SOMOS LA FUERZA DE LA VIDA Y LA NATURALEZA＂";"https://youtu.be/FjbP9-e8CKM";"Muchas gracias. Un abrazo cálido, compañeras y compañeros. Mis disculpas por llegar un poco tarde a esta plaza. Sé que están muchas de ustedes y muchos de ustedes desde hace un buen tiempo aquí. un accidente. La vía impidió que llegáramos más temprano. He preparado para esta tarde unas cuantas reflexiones por escrito sobre un tema que es fundamental para el país y para el eje cafetero. nuestra política de defensa de la naturaleza y nuestra riqueza ambiental. El título que lleva este discurso es Somos la fuerza de la vida y la naturaleza. Presidente, queridas compañeras y queridos compañeros, me resulta muy grato venir a esta ciudad con la que me unen lazos familiares entrañables. Aquí en abril de 1930 nació mi padre Manuel Cepeda Vargas, senador de la República, asesinado como parte del genocidio político contra la Unión Patriótica en el año 1994. Uno más. Mucha de su rebeldía y de su espíritu de resistencia debió heredar mi padre de esta tierra y de su gente. El pueblo se ha destacado por sus luchas políticas y sociales. ha defendido férreamente sus derechos, como lo muestra, por ejemplo, la defensa de la educación pública, que han hecho el magisterio y las grandes movilizaciones que han hecho los estudiantes para mejorar condiciones laborales y defender la educación pública. Que viva el magisterio y que vivan los estudiantes. Viva, viva, viva. Aquí el movimiento social y ambiental ha protegido los ecosistemas, las montañas de la cordillera central, los ríos amenazados por la gran minería y los intentos de imponer economía de monocultivo. honor a esa historia de luchas y a los desafíos que hoy tenemos ante nosotros, vengo a comprometerme con ustedes en que al ser elegido presidente de la República, como ocurrirá este año cuando triunfemos en primera vuelta. Sí se puede, sí se puede, sí se puede, sí se puede, sí se puede. Trabajaré con mi equipo de gobierno intensamente para que Quindío sea un pujante y próspero lugar del país, una zona agroambiental para el turismo sostenible, comunitario y regenerativo para hacer respetar las consultas populares contra la gran minería. y para liberar a esta ciudad y al departamento de las mafias y redes criminales de la corrupción. Esa es nuestra gran tarea hoy y por eso debo decir presidente se vive se siente sea presidente se vive se siente sea presidente se vive se siente. Y por eso debo decirles que a pesar de todos los obstáculos, trampas, campañas sucias que se siguen hurdiendo contra el pacto histórico, el presidente Gustavo Petro y contra mi candidatura vamos a ganar este año. Viva el pacto histórico. Viva. Vamos a triunfar para elegir un segundo gobierno del pueblo y para el pueblo. Vamos a cerrarle el paso al señor Álvaro Uribe Vélez y a la extrema derecha de este país. Fue fuera, fuera, fuera. nacional. A pesar de que la extrema derecha se empeña en negarlo, ocultarlo o minimizarlo, el cambio climático y sus efectos han puesto en grave peligro la supervivencia de la vida en nuestro planeta. Para nosotros, desde la izquierda, desde los movimientos sociales, desde el pacto histórico. En cambio, representamos un programa desde el comienzo del primer gobierno progresista en 2022, centrado en la más radical defensa de la vida y de la casa común, como la llamó el Papa Francisco, que recordamos con tanto afecto. Es un compromiso, compañeras y compañeros, con el futuro de la humanidad. Es nuestra responsabilidad histórica con las próximas generaciones, porque Colombia tiene la fortuna de ser una de las naciones de riqueza y biodiversidad más importantes del planeta. Por la defensa de la vida. y el territorio. Que viva Iván Pasio, que viva, viva, viva. Tenemos la suerte, la fortuna de una combinación privilegiada de geografía, climas y ubicación geográfica. Colombia es el único país de Sudamérica con costas tanto en el Caribe como en el Pacífico. Tenemos cordillera de los Andes, que se divide en tres ramas que atraviesan de sur a norte el país. Pisos térmicos que van desde nieves perpetuas hasta selvas tropicales, bosques andinos y valles interandinos. Somos una nación de agua con grandes ríos, humedales, ciénagas, lagunas, manglares y glaciares. Tenemos grandes ecosistemas diversos que convergen y generan mayor diversidad todavía. Sistemas como la Amazonía, el Chocó biogeográfico, la Orinoquía, el Caribe Seco. Tenemos más de 50% de los páramos de todo el planeta y además, como si todo fuera esto poco, somos uno de los países con mayor número de aves, plantas, anfibios, reptiles y mariposas. Por eso Colombia es un territorio de valor estratégico para la humanidad y para la vida en el planeta. Necesitamos garantizar la preservación del equilibrio ecológico y en consecuencia como nación, como gobierno, como pueblo, debemos considerarnos guardianes y protectores de la vida en nuestro territorio y en el mundo. Por la defensa de la vida y el territorio votaremos el 8 de marzo tres veces pacto histórico. durante décadas en nuestro país, sectores poderosos, especialmente bajo los gobiernos de la extrema derecha urivista, aliados con redes mafiosas y también criminales o grupos armados ilegales, han puesto en práctica el principio neoliberal de que el mercado está por encima de la vida. Para eso se han ejecutado todos los métodos de voraz e intensa depredación. Se explota el oro sacrificando el agua, se extrae el petróleo fracturando el suelo y también el subsuelo. Se saca el carbón devastando la capa de vegetal. Se practica la ganadería extensiva deforestando. Se hace minería transnacional desplazando comunidades enteras. Es un modelo que concibe los ríos como mercancías, las montañas como yacimientos, los bosques como barreras a derribar, las plantas y las especies animales como mercancías, material de experimento o colección. Pero este modelo no solo devastó ecosistemas, también ha generado violencia. Porque cuando las comunidades se levantan para defender el agua, la tierra y la vida, cuando los pueblos indígenas, afrodescendientes, campesinos y ambientalistas han dicho no al despojo, la respuesta de sectores de ultraderecha que han gobernado el país, siempre han sido la masacre y el asesinato de líderes sociales, liderezas sociales y ambientalistas. El futuro de Colombia no puede ser y no puede estar al servicio de un modelo que deja ríos muertos y comunidades desplazadas. Nuestro futuro está en reconocer que la naturaleza no es una despensa inagotable, un centro comercial abierto a nuestro consumo ilimitado. El sistema que tenemos es el sistema del consumo y el despirfarro ilimitados. La naturaleza es el sistema de la vida y por lo tanto la posibilidad de existencia de toda sociedad y de nuestra especie biológica. El pacto histórico, nuestro gobierno, nuestro programa han sabido valorar y asumir esa responsabilidad global. Desde que asumió su mandato nuestro querido presidente Gustavo Petro. Viva Gustavo Petro. Viva. Viva. Viva. Se ha convertido en un líder mundial de la protección de la naturaleza. Ha proclamado que somos un gobierno para la defensa de la vida y que Colombia trabaja para ser una potencia. de la vida. Como lo decía, la cuestión de defender la vida y la naturaleza es un tema que nos distancia diametralmente de la extrema derecha y de su jefe, Álvaro Uribe Vélez. Fuera. Álvaro Urive Vélez. Fuera. Fuera. y sus candidatas y candidatos quieren que sigamos depredando la riqueza natural sin ningún límite, con egoísmo y sin escrúpulos. Quieren el fracking, no aceptan la transición energética y ecológica como una necesidad inaplazable. invitan a las compañías multinacionales a seguir explotando nuestros recursos sin control y con licencias ambientales express. Consideran que las comunidades y las consultas previas son un estorbo. Quieren seguir la explotación minera en los páramos. Ven a los defensores ambientalistas. un hola. Ven a los defensores ambientalistas. Sonido, sonido. Ven a los defensores ambientalistas como parte del enemigo interno. Nuestra visión, por el contrario, surge de las luchas sociales, de comunidades organizadas, de movimientos ambientales, de campesinos, de indígenas que han protegido históricamente los territorios. Queremos una verdadera transición ecológica con justicia social. Queremos una economía responsable, sostenible, que se enfoque en la vida, una bioeconomía que respete nuestra riqueza natural y también que enriquezca la nación. Queremos que el agua sea un derecho, no más considerada una mercancía y ordenar el territorio rural y urbano en armonía con el respeto al agua y a las fuentes hídricas. Queremos que se respete a las comunidades, sus liderazgos, sus organizaciones y que haya justicia ambiental, que se sancione a quien asesine a los líderes ambientales, a las liderezas sociales y que persiga las comunidades en los territorios. Se vive, se siente, sea. Presidente, se vive. Se siente, sea presidente, se vive, se siente, sea presidente. Queremos que la revolución agraria, así la hemos llamado, pasaremos de la reforma a la revolución agraria. Queremos que la reforma agraria, perdón, la revolución agraria fomente un sistema agroecológico que proteja la biodiversidad, fortalezca la economía campesina, asegure la soberanía alimentaria y conecte el conocimiento científico con el saber acumulado por el campesinado y por los pueblos ancestrales. A los empresarios, a los gremios económicos, les decimos que con el respeto de la naturaleza ganaremos todos, que vamos a construir, si hay voluntad para ello, una nación rica y próspera, manteniendo nuestra biodiversidad natural. Eso es lo que queremos, radicalizar la defensa en todas partes de la vida, de la naturaleza y de los bienes de la humanidad en Colombia. Compañeras y compañeros, somos un movimiento por la vida, por la vida digna para nuestra nación y para la humanidad. Por eso nos nombramos Frente por la vida como coalición para la próxima consulta el 8 de marzo. Amigo está contigo. Amigo Quío está contigo. Sea amigo Quío está contigo. Ahora, en este momento precisamente está deliberando el Consejo Nacional Electoral de si podemos o no participar en la consulta del 8 de marzo, algo que es francamente indignante. la principal fuerza política y a su candidato se le quiere negar el derecho de la participación y no solamente a mí como individuo, a millones de personas que votaron en nuestra consulta el pasado 26 de octubre. No permitiremos ese atropello. Hacen esfuerzos desesperados por impedir que ganemos, pero no lo van a conseguir. A esa campaña sucia responderemos con serenidad, pero con firmeza, con acción política y con acción judicial. Llamo a que elijamos una gran bancada parlamentaria en el Senado con nuestras candidatas y candidatos que tienen lista única, cerrada, en cremallera, paritaria con muchas mujeres, afortunadamente. Que viva el pacto histórico, viva. Que viva el pacto histórico. Y también llamamos a votar por nuestra lista de cámara de representantes que es también cerrada y que podrá ser elegida marcando simplemente el logo. Así que a votar por una gran bancada parlamentaria que acabe con un gobierno y también con una manera de gobernar desde el Congreso que es profundamente corrupta porque es chantajista y porque es extorsionista en términos legislativos. Llamo a ser elegido en primera vuelta presidencial, presidente de la República. Sí se puede, sí se puede, sí se puede, sí se puede, sí se puede, sí se puede, sí se puede. Llamo a defender al presidente Gustavo Petro. quien soporta todos los días la campaña de la extrema derecha con ataques crueles y peligrosos que no han logrado reducir un ápice su popularidad y simpatía en encuesta tras encuesta que se practica. Viva Gustavo Petro. Viva. Viva. Viva. Viva Gustavo Petro. Viva, viva, viva. Llamo a todas las personas activistas e integrantes del Pacto Histórico, a nuestros amigos y aliados, a las voluntarias y voluntarios, a los comités electorales, a recorrer el país, cada ciudad, cada municipio, cada vereda, cada resguardo, cada barrio, cada calle, cada casa explicándolo. los logros sociales de nuestro gobierno, entregando nuestras piezas publicitarias, difundiendo mis discursos programáticos, organizando la votación y garantizando la movilidad y el cuidado del voto el día de las elecciones. Iván, amigo, el pueblo está contigo. Ián, amigo, el pueblo está contigo. Como lo he dicho, soy un hijo de nuestro gran pueblo que hoy tiene la responsabilidad de construir junto a todas y todos ustedes la segunda etapa de transformaciones de nuestra sociedad. Lo haré junto al pueblo. Lo haré siempre junto al pueblo, al servicio del pueblo. Mandaré obedeciendo como nos han enseñado nuestros pueblos indígenas, los mismos que han sabido resguardar la madre naturaleza. Y el próximo 7 de agosto, cuando celebremos nuestra victoria, cuando rindamos un justo homenaje al presidente Petro y al gobierno por la labor cumplida, comenzaremos en diálogo permanente con los movimientos sociales, ambientalistas y de protección de los derechos. la marcha para hacer irreversibles las grandes transformaciones de la sociedad colombiana en nuestro segundo gobierno progresista. Viva el nuestro histórico. Viva y que viva Armenia y Quindío, tierra de luchas y resistencia. Sí puede, sí se puede, sí se puede, sí se puede. Que viva el pacto histórico enfrente por la vida y el presidente Gustavo Petro. Que viva Colombia, patria libre, digna y soberana. Vamos a ganar, compañeras y compañeros. Se vive, se siente, sea presidente.";"2169"
"slKcYy0L5ps";"20260202";"IVÁN CEPEDA： ＂LAS TRAMPAS DE LA EXTREMA DERECHA NO NOS DETEN";"https://youtu.be/slKcYy0L5ps";"Buenos días, Paquirá. Gracias por estar aquí. Antes de leer a ustedes unas cuantas reflexiones sobre el actual momento político y social, quiero hacerles una muy cordial invitación. El próximo día martes 3 de febrero, nuestro querido presidente Gustavo Petro estará en la ciudad de Washington. Yo quiero invitarles a que salgamos el día 3 para acompañar al presidente en Bogotá y para que ese mismo día expresemos nuestro claro rechazo a la posibilidad de que se vaya a frustrar el salario vital y también a que se intente bloquear nuestra candidatura y participación en la consulta del 8 de marzo. Todas y todos a Bogotá yuel he escrito unas cuantas. No pasarán, no pasarán, no pasarán. No pasarán, no pasarán. He escrito unas cuantas reflexiones que tienen por título Las trampas de la extrema derecha no nos detendrá. Queridas compañeras y queridos compañeros, saludo a Siipaquirá y a su pueblo, cuya historia ha sido de gestas por libertad y justicia social desde los tiempos de la independencia hasta nuestros días. Sus movimientos sociales han contribuido a forjar la vida comunitaria a través de la acción del campesinado por la reforma agraria y de las asociaciones ciudadanas para lograr vivienda digna con servicios públicos y derechos colectivos. ¿Cómo no recordar hoy aquí que nuestro actual presidente de la República, Gustavo Petro Urrego, comenzó en esta ciudad su vida política y que sus primeras luchas sociales las dio junto a las comunidades más necesitadas de esta zona. ¿Cómo no recordar que él contribuyó a fundar el histórico barrio Bolívar 83, referente de la lucha por la vivienda y el acceso a los servicios públicos? ¿Cómo no recordar que esos primeros pasos marcaron su vida? Lo convirtieron luego en un joven concejal, lo llevaron a ingresar al M19 y más tarde lo conducirían a La Paz, a la acción política democrática en el Congreso de la República, en la Alcaldía de Bogotá y luego en la jefatura del Estado. El recorrido del presidente Petro muestra el camino que hemos trasegado, muchos de los dirigentes e integrantes del pacto histórico, de los barrios populares, de las luchas comunitarias, a los cargos públicos locales y luego al gobierno nacional. Pero lo nuestro, compañeras y compañeros, cabe decirlo, no es un camino de ascenso para olvidar al pueblo y encerrarnos de manera confortable y egoísta en altas dignidades y puestos. Nosotros y nosotras, por muy encumbrados que sean los cargos, siempre regresamos al origen. Siempre debemos regresar y estar con el pueblo. Nos hemos formado en las luchas sociales. Venimos de barrios populares, veredas y resguardos al gobierno. Y cuando estamos en esos lugares de poder institucional, nunca, pero nunca debemos olvidar de dónde venimos para regresar siempre allí donde está la gente con la que hemos luchado y compartido solidaridad, dificultades, pero también grandes triunfos. Somos y nos debemos al pueblo colombiano. Somos una fuerza política del pueblo y para el pueblo. El pueblo está contigo. Amigo, el pueblo está contigo. Espera, amigo, el pueblo está contigo. Somos una fuerza política del pueblo y para el pueblo. Somos un gobierno de multitudes y la mía es una campaña de multitudes del pueblo organizado y movilizado, que este año elegirá al segundo gobierno progresista. Y a mí como digno sucesor de nuestro digno presidente Gustavo Petro. Pueblo está contigo. Presidente que vive presente presidente vive. Presidente, presidente. Presidente, presidente sea presidente. Como lo he dicho en mi recorrido por el país, en plazas colmadas de gente. Esa es la verdadera razón de nuestra fuerza que se hace visible y se hace sentir cada vez más. Nuestra unidad e identidad con la gente del común es la razón por la cual el pacto histórico es hoy la principal, la más influyente y multitudinaria fuerza política en Colombia. Sí, señor. Presidente, se vive. Presente. Presidente. Presidente, presente presidente. Presidentea. Compañeras y compañeros, es la razón también por la cual la extrema derecha y su jefe, Álvaro Uribe Vélez, experimentan resentimiento. El pueblo está el pueblo y esa es la razón por la cual la extrema derecha y su jefe Álvaro Uribe Vélez experimentan resentimiento, impotencia y desespero ante la caducidad de su discurso y sus métodos. Trampos la extrema derecha. El pueblo está la extrema derecha. La extrema derecha en el mundo está en el lado oscuro de la historia, del lado de los factores y fuerzas que empujan a la humanidad a la catástrofe. La extrema derecha, con su negacionismo de la crisis climática, ha llevado al mundo a un momento en el que se hace cada vez más urgente la transición ecológica ante el modelo de la energía fósil y el calentamiento global, con sus irreversibles consecuencias para la vida y para la humanidad. La extrema derecha es la principal responsable del clima de sosobra ante la posibilidad de la tercera guerra mundial, esta vez nuclear, que devastaría nuestro planeta y podría extinguir la vida. Es la extrema derecha israelí representada por el señor Netan Yahoo, la responsable del genocidio en Gaza contra el pueblo palestino. Es la extrema derecha argentina representada por el señor Miley, la que adelanta la masacre laboral y social de su pueblo, la que ha dado una vuelta atrás a la historia para retornar a la violación de los derechos humanos que caracterizó los años de la dictadura militar en ese país. Es la extrema derecha representada por Bukele en El Salvador, la que ha convertido ese país en una inmensa prisión con el costo de la violación generalizada de derechos humanos. Es la extrema derecha representada por Donald Trump en Estados Unidos. La que invade países, bombardea civiles en el mar Caribe Colombo venezolano, la que amenaza con la anexión de Groenlandia, la que amenaza a México, Cuba y Colombia, la que destruye sistemáticamente el derecho internacional, la que conduce a la guerra, la que ejecuta migrantes inermes en las calles de Estados Unidos. En Colombia, en Colombia conocemos de sobra y hemos padecido en lo corrido de este siglo las funestas consecuencias que ha producido en nuestro país el régimen autoritario de Álvaro Uribe Vélez y su entorno político de extrema derecha. que imperó en Colombia entre los años 2002 y 2010 y que tuvo un retorno nefasto en el periodo entre 2018 y 2022. positivo. Sumieron al país en una crisis de derechos humanos que incluyó la práctica de crímenes masivos y sistemáticos como el desplazamiento forzado, las desapariciones, los asesinatos políticos, los mal llamados falsos positivos que fueron en realidad crímenes de estado contra miles de jóvenes. Fuera matarici, fuera matarisi. Uribe. Uribe causó un grave daño a la democracia y al estado de derecho, empoderando desde su primer gobierno a sus socios parapolíticos, muchos de los cuales eran además fichas del narcotráfico. Y cuando los jueces, opositores, periodistas y organizaciones de derechos humanos reaccionamos en defensa de la democracia, nos persiguió, sometió al espionaje, nos sometió al espionaje del DAS y con frecuencia a muchos los llevó al exilio. Debemos recordarlo. La extrema derecha colombiana y su máximo dirigente han criminalizado la paz. se opusieron ferozmente a los procesos de diálogo y lo siguen haciendo. Intentaron bloquear las conversaciones de La Habana y luego de firmado el acuerdo en 2016 quisieron infructuosamente destruirlo. Por todos los medios han buscado perpetrar el conflicto armado, la guerra, el miedo, la sosobra y el odio en la sociedad. colombiana. Uribe y la extrema derecha promovieron la austeridad neoliberal, que no es otra cosa que apretar el cinturón a la inversión social, reduciéndola a mezquinos subsidios usados para estimular clientelas políticas y corrupción. Promovieron la destrucción de los derechos sociales de la población. la privatización de lo público, la conversión de la atención de la salud en un negocio, la precarización intensiva de los derechos laborales y pensionales, la criminalización de la protesta social y como lo dije hace pocas horas en Armenia promovieron la destrucción ambiental y de nuestra biodiversidad, auspiciando el fracking, entregando licencias a las compañías multinacionales para seguir explotando nuestros recursos sin ningún control, haciendo minería en los páramos, acabando con las fuentes de agua, buscando también acabar las consultas previas, declarando a los indígenas, a las comunidades afrodescendientes, a los campesinos y a los defensores ambient en enemigos internos. Pero eso, compañeras y compañeros, es el pasado y lo decimos con claridad. Allá no regresaremos nunca más. liberales president se siente espera presidente se siente se espera presidente se vive siente porque el pueblo colombiano el pueblo colombiano ya despertó y no volverá a creer en ese proyecto autoritario. corrupto, rapaz y violento. Así intente ahora disfrazarse de social, protector de la democracia y del bienestar de los colombianos y sus candidatas intenten disfrazarse de comunidades indígenas cuando en el pasado los despreciaron, discriminaron y menospreciaron. A Uribe le decimos con firmeza que no siga intentando engañar al país y que más bien se apreste a responder sin más dilaciones por su responsabilidad ante los jueces de la República. Pero también debo decirlo, me entristece. Justicia, justicia, justicia. Justicia, justicia, justicia. Pero también, compañeras y compañeros, debo decir que me entristece el pueblo del pa presidente. Sea presidente. Viva nuestra presidente. Viva viva. Viva. Viva. Pero también debo decirlo, me entristece que algunos sectores de manera conveniente se sigan plegando a ese discurso y a sus métodos antidemocráticos. Como lo he afirmado, no estamos en un enfrentamiento de extremos políticos de polarización endecida que requiere la cabeza fría de los moderados y las moderadas. Estamos antebates esenciales entre dos posiciones claramente establecidas y definidas y hay que tomar posición, compañeras y compañeros. Cuando la humanidad y la vida en el planeta está gravemente amenazada, cuando en nuestro país se juega la posibilidad de profundizar la democracia, alcanzar la paz y la equidad social, no es el momento de eufemismos, poses de neutralidad y moderaciones postizas. Como decía el pastor y humanista Martin Luther King, lo preocupante no es la perversidad de los malvados, sino la indiferencia de la gente buena. con nuestro futuro presidente hoy retorna con vilencia la amenaza a la democracia por parte de la extrema derecha colombiana aunque producto de su debilitamiento, su cobardía política y el creciente rechazo de la sociedad colombiana. En 1970, recordémoslo, bajo el Frente Nacional se practicó un fraude que alteró el resultado de una elección presidencial. Durante décadas se impidió la alternancia en el poder con el genocidio, la persecución política y la aniquilación sistemática de miles de dirigentes, entre quienes estuvo mi padre, el senador Manuel Cepeda Vargas. Hoy, gracias a la lucha de nuestro pueblo, esos métodos golpistas no pueden ser practicados y por eso ahora se recurre a métodos más blandos con apariencia de legalidad y de respeto institucional. La negación de nuestros derechos ahora se practica con hipocresía. ante la fuerza de nuestro gobierno, un gobierno de multitudes respaldado por amplios sectores de la sociedad que se han movilizado una y otra vez durante estos años en defensa de la agenda de reformas e iniciativas del gobierno ante el respaldo a nuestra candidatura evidenciado en las grandes manifestaciones a todo lo largo y ancho del país en nuestra campaña presidencial ante la fuerza de nuestro proyecto político que ocupa el primer lugar en las preferencias ciudadanas en todas las encuestas. La respuesta cobarde de la extrema derecha y de su jefe es bloquear la inscripción de nuestra precandidatura. y nuestra participación en la consulta del 8 de marzo y del Frente por la vida. La extrema derecha quiere impedir nuestro triunfo en las elecciones legislativas del próximo 8 de marzo. Busca impedir nuestro triunfo en la consulta del Frente por la vida. busca impedir nuestro triunfo en primera vuelta en las elecciones presidenciales del 31 de mayo. Pero les tenemos malas noticias a la extrema derecha y a Urib decimos, contamos con el respaldo del pueblo colombiano y vamos a ganar. Compañeras y compañeros, presidente. Presidente, presente sea presidente vive. Durante toda mi vida, como ha ocurrido con millones de compatriotas, he visto al Estado fallar cuando debía proteger. He padecido el uso del poder para acabar con mis derechos y con los derechos de la gente. Por eso estamos aquí, para reconstruir la confianza, garantizar la justicia, la libertad, la verdad y gobernar con dignidad. Mi deber, el deber de nuestras candidatas y candidatos al Senado y a la Cámara es que no vuelva a ocurrir ni a pasarle a nadie que el Estado pisotee sus derechos. Con esa convicción y con el respaldo del pueblo, seré el próximo presidente de la República. Que quede claro, amigo. El pueblo está contigo. Sea, amigo, el pueblo está contigo. Espera, amigo, el pueblo está contigo. Que quede claro. El Consejo Nacional Electoral está por consumar una violación masiva de derechos políticos sin precedentes en el país. al pacto histórico, el principal movimiento del país y a más de 2,700,000 personas, ciudadanas y ciudadanos que me entregaron el mandato expreso de participar en la consulta de la coalición que hoy hemos llamado Frente por la vida, se nos quiere censurar y cohar nuestro derecho constitucional a elegir y ser elegidos. Lanzo una alerta a todas las personas dirigentes, activistas, integrantes del Pacto Histórico, a nuestros amigos y amigas, aliados, voluntarias y voluntarios, comités electorales, a la ciudadanía y las poblaciones que nos respaldan. I, haremos lo necesario. Haremos lo necesario para derrotar esta arbitrariedad cobarde, que es la expresión del temor que produce nuestras candidaturas apoyadas por multitudes en todo el país. Con todas nuestras energías llamo a que sea elegido en primera vuelta y llamo a que elijamos una gran bancada en el Senado de la República encabezada por nuestra compañera Carolina Corcho, una gran bancada en la Cámara de Representantes. con nuestras listas cerradas y afortunadamente paritarias con una gran representación femenina. Llamo a defender al presidente Gustavo Petro, quien soporta todos los días una campaña de la extrema derecha con atraques crueles y peligrosos que no han podido ni podrán dañar su inmenso legado y que no alteran el reconocimiento pueblo por el esfuerzo y la coherencia que ha tenido de defender los derechos de la gente durante tantos años. Llamo a recorrer el país, cada ciudad, cada municipio. Amigo, el pueblo está contigo. Petro, amigo, el pueblo está contigo. Petro, amigo, el pueblo está contigo. Llamo a recorrer el país. Cada ciudad, cada municipio, cada vereda, cada resguardo, cada barrio, cada casa, explicando los logros sociales de nuestro gobierno, entregando nuestras piezas publicitarias, difundiendo mis discursos programáticos, organizando la votación, garantizando la movilidad del electorado y defendiendo nuestra votación el día de las elecciones. Triunfaremos, compañeras y compañeros, en primera vuelta y seré el nuevo presidente de la República. Lo haré presidente siguiendo el principio. Presidente, se presente presidente lo haré siguiendo el principio de servir a nuestro pueblo en forma coherente y honestamente. Andaré obedeciendo y escucharé dialogando el próximo 7 de agosto, cuando celebremos nuestra victoria, cuando rindamos homenaje al presidente Petro y a nuestro gobierno por la labor cumplida, comenzaremos juntas y juntos la gran marcha histórica de nuestro segundo gobierno, que seguirá avanzando en convertir a Colombia en una nación democrática, equitativa, libre y en paz. Que viva el pueblo de Sipaquirá, que viva. Que viva el pacto histórico, viva el pacto por la vida. y el presidente Get. Que viva Colombia, patria libre, digna y soberana. Presidente vive presente presidente He.";"2567"
"Q6ea8bt5i44";"20260204";"IVÁN CEPEDA： ＂NO PODRÁN DETENER LA TRANSFORMACIÓN SOCIAL＂";"https://youtu.be/Q6ea8bt5i44";"Gracias Bogotá por esta nueva multitudinaria demostración. Mis primeras palabras son para acompañar a mis queridas y queridos compañeros y compañeras, candidatas y candidatos por Bogotá a la Cámara de Representantes. pretende ahora anular nuestra lista en Bogotá, en el Valle del Cauca. Y en este momento el Consejo Nacional Electoral examina la posibilidad también de impugnar nuestra lista en el Cauca, como otras 12 listas a la Cámara de Representantes. Venimos aquí a decirlo con claridad. No van a atropellar al pacto histórico. No pasarán. He preparado para la tarde de hoy una intervención que he titulado No podrán detener la transformación social. Queridas compañeras y queridos compañeros de Bogotá, hoy hemos decidido volver a encontrarnos en la plaza pública y en las calles. nos convoca el respaldo decidido a nuestro compañero presidente Gustavo Petro Urrego, quien en el día de hoy, contrario a los vaticinios que se hacían, ha sostenido una trascendental reunión con el presidente de los Estados Unidos, Donald Trump. nos convoca expresar con absoluta claridad la posición que tenemos frente a los intentos por bloquear nuestra candidatura presidencial de cara a la consulta del 8 de marzo y nuestras listas a la Cámara de Representantes en 15 departamentos del país, así como frente a las despiadadas maquinaciones destinadas a frustrar la política social de nuestro gobierno. Digámoslo sin ambigüedades. Lo que está en juego es si la extrema derecha y sus aliados lograrán detener y revertir el proceso de transformación social que hemos comenzado con nuestro gobierno o si vamos a continuar avanzando por este camino, profundizándolo y haciéndolo irreversible. A eso vamos, compañeras y compañeros. Lo que está en juego es el derecho del pueblo colombiano a decidir su futuro. Es la continuidad de una política social que ha permitido por primera vez que el salario de las trabajadoras y los trabajadores avance hacia lo que debe ser un salario vital. digno, suficiente para vivir y no solo para sobrevivir. Tenemos la convicción de que Colombia ha cambiado en estos años y ese cambio no es un decreto ni una consigna vacua, es una convicción profunda que ha nacido en el pueblo colombiano. Hoy tenemos un pueblo que se reconoce como sujeto político, un pueblo organizado y movilizado, un pueblo que cuando se le niega la justicia o se le arrebata lo conquistado, sale a la calle, lo reclama pacíficamente y lo obtiene. El estallido social. Las muchachas y los muchachos de la primera línea marcaron un antes y después en la historia de nuestro país. Pasaron los tiempos en que se atropellaban los derechos de la gente y nadie decía ni nada pasaba en Colombia. Que se sepa. Frente a cada intento de frenar el cambio social, la respuesta es y será la movilización organizada, pacífica, pero firme, consciente y decidida del pueblo colombiano. Reclamaremos hasta obtener lo que la gente necesita. Es en la movilización en la que se expresa el poder constituyente que se va abriendo paso en Colombia. Es desde las calles, desde las plazas, desde los barrios, los territorios, los municipios y las regiones, que defendemos lo conquistado y empujamos lo que falta por conquistar aún. Así ha sido la lucha toda nuestra vida. Así es hoy nuestra campaña electoral, acompañados por multitudes en encuentros populares de presencia viva en las calles del país. No hacemos política de élites, no hacemos política con danza de miles de millones de pesos. No hacemos pactos truculentos con las maquinarias politiqueras. No hacemos política del triste espectáculo de disfrazarse de pueblo. Nuestra campaña se nutre de la esperanza y de la fuerza colectiva, de la austeridad republicana, de la honestidad y del compromiso inclaudicable con el pueblo y sus expresiones organizadas. Hoy esa movilización es más necesaria que nunca, compañeras y compañeros, porque todos los días vemos nuevas formas de oponerse e intentar echar al piso el cambio democrático que impulsa nuestro gobierno. atacan al presidente Petro dentro y fuera del país, intentan cerrar el camino de una candidatura legítima mediante maniobras y y obstáculos formales y artificiales. Se equivocan, hay que decirlo, si creen que con esas maniobras y tretas lograrán frustrar la voluntad popular. Aquí estamos, compañeras y compañeros. Esta reunión que llevamos hoy a cabo es una afirmación ante el país de nuestra capacidad de resistencia y de decisión de salir adelante en los escenarios, por más difíciles y adversos que sean. En concreto, como lo hemos venido advirtiendo y denunciado, se están desarrollando acciones planificadas en dos orientaciones claras para destruir nuestro proyecto político, el pacto histórico y también al gobierno. Por una parte, no pasaía sin que se adelante una campaña política, jurídica y mediática. que tiene múltiples objetivos que van desde generar un ambiente de difamar y deshonrar a nuestros principales dirigentes y al propio presidente Petro hasta el escenario de generar un ambiente propicio para desactar acciones violentas que incluyen una probable intervención militar en Colombia. Por otra parte, se realizan acciones políticas, jurídicas y mediáticas permanentemente para impedir que se consoliden las medidas económicas que ha tomado el gobierno para llevar a cabo los cambios y las reformas que pueden acabar con la pobreza, la desigualdad y hacer de Colombia una sociedad equitativa y próspera. Nuestro gobierno enfrenta con valentía, pacíficamente, pero enérgicamente, con carácter y entereza las pretensiones de aliquilarlo moral y políticamente. intentos contra el presidente de la República, compañero Gustavo Petro, por parte de sectores poderosos, empresariales, políticos y también comunicativos de la extrema derecha colombiana. Nuestra respuesta ha sido y será contundente ante todo tipo de agresiones, la unidad con el pueblo, la movilización social y política de nuestro pueblo. Esa es la fuente de nuestra fuerza. Con nuestro pueblo haremos respetar la soberanía, la dignidad y el proceso de cambio. Querido señor presidente Gustavo Petro, aquí está su pueblo respaldando con decisión, con la esperanza. que ha despertado su liderazgo con la confianza depositada en la entereza y carácter de su compromiso con nuestro país. Señor presidente, compañero Gustavo Petro, aquí está su proyecto político, el pacto histórico con su dirigencia, con las candidatas y candidatos a Presidencia y Congreso con militantes, activistas, simpatizantes diciendo, presidente, cuente con nosotros y nosotras siempre. Pedro, Pedro, Pedro, Pedro, Pedro, Pedro, Pedro, Pro, Pro. Venimos a asumir la defensa plena de nuestros derechos ante la infame pretensión de querer anular nuestra participación. política y electoral. La persecución a la que hemos sido sometidos en este frente se resume en cinco hechos recientes. Primero, desde el inicio se ha intentado impedir la conformación y el surgimiento del pacto histórico como formación política mediante una secuencia de actos orientados a vulnerar las garantías constitucionales que amparan nuestra fuerza política. Segundo, se buscó evitar por todos los medios la realización de la consulta del 26 de octubre de 2025, tanto para las elecciones de nuestra candidatura presidencial como para la conformación de las listas al Senado de la República y la Cámara de Representantes. Solo gracias a una medida provisional adoptada por el Tribunal Superior de Bogotá, debemos recordarlo, fue posible llevar a cabo las consultas, garantizando de manera temporal el ejercicio de derechos fundamentales a la participación política. Y como si eso fuera poco, el 26 de octubre de 2025 4,000 puestos rurales de votación fueron trasladados sin previo aviso, impidiendo a millones de personas de las comunidades el ejercicio de su derecho al voto. Tercero, ah, aquí me recuerdan y en el exterior también, por supuesto. Tercero, desconociendo abiertamente el carácter partidista y vinculante de la consulta del 26 de octubre, ahora se quiere revocar mi inscripción a la consulta del 8 de marzo de este año. No pasarán, no pasarán, no pasarán. No pasarán. Como lo dije al comienzo, se pretende anular las listas a la Cámara de Representantes en 15 departamentos del país. Ya se ha hecho con la lista del Valle del Cauca y con la lista de Bogotá y se está procediendo en este momento contra la lista del Cauca. Así se van a vulnerar todavía más los derechos de millones de personas. Quinto, el conjunto de estos hechos configuran una grave violación de los derechos políticos de más de 2,700,000 personas que votamos en la consulta del 26 de octubre. Iván, amig, lo que está ocurriendo contigo. Iván, amigo, el pueblo está contigo. Iván, amigo, el pueblo está contigo. Lo que está ocurriendo constituye una operación antidemocrática sin precedentes en la historia reciente del país. Se trata de una grave violación masiva de derechos a una fuerza política y que la priva de una vez por todas de participar en condiciones de igualdad en las elecciones. En consecuencia, lo digo con total firmeza y determinación. Si se me impide participar en la consulta del 8 de marzo, anuncio desde ya que el pacto histórico se retira de la consulta y me inscribo para la primera vuelta de las elecciones presidenciales de este año. todo lo que se requiera para luchar por nuestras listas a la Cámara de Representantes y para que se puedan presentar nuestras candidatas y candidatos a las votaciones el 8 de marzo. Resistencia. Resistencia. El pacto histórico hará lo necesario para que su acción organizada, serena, para que con la movilización política de sus millones de seguidores y seguidoras permitan la elección de una poderosa bancada al Senado y la Cámara de Representantes y mi sucesor de Gustavo Petro a la presidencia en primera vuelta. No van a poder detener la transformación social, eso se los garantizamos. Hoy estamos también en la calle hoy no lo he mencionado, pero es decir el pueblo está Hoy Estamos en la movilización para asumir la defensa de la política social de nuestro gobierno evidenciada en la reforma laboral. Querida compañera MAFE, ponente de esa importante reforma, en la adopción del salario vital como motor del desarrollo social y económico y ruta y ruta para defender la feroz maquinaria de la reproducción de la desigualdad y la pobreza en que se convirtió la política económica neoliberal en Colombia. Como se ha demostrado en nuestro gobierno, aumentar el llamado salario mínimo hasta alcanzar el salario vital es una cuestión de dignidad y justicia social, un elemento indispensable para materializar el estado social de derecho, pero además Es un asunto de crecimiento económico y prosperidad de la nación. Décadas de neoliberalismo, autoritarismo y guerra nos convirtieron en el tercer país más desigual en el planeta. Pero ya con nuestra política se está demostrando que el aumento salarial, contrario a lo que nos dice la doctrina neoliberal todos los días, hace de la sociedad una sociedad más próspera y equitativa en la que ganamos todos y todas mediante el aumento de la capacidad adquisitiva del pueblo trabajador y la disminución de la pobreza. No nos cansamos de repetir la lección que nos han dejado gobiernos progresistas latinoamericanos, especialmente el de México, que repite todos los días: ""Por el bien de la nación, primero los pobres. Por el bien de Colombia, primero los pobres. Y eso es tan cierto que hoy podemos demostrar con cifras en la mano que uno de los beneficiarios de estas medidas de aumento del salario es el propio mundo empresarial. La Superintendencia de Sociedades el año anterior confirmó que las 1000 empresas más grandes del país reportaron ganancias por, óigase bien, 90 billones de pesos. ¿Dónde está el destrozo de la economía que vaticinaban iba a ocurrir con Gustavo Petro y el pacto histórico? Mentiras. Colombia se ha posicionado como la sexta mejor economía entre los 37 países más poderosos del planeta según la organización de la cooperación y el desarrollo económico de estas cifras contrario a lo que dicen Los economistas neoliberales muestran que nuestra política social conduce al crecimiento y a un modelo de desarrollo que empieza a dejar de depender exclusivamente de la extracción petrolera y también de los capitales golondrina, de la economía subterránea del narcotráfico y que se apoya cada vez más en el consumo de los hogares de los colombianos. Hoy estamos aquí para decirle al pueblo trabajador que no desfalleceremos en la defensa no solo del salario vital, sino de todo nuestro programa social. Estamos aquí con nuestra futura bancada del Congreso y con su futuro presidente de la República para decirles que actuaremos con Ainco junto a nuestro equipo de gobierno, a las organizaciones sociales y a todas y todos ustedes para ampliar el camino de la protección de los derechos. del tránsito hacia un modelo que elimine definitivamente la pobreza y la desigualdad en Colombia. Compañeras y compañeros, están totalmente equivocados quienes piensan que el pacto histórico es un fenómeno político transitorio, endeble y enclenque. Se equivocan de cabo a rabo. Somos el resultado de un largo proceso histórico de las izquierdas, los demócratas, las y los liberales progresistas del movimiento social y comunitario en Colombia, que hunde sus raíces muy profundas en la entraña de la historia política, incluso desde comienzos del siglo XX y más atrás. Viva Cepedo. Fieles al principio de unidad con el pueblo, democracia con el pueblo y para el pueblo vamos a ganar. Si me impiden, repito, ir a la consulta del 8 de marzo, nos vemos en primera vuelta. Que lo sepan. I presidente, Iván presidente. Iván presidente. Vivan presidente. Viven para una bancada poderosa que transformará el Congreso de la República. Que lo oigan claro y fuerte nuestros adversarios. El partido más poderoso de Colombia, que se llama Pacto Histórico, no podrá ser detenido en el camino hacia el segundo gobierno progresista. No pasarán, no pasarán, no pasarán. Como decía el compañero presidente, el caro compañero presidente chileno Salvador Allende, la historia es nuestra y la hacen los pueblos. Que viva el pacto histórico, que viva. Que viva Gustavo Petro, que viva. Que viva Colombia, patria libre, digna y soberana. Ev.";"2300"
"Zh6UA_lNYRQ";"20260206";"IVÁN CEPEDA： JUNTO AL PUEBLO, EN RESISTENCIA Y EN LA ESPERAN";"https://youtu.be/Zh6UA_lNYRQ";"Barranquilla, un saludo de corazón, abrazo a todas las personas que están aquí hoy. He preparado hoy una intervención para responder a la grave afrenta, a la violación aberrante de los derechos del pacto histórico por parte del Consejo Nacional Electoral. Anuncio que cuando llegue a la jefatura del Estado, es decir, muy pronto, haré una reforma política para eliminar el Consejo de Estado. La intervención que voy a pronunciar lleva por título Junto al pueblo en resistencia y en la esperanza. Queridas compañeras y queridos compañeros, me honra tomar la palabra en Barranquilla, una ciudad donde los movimientos sociales han escrito con sacrificio y dignidad algunas de las páginas más luminosas de la historia de Colombia. Barranquilla es tierra de luchas. Aquí hace más de un siglo comenzaron a organizarse los trabajadores del ferrocarril, los braseros del río Magdalena, los obreros de Puerto Colombia. Aquí nació desde temprano una conciencia de justicia y equidad social. Esta ciudad ha sido la gran puerta de entrada de ideas libertarias y emancipadoras. Por Barranquilla circularon pensamientos progresistas, liberales de izquierda que nos han permitido enriquecer nuestra visión sobre la realidad y sobre el país. Aquí se levantó la Universidad del Atlántico como un bastión democrático y aquí se aprendió a defender la educación pública, lo que implica enfrentar, óigase bien, sin miedo, a las mafias politiqueras y mafiosas clientelares que pretenden convertir el derecho a la educación en un botín y en un negocio. Que viva la Universidad Pública del Atlántico. Por todo ello, compañeras y compañeros, me parece un lugar más que propicio para pronunciarme hoy sobre la aberrante decisión que ha tomado el Consejo Nacional Electoral, que quiere privarnos de nuestro derecho a la participación electoral, que a mí me ha revocado la inscripción para la consulta del 8 de marzo y pretende acabar con 15 listas del pacto histórico a la Cámara de Representantes en todo el país. Es el lugar para que digamos que está en juego en esta elección, porque no es la primera vez que en Colombia se intenta frenar, aniquilar o silenciar a una fuerza política que es una posibilidad real. del cambio social. Y es o no es la primera vez que se intenta silenciar a un dirigente político que ha puesto todo para el cambio social, como es nuestro digno presidente Gustavo Petro. Nuestra historia es dolorosamente clara. Cada vez que el pueblo se ha levantado con esperanza para un cambio social, los poderes de siempre han respondido con la violencia, el fraude, la mentira, el asesinato o con reglas de procedimiento a las que se intenta dar legalidad, pero en realidad son maniobras retorcidas. Así se explica por qué las transformaciones en Colombia han sido tan difíciles en el tiempo. Lo que ocurrió, por ejemplo, en diciembre de 1928, cuando el incipiente movimiento sindical aquí en la costa Caribe comenzaba a lograr la resistencia contra la compañía estadounidense Unite Freed Company. Y cuando fueron masacrados los trabajadores de esa compañía en un episodio que conocemos como la masacre de las bananeras. Somos los candidatos. Por eso, cuando campesinos e indígenas se levantaron para organizar su tierra en cooperativas agrícolas, en resguardos, se desató la gran violencia para consolidar el latifundio. Por eso, cuando Jorge Elígaitán apareció como la voz del pueblo, la esperanza de una Colombia distinta, fue asesinado en las calles de Bogotá el 9 de abril de 1948. Por eso instauraron la criminalidad de Estado, la tortura, la desaparición forzada, el exilio político, la criminalidad estatal contra los opositores. Por eso crearon los aparatos paramilitares, para evitar que los líderes sociales y las comunidades se opusieran al despojo de tierras y a la estrategia de control territorial de los grandes latifundistas también en la costa Caribe, por supuesto. Por eso fueron asesinados muchos estudiantes universitarios. Por eso fueron reprimidos, estigmatizados y llevados a la cárcel los muchachos y muchachas de la primera línea en el estallido social. Por eso ocurrió el genocidio contra la Unión Patriótica. Y a propósito de ese genocidio, quiero recordar en esta tarde de hoy aquí en esta plaza, a un gran amigo, brillante dirigente político, gran líder estudiantil de la Universidad del Atlántico en su momento, José Antequera Antequera. Te saludo en la eternidad. Ante que vive, pero nada de eso ha podido impedir que seamos una fuerza. Aquí estamos a pesar de todo, porque la historia también enseña algo que es fundamental y es que no hay un poder eterno que atemorice hasta no poder lograr la resistencia y los cambios. que el pueblo colombiano ha sido superior a la al terror estatal y a la represión y que hoy tiene un gobierno que está haciendo posible los cambios sociales y continuará en ese proceso de transformación este año cuando elijamos el segundo gobierno progresista. En mi caso personal, compañeras y compañeros, toda mi vida política ha enfrentado la persecución de las maneras más diversas y dolorosas. He conocido el exilio en varias oportunidades. He tenido que abandonar mi país y vivir años lejos de él para preservar mi vida y la de mi familia. Durante muchos años, nuestro hogar fue sistemáticamente allanado por organismos de seguridad del Estado. Mi madre y mi padre fueron capturados en múltiples ocasiones. Yo mismo fui detenido por el solo hecho de ejercer mis derechos políticos. Durante toda mi vida pública he sido objeto de amenazas constantes, seguimientos permanentes en mi lugar de trabajo y de vivienda. He sufrido campañas sistemáticas de estigmatización, espionaje e interceptación de mis comunicaciones. He tenido que vivir rodeado de un esquema de seguridad, compañeros que me han protegido durante toda mi vida pública. Como se sabe, mi padre fue asesinado como senador de la República. Mi primo Francisco Javier fue asesinado como parte de un falso positivo. Mi tía Estela, dirigente de la Unión Patriótica en Cauca y Nariño, tuvo que sufrir un atentado dinamito. su residencia. Durante los últimos 14 años he sido objeto de un montaje a través de falsos testigos desde el poder auspiciado y ordenado por el expresidente Álvaro Uribe Vélez. Y nada de eso, óigase bien, ha podido silenciarme. Nada de eso ha hecho que defeccione de la lucha social y popular. Nada de eso me irá a hacer desistir de ser el presidente de la República en estas elecciones. Sí, que la decisión de ayer del Consejo Nacional Electoral no es más que un hecho en una larga cadena de persecución criminal en contra mía y en contra del pacto histórico. Como muchos hombres y mujeres de nuestro movimiento político, como tantos dirigentes sociales y populares de este país, mujeres y hombres, he sobrevivido al genocidio, a la estigmatización y a la persecución implacable. Y aquí sigo de pie, listo para triunfar en primera vuelta el 31 de mayo de este el Consejo Nacional Electoral es una institución descompuesta y parcializada. Presidente, se vive, se siente, se espera. Presidente se vive, se siente, se espera. Presidente se vive, se siente, sea presidente. El Consejo Nacional Electoral, óigase bien, es una institución descompuesta y parcializada, cuyas decisiones deberían avergonzarnos y deberían avergonzar a toda la sociedad colombiana y a cualquier sociedad que se precie de ser una sociedad democrática. Sin duda, un bien que se le debe hacer al país es eliminar ese organismo corrupto y peligroso para los derechos políticos y contra los señores Álvaro Hernán Artunduaga, perdón, Álvaro Prada Artunguaga, contra el señor Holman Ibáñez, quienes tomaron parte en la decisión de revocar mi inscripción a la consulta. Les digo desde esta tribuna que procederé el día de mañana a denunciarlos penalmente por prevaricato. Con nuestros derechos no se juega. Compañeras y compañeros, me comprometo con ustedes en mi condición de jefe de Estado para hacer realidad una reforma política, para adelantar una reforma que de una vez por todas acabe el fraude, la compra, el robo de votos, así como los escrutinios amañados. Esa será una prioridad, limpiar la política de esa clase de mañas y trampas electorales y también con ella de la clase corrupta, clientelar y politiquera. Compañeras y compañeros, el pacto histórico no es una aventura electoral. No somos un fenómeno pasajero y personalista, un suceso coyuntural. No somos un trampolín de oportunistas y advenedizos, ni somos una marca de moda propia de la política del espectáculo. El pacto histórico es la condensación de un largo y denso camino que ha recorrido nuestro pueblo, sembrando con luchas actos de entrega. generosidad y enormes sacrificios las conquistas para el pueblo colombiano. El pacto es parte esencial de la historia viva del movimiento social, de los movimientos políticos y los partidos de izquierda, de los demócratas y los progresistas, que han entregado sus vidas y sus luchas para forjar el camino del cambio. El pacto histórico, óigase bien, no se entrega, ni se vende, ni se arrodilla. Es la dignidad de nuestro pueblo, compañeras y compañeros. He sido elegido candidato del pacto histórico y para ello recibía el mandato de más de 2,700,000 personas que participaron en nuestra consulta el 26 de octubre de 2025. Les hago un llamado a que no permitamos que nada ni nadie divida el pacto histórico. Les hago un llamado a consolidar nuestro proyecto político, a asumir con entusiasmo esta etapa de nuestra campaña electoral, a neutralizar toda expresión de oportunismo político y de aprovechamiento personal. de los golpes que intenta darnos la extrema derecha. Les hago una invitación a defender nuestro proyecto con la movilización serena y firme de toda nuestra fuerza que hoy es la más poderosa e influyente en Colombia. Les hago una invitación a que el próximo 8 de marzo llenemos las urnas de votos para elegir las más poderosas bancadas en el Senado de la República y en la Cámara de Representantes. Y los llamo a elegirme en primera vuelta. de manera contundente y fulminante, a que le demostremos a nuestros adversarios y a la extrema derecha y a nuestro pueblo no podrán vencerlo con trampas electorales. Y los invito a triunfar y a que el próximo 7 de agosto me acompañen a la posesión de nuestro segundo gobierno y a que estén presentes cuando en la entrada del Palacio de Nariño yo llegue a darle a nuestro compañero presidente Gustavo Petro. el abrazo de reconocimiento de nuestro pueblo a su exitosa labor cumplida y en ese momento asuma la jefatura del Estado para dar comienzo al segundo gobierno progresista que será el de las revoluciones éticas, sociales, económicas y políticas. Que viva el pacto histórico. Viva. Que viva el presidente y compañero Gustavo Petro. Que viva. Que viva Colombia, patria libre, digna y soberana. Ev.";"1773"
"r5PRV3fIu9g";"20260207";"IVÁN CEPEDA： ＂VAMOS A GANAR PERO PRESERVANDO LOS PRINCIPIOS＂";"https://youtu.be/r5PRV3fIu9g";"Gracias, gracias, gracias Santa Marta, gracias Magdalena, gracias a las mujeres, a los pueblos ancestrales, gracias a mi compañero y amigo Camilo Romero por este gesto de coherencia, de humildad y de generosidad en un momento en que lo requiere el país. Requerimos gestos de grandeza, no de mezquindad. Gracias, Patricia. Gracias a todas y todos ustedes y especialmente mi saludo a nuestras candidatas y candidatos al Senado de la República y la Cámara de Representantes que recibirán millones de votos el 8 de marzo. Que no quea duda. He preparado unas cuantas palabras en el sentido de lo que ya escuchamos. Amigo, el pueblo está contigo. Ián, amigo, el pueblo está contigo. Iván, amigo, el pueblo está contigo. He preparado una intervención en la que quiero dejar claramente distinguida la diferencia entre dos formas de hacer política y este discurso se llama Vamos a ganar, pero preservando los principios. Los principios. Queridas compañeras y queridos compañeros, saludo a Santa Marta y al departamento del Magdalena, zonas del país en las que el pueblo organizado y movilizado ha sabido siempre enfrentar la injusticia social, trabajar por la democracia y derrotar una y otra vez a las casas tradicionales. y mafiosas de este departamento. Aquí las fuerzas progresistas han sabido unificarse y buscar el camino para lograr la victoria en el pasado y hoy también deben hacerlo como debemos hacerlo en todo el país para ganar las elecciones, como estoy seguro lo lograremos este año alegir una poderosa bancada del Congreso de la República e igualmente derrotar en primera vuelta, de tal forma que yo sea elegido sucesor de nuestro gran presidente Gustavo Petro Urrego. Como ustedes lo saben, en las últimas horas y días y semanas y meses han venido consumando un intento por golpear y debilitar la participación del pacto histórico en el actual proceso electoral. La extrema derecha y su jefe, Álvaro Uribe Vélez, han hecho hasta lo imposible. han hecho hasta lo imposible para evitar que el pacto histórico avance y se consolide. Se ha buscado, ustedes saben, impedir que nos conformáramos en fuerza política. Se ha intentado evitar que hiciéramos la consulta del 26 de octubre del 2025. Se trasladaron 4,000 puestos de votación para evitar que en la consulta del 26 de octubre muchos de nuestros electores y electoras de poblaciones rurales ahora pudieran evitar a toda costa se expresaran electoralmente y mostraran la fuerza que tenemos en el campo. intentó además por todos los medios que no votara nuestra colombianidad en el exterior. Y por último, ahora se intenta que yo no participe en el proceso electoral. Se revoca mi inscripción para que participara el 8 de octubre en la consulta y quieren acabar, perdón, el 8 de marzo, perdón, en nuestra consulta y quieren revocar 15 listas departamentales a las cámaras de representantes. Y como si todo eso fuera poco, se diseñó un plan para que nuestro presidente Gustavo Petro fuera atacado desde Estados Unidos. Pero debemos decirlo, nada de eso ha logrado detener al pacto histórico. A sus integrantes, dirigentes, candidatas y candidatos, aliados y aliadas. Nos hemos configurado en la principal, más poderosa e influyente fuerza política en todo el país. solo no pudieron evitar que hiciéramos la consulta el pasado 26 de octubre, sino que además logramos llevar a las urnas a cerca de 3 millones de personas en una elección que no tiene precedentes en la historia del país, puesto que además de elegirme candidato único del pacto histórico, se eligieron de manera paritaria las mujeres y los hombres que nos representarán en el próximo Congreso de la República. En todas las encuestas que se han practicado hasta el día de hoy, figuro como el candidato que tiene la mayor intención de voto en primera y segunda vuelta. El pacto aparece como el partido político con el que se identifican más colombianos y el presidente Petro con una imagen favorable que oscila, pero que va en todo caso más allá del 40%. La gente quiere en los territorios a nuestro presidente Gustavo Petro. Han fracasado con sus trampas y jugadas sucias. no han podido frustrar nuestro camino ascendente. Para mayor tristeza de los adversarios, en una gestión que, sin lugar a dudas es un éxito diplomático, el presidente Petro acaba de culminar una visita a Estados Unidos en la cual logró una interlocución respetuosa con el presidente Donald Trump. Así que el intento por auspiciar la persecución internacional del presidente está fracasando. Ahora, compañeras y compañeros, necesitamos ratificar nuestra fuerza en las urnas. Necesitamos que el próximo 8 de marzo con numerosa votación elijamos la bancada más poderosa del nuevo Congreso y el 31 de mayo, en un golpe fulminante y contundente, yo sea el nuevo presidente de la República. Vamos a ganar, compañeras y compañeras. Como lo he dicho, el Consejo Nacional Electoral es una institución parcializada cuyas decisiones deberían avergonzarnos como país y avergonzar a cualquier sociedad que se precie de ser democrática. Es la constatación de que un organismo llamado a garantizar la libre participación, el ejercicio de los derechos políticos ha terminado por convertirse en la mayor amenaza y el mayor peligro para la libertad política en Colombia. Por eso lo afirmo con convicción, a pesar de que algunos se escandalicen, un bien que debemos hacerle a Colombia es suprimir ese aparato corrupto y peligroso y reemplazarlo mediante una verdadera reforma política por una institución verdaderamente democrática, transparente. Así lo haré cuando sea presidente. Impulsaré una verdadera reforma a la política que la vuelva democrática y transparente en Colombia. Pero no nos engañemos. El Consejo Nacional Electoral no es sino una pieza de un complicado mecanismo. No es de ninguna manera una anomalía aislada. Es apenas una de las tantas expresiones de la degradación y la descomposición de la política tradicional en Colombia. Esa es la política de los clanes mafiosos que han gobernado durante décadas extensas regiones del país, de las casas nepotistas con patriarcas y matriarcas que convierten los departamentos y municipios en su botín de corrupción y en feudos electorales, de una cultura del poder que se hereda y no de un poder legítimo. democrático es también la política de quienes llegan al Congreso de la República torciendo la voluntad popular y cuando son llevados ante la justicia reparten sus curules entre esposas o esposos, hijos e hijas, hermanos y hermanas, como si el Estado fuera una herencia familiar. Es la política del oportunismo sin principios, de quienes están siempre listos a negociar su alma con el o a servir de intermediarios del para negociar otras almas, como ocurre tan frecuentemente en Colombia. de los politiqueros que solo saben servir a los poderosos de turno, sean nacionales o extranjeros. Es la política de la traición cotidiana al pueblo, del robo, del saqueo, de la violencia, de la impunidad. es la corrupción elevada a sistema político. En forma, esa forma de hacer política es una de las mayores desgracias entre tantas que padece el pueblo colombiano. Y quiero decirlo aquí con claridad ante ustedes, con toda certeza en mi gobierno, quienes hagan la política de esa forma serán combatidos sin miramientos y tratados como lo que son auténticos criminales. En esta campaña en la que voy recorriendo paso a paso el país, he tenido la oportunidad de dialogar con muchas y muchos jóvenes. Siempre los invito a participar en política. Aquí me refiero a los jóvenes y a las muchas jóvenes que están presentes en esta plaza, porque considero que participar en los asuntos colectivos es una dimensión esencial de la vida humana, una vía para servir a los demás y para construir país. La política, cuando es auténtica tiene la capacidad de enfrentar los grandes problemas de la humanidad. Encierra siempre la esperanza de encontrar caminos comunes, de actuar de manera solidaria, de poner en juego nuestras capacidades, nuestros recursos y nuestros talentos al servicio del bien común. Por eso es fundamental que las y los jóvenes se acerquen temprano a la política, que aprendan a ejercerla con coherencia y que la valoren como una dimensión central de su proyecto de vida. Pero también debo decirlo con franqueza, cuando hablo con la juventud, con los muchachos y las muchachas, escucho un profundo escepticismo. Me preguntan, ¿cómo voy a participar en política cuando lo que vemos todos los días es corrupción, abuso de poder, fraude, mentira y saqueo? Y tienen razón. Tienen razón las y los jóvenes. Ese escepticismo no nace del desinterés, sino de la experiencia. En la era del neoliberalismo, la política se convirtió en un negocio en tráfico de influencias, en mercado de favores, en instrumento de enriquecimiento personal y de dominación social. Esa es la mala política. La política mafiosa, oportunista del espectáculo, la política que dejó de ser herramienta de emancipación de los pueblos y se convirtió en una amenaza para la sociedad. En Colombia la conocemos bien y la seguimos padeciendo y por eso la vamos a derrotar y la vamos a cambiar de raíz. Frente a esa degradación, necesitamos recuperar el sentido más noble de la política. Y aquí quiero recordar las palabras del Papa Francisco en la encíclica Fratelli Tuti, que recomiendo leer, cuando invita a quienes ejercen la política a mirarse en un espejo y a preguntarse lo siguiente: ""¿Cuánto amor puse en mi trabajo? ¿En qué hice avanzar al pueblo? ¿Qué huella dejé en la vida de la sociedad? ¿Qué lazos reales alcancé a construir? ¿Qué fuerzas positivas logré desatar? ¿Cuánta paz social sembré? ¿Qué provoqué en la responsabilidad que me fue asignada? Esas preguntas son fundamentales, son un programa ético y es desde ahí en que podemos nosotros comenzar a reconstruir la verdadera dignidad y el amor por el pueblo con el que vamos a transformar nuestro país, nuestra querida patria Colombia. He venido llamando y afirmando y hoy lo reitero aquí en Santa Marta con profunda convicción que Colombia necesita una revolución ética, una revolución que no se proclama con discursos vacíos, sino que encarna en la manera se encarna en la manera misma de hacer política. En eso coincido plenamente con Camilo Romero. Ha llegado el tiempo de más coherencia y menos codicia. Y diría, ""Ha llegado el tiempo de la coherencia y no de la codicia. Nuestro país, compañeras y compañeros, reclama nuevos liderazgos. Liderazgos inspirados en el auténtico servicio al pueblo. Liderazgos que beban de la memoria viva de quienes a lo largo de nuestra historia eligieron siempre el camino más difícil, el del sacrificio, el del compromiso silencioso, el de la responsabilidad moral. Mujeres y hombres que renunciaron a la estridencia del espectáculo, que no buscaron la fama ni la pasarela mediática y que asumieron las tareas más duras en los momentos más azarosos de la nación. Y pienso en este momento en las miles de liderezas y líderes sociales que todos los días hacen en el territorio la labor de defender sus comunidades y por eso muchos de ellos y muchas son asesinados. Ellas y ellos optaron por el bien colectivo, no por el interés estrecho e individual. Muchas de las mejores figuras de nuestro país entregaron su vida en ese empeño y fueron asesinadas por sus convicciones políticas. Otras trabajan todos los días incansablemente en el anonimato, caminan junto a las comunidades en los territorios. viven como vive el pueblo y luchan con él, luchan con el pueblo. Ese es el sentido profundo de la política sana, de la buena política, de la que hoy debemos recuperar, defender y promover el sentido. Esa es mi invitación a los jóvenes de este país. desde ese espíritu, el de una política anticorrupción, el de una política de servicio, que debemos formar a nuestra juventud y al mismo tiempo que debemos dejarnos formar por la juventud, por su energía transformadora, por su capacidad de cuestionar las viejas prácticas anacrónicas y decrépitas que tanto daño le hacen a Colombia, como ver, por ejemplo, la imagen de expresidente intentando complotarse contra nuestro presidente que sí representa la juventud, el compañero Gustavo Petro. Aspiramos a una política, óigase bien, sin machismo, sin afán de lucro, sin clasismo, sin racismo, a una política que dignifique, que incluya y que libere. Ese es hoy el compromiso del pacto histórico y esa será la política que primará bajo mi gobierno cuando ustedes me elijan como sucesor de nuestro gran presidente. Compañeras y compañeros, ayer lo dije en Barranquilla y lo reitero hoy ante ustedes. El pacto histórico no es una aventura electoral. No somos un fenómeno pasajero y personalista, un suceso coyuntural. No somos un trampolín para oportunistas y advenedizos, ni somos una marca de moda propia de la política del espectáculo. Hoy debemos defender al pacto histórico, no permitir que nada ni nadie nos divida, neutralizar toda expresión de oportunismo político y de aprovechamiento personal de los golpes que intenta propinarnos la extrema derecha y su jefe.Álvaro Álvaro Uri Vélez. He sido elegido candidato único del Pacto Histórico y para ello recibí el mandato de más de 2,700,000 compatriotas quienes votaron en la consulta partidista del 26 de octubre de 2025. La votación a Congreso es crucial, no lo olviden. No tendré la máxima gobernabilidad si no cuento con una sólida bancada en el Senado y en la Cámara. Que avancen las reformas sociales que requerimos profundizaron. Les hago la invitación a que el 8 de marzo elijamos esa bancada numerosa, pluralista, incluyente en el Senado y en la Cámara de Representantes, a que los votos que iban a depositar por mí en la consulta del 8 de marzo, al cual a la cual me impidieron llegar, los depositen, además de los que ya van a depositar por nuestras candidatas, para ellos y ellas en nuestra única listas al Congreso. Y los llamo, por supuesto, de eso se trata esta campaña, a elegirme en primera vuelta de manera contundente y fulminante, a que le demostremos a nuestros adversarios y a la extrema derecha que a nuestro pueblo no podrán vencerlo con trampas electorales. Los invito a que triunfemos. Y les digo por último lo siguiente. Toda mi vida he practicado la política con principios éticos. Hoy no voy a plegarme al oportunismo ni a traicionar el mandato popular para parecer más simpático en los círculos de poder colombiano. Voy a ganar y vamos a ganar, pero preservando nuestros principios. Sin pactos, sin pactos con maquinarias oscuras y politiqueras, sin claudicar en nuestro compromiso con el pueblo, sin derrochar miles de millones de pesos, sin insultar a nadie, vamos a ganar con transparencia, honestidad y respeto.Estepet Petro ha anunciado que no va a votar en la consulta del 8 años. Y entonces que viva el pacto histórico, compañeras y compañeros. Que viva el presidente Gustavo Petro. Que viva Colombia, patria libre, digna y soberana. Muchas gracias al señor Iván Cepeda, futuro presidente de Colombia. Queremos agradecer a todos prender sus celulares, la luz de sus celulares para una fotografía para hacernos sentir para eso. Aquí está el pueblo de Santa Marta que te saluda. Iván Cepeda. Te saludamos con las luces de nuestros celulares. Le saludamos y deseamos que vuelva pronto, que vuelva siendo nuestro presidente. Todos con el celular. Arriba, arriba. Se vive, se siente. Iván está presente. Se vive, se siente. Iván está presente. Gracias. Gracias a todos nuestros asistentes por recibir con tanto aprecio,";"2553"
"0SausTQAx7s";"20260208";"＂NUESTRA CONSULTA ES LA VOTACIÓN POR EL PACTO HISTÓRICO AL C";"https://youtu.be/0SausTQAx7s";"Muchas gracias, queridas compañeras y queridos compañeros. Saludos. Antes de leer el discurso que hoy he titulado de la siguiente manera: atención, nuestra consulta es la votación por el pacto histórico al Congreso de la República. Al Congreso de la República. Antes de leerlo, quiero citar a nuestro compañero presidente Gustavo Petro. para que no pueda haber ninguna duda sobre el comportamiento electoral que vamos a asumir el próximo 8 de marzo. Yo creo que ayer los mensajes del presidente fueron totalmente claros, pero voy a citarlos para que de una vez se despeje la duda. Dice el presidente Petro, yo no voy a votar consulta, voy a votar por cambiar el Congreso de la República que hace las leyes y en primera vuelta volveré a votar. Cuando yo llegue al frente del tarjetón, dice el presidente, dado que me han quitado el derecho de votar en la consulta de mi partido, votaré solo por sus listas al Senado y a la Cámara. Y como si eso no fuera suficientemente claro, hoy el presidente agregó lo siguiente: ""No solo el tarjetón de la consulta está manchado de trampa, sino de delito. El dolo en el conflicto de interés debe ser examinado por la Fiscalía General de la Nación. Como presidente le pido al Estado colombiano garantizar la libertad de los ciudadanos para elegir. Esto quiere decir, queridas compañeras y queridos compañeros, sin ninguna duda que nuestra consulta el 8 de marzo, única y exclusivamente será votar por las listas de nuestros queridos compañeros que son candidatos y candidatas al Senado de la República, a la Cámara de Representantes por el pacto histórico y que vamos aar masivamente para que en primera vuelta yo sea el sucesor del presidente de la República, Gustavo aclarado ese asunto, voy a leer unas breves palabras. dice así, presidente, queridas compañeras y queridos compañeros presidente vive presente presidente presente presidente. Saludo a Monpó y a su gente. Venida aquí es llegar a uno de los lugares donde nació la Primera Libertad de Colombia. Este es el territorio donde, debemos decirlo con orgullo, se proclamó por primera vez nuestra independencia de España. Aquí a orillas del río Magdalena se tejieron las rutas de la historia, del comercio y de la cultura del país. Este río que tenemos cerca representa una parte esencial de nuestra historia. Ha sido la vía fluvial de encuentros y luchas que han dado forma a la nación que tenemos hoy. Monpó es orgullo de nuestra nación, es patrimonio de la humanidad y también es patrimonio de la memoria y de la dignidad del pueblo colombiano. Gracias, Monp. Es un territorio que ha resistido el abandono y la desigualdad. Un territorio que ha defendido la tierra, el agua, la cultura y la economía campesina. Un territorio donde la gente ha luchado por servicios públicos dignos, por el derecho a la vida en medio de las inundaciones, por la preservación de los ecosistemas y por la defensa del patrimonio cultural. Precisamente por esa historia y ese legado debemos seguir luchando contra la pobreza y la desigualdad aquí en Monpos. especialmente en las zonas rurales de la depresión monposina. Debemos cerrar la brecha que hay, enorme ella, entre el inmenso valor patrimonial de carácter cultural y de este territorio y las condiciones de vida que tiene su gente. Este año, compañeras y compañeros, vamos a ganar las elecciones y eso nos permitirá con nuestro segundo gobierno progresista seguir desarrollando los cambios sociales. Así como se los digo, el cambio político, social y económico que hemos comenzado con nuestro primer gobierno progresista va a continuar y será cada vez más fuerte y profundo con nuestro segundo gobierno. Tengan ustedes la certeza. Hemos trabajado para que el Estado llegue y actúe en los territorios que históricamente fueron, no solamente olvidados, sino también arrasados por la codicia. Y en eso, como en los demás aspectos del proceso de transformación social que hemos llevado a cabo en los últimos años, ha sido decisivo nuestro compañero presidente Gustavo Petro Urrego. La historia recordará al presidente Petro como el dirigente político y el jefe de estado que contra viento y marea se atrevió a iniciar el cambio de la verdadera transformación social de Colombia. No ha sido un camino fácil. ha estado marcado por la presión constante, por campañas sistemáticas de difamación, por ataques mediáticos que vemos todos los días en los grandes medios de comunicación y por intentos reiterados de deslegitimar un proyecto que no nació para servir a los privilegiados de siempre, sino para dignificar la vida del pueblo colombiano. Pero ninguna de esas presiones podrá borrar lo que es esencial. Y lo que pido, recuerden siempre, el papel histórico que tiene el presidente nadie lo va a poder borrar. Gustavo Petro ya está inscrito en la historia de nuestro país como pionero de la transformación social. como el presidente que se atrevió a desafiar un régimen bicentenario y a poner en el centro del debate del país la justicia social para el pueblo colombiano. Que viva el presidente Gustavo Pérez. Perro, perro, perro, perro, perro, perro, perro, perro. Al venir a este encuentro, compañeras y compañeros con la población de Monpó, vengo a comprometerme aquí. Este mensaje lo dirijo José Luis a toda la gente con el objetivo de que sigamos fortaleciendo el cambio social aquí en Monpost. Esa segunda etapa de cambio deberá sentirse con claridad. Lo digo de una vez. Eso significa convertir esta región en una potencia agrícola y pesquera. Significa recuperar de manera efectiva los playones comunales de la región que han sido ocupados indebidamente por grandes acaparadores. Significa poner en marcha la adecuación de al menos 20,000 hectáreas para la producción agrícola. significa ir retomando y actualizando los proyectos de manejo hidráulico durante décadas dejados en el abandono, con control de inundaciones, mantenimiento de canales y recuperación de cuerpos de agua. Significa recuperar el brazo de Monpó y los ecosistemas de ciénagas, caños y humedales que han sido cerrados o drenados. Significa la defensa del agua, que es la defensa de la vida y del sustento de miles de familias. Significa avanzar con el apoyo del Estado en la solución definitiva de los problemas del acueducto y del alcantarillado para Monpó y sus municipios aledaños. Significa convertir este en un territorio priorizado para la transición energética con su enorme potencial solar, para que esta región pueda contar con proyectos de energía eléctrica que reduzcan tarifas y garanticen acceso digno a la electricidad. Significa avanzar en la construcción del tramo oriental del anillo vial de la subregión Monposina para mejorar conectividad con los municipios del sur del Magdalena. Significa un campus universitario para que las y los jóvenes de esta región tengan derecho a una educación superior de calidad. a la ciencia y a la tecnología, como todos los jóvenes en el país, con la defensa y promoción del agua, con la protección de la población rural, con la revolución agraria, con la educación de calidad, Monp ya no será solamente patrimonio de la humanidad, sino también será territorio fundamental para que Colombia, como lo ha dicho El pacto histórico sea una potencia mundial de la vida. Compañeras y compañeros, cultural, la extrema derecha y su jefe, Álvaro Uribe Vélez, tienen verdadero pánico de que el pacto histórico siga creciendo, movilizándose en todas las ciudades y municipios. consolidándose como la principal fuerza política del país. No es simplemente temor o miedo. Tienen verdadero pánico porque ya se ve venir nuestra victoria. Ese pánico electoral y político los ha llevado a ejecutar todo tipo de maniobras sucias y antidemocráticas. Buscaron a toda costa impedir que nos conformáramos en movimiento político, pero no lo lograron. Aquí estamos y somos la fuerza más poderosa e influyente en toda Colombia. Que viva el pacto histórico. Buscaron con su Consejo Electoral de Bolsillo impedir la consulta del 26 de octubre de 2025, pero no pudieron. Con más de 2,700,000 votos, fui elegido candidato único del Pacto Histórico y tenemos listas al Senado y a la Cámara en todo el país. Pero ahora revocaron ahora en un acto de suprema injusticia revocaron mi inscripción para la consulta del 8 de marzo y pretenden anular numerosas listas a la Cámara de Representantes en distintos departamentos del país, pero eso tampoco va a suceder porque vamos a ganar el 8 de marzo. Nuestra consulta es votar por candidatas y candidatos al Senado y a la Cámara de Representantes. Como si todo esto fuera poco, han intentado desacreditar con calumnias, mentiras diarias e insultos al presidente Petro, debilitar el gobierno, cerrar el camino de las reformas sociales, pero tampoco nada de eso les ha salido ni les saldrá bien. La realidad es que la gente en todo el país, cuando camino por los territorios sale a mi encuentro a pedirme que felicite al presidente Petro y al gobierno por los cambios sociales que hemos obtenido. Y si viene la extrema derecha a quitarle a la gente salario vital, la reforma laboral, la reforma agraria, la reforma pensional, saldremos a movilizarnos y movilizaremos el voto en las urnas para elegir el segundo gobierno popular de nuestra historia. En todas las encuestas, el presidente Petro aparece con imagen favorable de más del 40%. He ahí la realidad, compañeras y compañeros. Lo único que ha logrado las sucias maniobras de la extrema derecha y su jefe Álvaro Uribe Vélez es demostrar que ellos hacen parte del pasado, de la política sucia. de la política corrupta que está mandada ya a recoger en Colombia. Lo único que demuestra si presidente se vive se siente sea presidente se vive. Se siente sea presidente se vive. Lo único que demuestra el pánico de la extrema derecha y de su anacrónico jefe Álvaro Uribe Vélez es que ellos representan la postración moral de la política y de la democracia en Colombia y por eso no vamos a permitir que vuelvan a mal gobernar a Colombia. Amigas y amigos, todo esto tiene que cambiar y está cambiando. Los invito a la fuerte alianza entre el pacto histórico y el pueblo colombiano. Juntos respaldados por la poderosa rebelión ciudadana la que invitamos a la revolución ética, lograremos transformar nuestro país y lograr que los cambios que hemos ido construyendo se conviertan en irreversibles para que Colombia viva como un país justo, que tenga equidad social y verdadera democracia. El primer paso para lograr ese objetivo es masivamente el 8 de marzo. No votar por ninguna consulta, porque la nuestra, ya lo he dicho, es votar por nuestras candidatas y candidatos al Congreso de la República. y el 31 de mayo, lo repito, de manera fulminante y contundente elegirme como presidente de la República. Moncos fue cuna de la primera libertad, hoy también es símbolo de un nuevo tiempo de justicia social y de dignidad para el pueblo colombiano. Que viva Monp y su gente. Que viva nuestro gran pacto histórico. Que viva Colombia, patria libre, digna y soberana. Ah.";"1827"
"8CYOyF6Cg3M";"20260209";"＂EL 8 DE MARZO VAMOS A ELEGIR LA MÁS PODEROSA BANCADA PARLAM";"https://youtu.be/8CYOyF6Cg3M";"Gracias, gracias, gracias Cartagena. Abrazo fraterno, amoroso para esta ciudad. Hoy quiero hablarles a todas y todos de nuestra futura bancada poderosa en el Congreso de la República. He titulado estas palabras, el 8 de marzo vamos a elegir la más poderosa bancada parlamentaria. Queridas compañeras y queridos compañeros, me alegra estar hoy en Cartagena, ciudad de luchas heroicas. El pueblo cartagenero es un pueblo que se ha forjado en la más estoica resistencia, desde la fortaleza de los pueblos indígenas frente a la conquista, pasando por la rebeldía de los africanos esclavizados que levantaron palenques de libertad. hasta la gesta del 11 de noviembre de 1811, cuando Cartagena se atrevió a proclamar su independencia antes que muchos, enfrentando el hambre, el asedio y la muerte. La heroica resistió al imperio con coraje colectivo, pagando un precio muy alto por su amor a la libertad. Esa misma valentía ha reaparecido una y otra vez en las luchas populares por la dignidad, la justicia social y la vida. Las luchas que aquí se han librado. Lo que hemos aprendido del pueblo cartajenero es que un pueblo resistente es heroico porque como el de Cartagena nunca se rinde. Compañeras y compañeros, vamos a echar banderas arriba. Vamos. Las luchas del pueblo cartagenero de hoy son herencia directa de su historia. La misma rebeldía que enfrentó la conquista, la esclavitud y el dominio colonial, vive ahora en la defensa del trabajo digno, del territorio, del agua, de la paz, de los derechos sociales. Cambian los tiempos, cambian los tiempos y los desafíos. Pero permanece intacto el espíritu de lucha de un pueblo que ayer como hoy se niega a renunciar a su dignidad y a su libertad. Por eso aquí se respalda y quiere al pacto histórico. Compañeras y compañeros, aquí se quiere, se respeta y se admira al presidente Gustavo Petro. Viva Gustavo Pedro. Viva. Viva Gustavo Pedro. Viva. Aquí se quiere al gobierno del cambio y hoy veo en esta plaza que también se quiere y se respalda a mi candidatura. Gracias Cartagena. que te va y va a ganar y va a ganar y va a ganar y va a ganar y va a ganar. El pacto histórico es una fuerza social y política que no nació en palacios ni oficinas, sino en las calles, en los barrios populares, en las veredas, en las luchas del pueblo colombiano. Sus dirigentes no heredamos cures ni cargos. Todo lo nuestro lo hemos trabajado y construido duramente con la gente y para la gente. Por esa razón se nos persigue y ahora se intenta con decisiones tramposas del Consejo Nacional Electoral privarnos de la participación política. Mi inscripción, como ustedes saben, en la consulta del hecho del 8 de marzo fue anulada. El pueblo está barajo, el pueblo está barajo, el pueblo está. Es que te la voy a dar porque se va a volar. Mi inscripción en la consulta del 8 de marzo fue anulada y a muchos candidatos y candidatas de las listas del pacto histórico a la Cámara de Representantes se intentó impedir que fueran elegidos. El presidente Petro ha fijado con claridad la posición que rige nuestro comportamiento electoral el próximo 8 de marzo. Él ha dicho con meridiana claridad que no votará ninguna consulta. En su cuenta en la red social X escribió lo siguiente. Yo no voy a votar consulta. Voy a votar por cambiar el Congreso que hace las leyes. En primera vuelta volveré a votar. Cuando yo llegue, dice él, al frente del tarjetón, dado que me han quitado mi derecho de votar en la consulta de mi partido, votaré solamente por sus listas al Senado y la Cámara. Y dice el presidente, además, no solo el tarjetón de consulta está manchado de trampa, sino de delito. Así es, compañeras y compañeros. contra el pacto histórico y sus candidatas y candidatos. Se está cometiendo el delito de impedir nuestra participación electoral, pero no nos vamos, óigase bien, a cruzar de brazos ni a soportar esta violación de nuestros derechos. Que no quede ninguna ninguna duda. Nuestra consulta el 8 de marzo es votar únicamente por las listas al Senado y a la Cámara. Viva el pacto histórico. Viva. Viva el pacto histórico. Viva. Y luego votar por mí el 31 de mayo para ser elegido en primera vuelta. Que vive, se siente, sea presidente. Que vive, se siente. Queeda presidente. Se vive, se siente. Sea, presidente. No votaremos ninguna consulta. No votaremos ninguna consulta. E invito a Cartagena a votar masivamente por el pacto histórico el 8 de marzo en sus listas al Congreso. Hoy quiero explicar ante ustedes por qué, por qué se debe votar por nuestras listas al Senado de la República y a la Cámara de Representantes. Pero antes quiero recordarles lo que ha sido nuestro trabajo parlamentario en las últimas dos décadas. Las y los congresistas de izquierda y de las fuerzas progresistas y liberales hemos contribuido a través del debate de control político y de la aprobación de leyes de reforma a los cambios democráticos del país. Quiero recordar que cuando se guardaba silencio cómplice en el propio Congreso y en la sociedad colombiana, el joven representante a la Cámara, Gustavo Petro, alzó su voz en forma valiente para desenmascarar a los dirigentes de la parapolítica, quienes sustentaban curules en el Congreso. Allá estaban sentados y de allá fueron a la picota. Era la época, les recuerdo, de la alfombra roja para darle la bienvenida a los jefes paramilitares. Era la época en que el entonces presidente de la República, Álvaro Uribe Vélez, exaltaba sin pudor a los miembros de su bancada en el Congreso para que antes de ir a la cárcel votaran las leyes de su gobierno. Hágame el favor, el cinismo. La bancada de Uribe en el Congreso era un verdadero concierto para delinquir y su propósito era entregarle el estado de derecho a las mafias proclibes, al paramilitarismo y al narcotráfico. El actual presidente de la República, Gustavo Petro, con valentía desenmascaró la parapolítica y señaló el camino de la resistencia democrática contra las mafias. Esa es la verdad. Así les duela. Cuando yo llegué al Congreso en el año 2010, seguí el camino trazado por el presidente e hice dos debates al propio Uribe Vélez, quien en 2014 se convirtió en senador de la República, pero salió huyendo del recinto cuando tomé la palabra. se escurrió y no volvió sino para denunciarme ante la Corte Suprema de Justicia con una veintena de falsos testigos. Pero, oh sorpresa, nuestra resistencia llegó a que a la postre fuera condenado en primera instancia por soborno y fraude procesal. Iba a ganar. Ganar. Así que iba a ganar. Viva va a ganar. Y va a ganar y va a ganar. Y espera va a ganar. Y va a ganar. Y va a ganar. Y espera va a ganar. Y no tengo tiempo para hablar de las proezas de mis compañeros aquí presentes, de Camilo, María José, no sé si hay otros compañeros de Congreso, todos y cada uno tienen extraordinarios méritos como nuestras candidatas y candidatos. Así que congresistas de las bancadas de izquierda y del progresismo, hicimos decenas de debates, decenas. Así es. Así es. que congresistas de las bancadas de izquierda y del progresismo hemos hecho decenas de debates sobre la corrupción, las injusticias sociales y los cambios que deberían producirse. Y poco a poco, durante décadas, hemos ido abriendo el camino para la conciencia y la acción política del pueblo colombiano hacia la victoria que cosechamos en el año 2022, convirtiéndonos en gobierno. Como oposición política durante años le mostramos al país desde el Congreso el estado general de la injusticia, de la gran corrupción imperante en el régimen colombiano. Y ahora que hemos pasado de ser bancada de oposición a bancada de gobierno, hemos legislado contando siempre con la voz, los proyectos y las propuestas del movimiento social. Espero que no se huelen las páginas. Improvisaremos. Ahí están los resultados, compañeras y compañeros. No son palabras de nuestra acción política como fuerzas democráticas y progresistas en el Congreso. Gracias a esa labor hemos conseguido algunas transformaciones reales. Menciono solo cinco de tantas. Millones de adultos mayores que nunca habían recibido una pensión, hoy reciben al menos 240,000 pesos mensuales gracias a la reforma pensional. La reforma laboral y la política de salario vital han devuelto recargos nocturnos y dominicales que ya se sienten en el bolsillo de las familias trabajadoras. Cerca de un millón de jóvenes estudian hoy gratuitamente en universidades públicas gracias a la ampliación de la gratuidad en la educación superior. Una lucha histórica del movimiento estudiantil. Aguanta el movimiento estudiantil. Se recuperó la mesada 14 para sectores como docentes y miembros de la fuerza pública. El campesinado por primera vez ha sido reconocido como sujeto especial de protección constitucional y avanza la jurisdicción agraria. Nada de eso, compañeras y compañeros, habría sido posible sin nuestra bancada actual en el Congreso, dispuesta a debatir, a confrontar, pero también a dialogar y a transformar. Pero también es cierto que una parte del actual Congreso de la República, aquella que representa los intereses privados más mezquinos, ha sido uno de los mayores obstáculos para desarrollar el cambio social. Requerimos mayorías parlamentarias del pacto histórico hoy en las dos cámaras. para acelerar la aprobación de las normas de las transformaciones sociales pendientes. Queremos legislar para completar esas reformas que están previstas en nuestro programa y además para profundizar las que ya hemos venido realizando. Se trata ahora de reformar el sistema de salud. de profundizar la reforma agraria y convertirla en revolución agraria, de establecer instrumentos eficaces para la lucha contra la gran corrupción, de alcanzar la transformación y el desarrollo de los territorios, ahondar la reforma educativa, crear la reforma política, entre otros temas. la justicia. En este sentido, pediré a nuestra bancada, una vez elegido, que tramite con mensaje de urgencia la Ley de Austeridad Republicana, orientada a luchar contra la gran corrupción, eliminar privilegios y lujos del alto gobierno, redirigir los inmensos recursos que se roban cada año hacia el bienestar social y recuperar la esencia del servicio público, humildad, entrega y compromiso con el pueblo. Nada de lujos y vagabundería en el Congreso. Por otra parte, realizando un proceso amplio de diálogo nacional, adoptaremos el nuevo plan de desarrollo, cuyo eje será la eliminación de la desigualdad social y la pobreza, y haremos posible que sigan adelante las transformaciones bajo el concepto de revoluciones sociales para que se conviertan en irreversibles. Tenemos cómo lograrlo, compañeras y compañeros, pues hemos presentado a la ciudadanía listas para el Senado y la Cámara, fuertes, diversas y democráticamente elegidas. Nuestras listas tienen figuras políticas, mujeres y hombres. confiables y con amplia trayectoria de defensa de los sectores populares. Pido aplauso para nuestras candidatas y candidatos. Aplausos para la lista cámara de Senado. Históico. Listas del pacto histórico. Viva el pacto histórico. Vive el pacto histórico. Nuestras listas representan los movimientos sociales: campesinos, indígenas, afros, mujeres, jóvenes, víctimas, LGBTIQ, ambientalistas. Sindicalistas. Nuestras listas tienen paridad de género. Somos la única fuerza política que lleva una mujer, Carolina Corcho, como cabeza de lista al Senado. Viva Carolina Corcho. Ti paso atrás. Aquí me dicen mucha gente del magisterio, mujeres también. Nuestras listas han sido elegidas mediante una consulta ciudadana en la cual obtuvimos ni más ni menos que 2,700,000 más de 2,700,000 votos. Son las listas que representan al pueblo colombiano. Son la lista de la principal fuerza política del país, el pacto histórico y debemos votar masivamente por ellas. Eso va, eso va. Eso va. Eso va. Eso va. Eso va, eso va, eso va, eso va. Resaltamos la presencia del marismo social. Aguanta la corra, una revolución por a los amigos de lación magisteral presente. Sabemos que la ciudadanía está más que cansada, está harta de los abusos. Sabemos que la ciudadanía está más que harta de los abusos, de la clase política, de sus privilegios y tiene toda la razón la ciudadanía de considerar el Congreso la peor de las instituciones en Colombia. Basta ya de un congreso de espaldas al país. No se votarán las leyes más a espaldas de la nación y a favor de sórdidos intereses. Vamos a hacer lo necesario para cambiar el Congreso. Aquí no venimos a obedecer deshonestos jefes políticos. Venimos a obedecer al pueblo en buena hora. El presidente Petro y el gobierno nacional ha realizado el aumento salarial más significativo para los trabajadores y las trabajadoras. ya decretario decretado el salario vital y al mismo tiempo, óigase bien, ha dispuesto la rebaja salarial de los inmensos salarios de los congresistas a la mitad. Así tiene que comenzar a hacer la cosa. El que debe apretarse el cinturón es el gobierno, no el pueblo. Ahora necesitamos que desaparezcan definitivamente todo tipo de sobornos, cupos indicativos para los congresistas, poner fin al filibusterismo parlamentario y dejar de llamarles honorables a quienes son simplemente servidores del pueblo. Las leyes en Colombia no pueden seguir siendo negociadas a cambio de ministerios o puestos en los ministerios o embajadas o instituciones descentralizadas del Estado. El poder legislativo no puede seguir siendo un mercado persa y para eso debemos elegir una poderosa bancada que nos permita impulsar una verdadera revolución ética en Colombia que acompañe la rebelión ciudadana contra la gran corrupción y la postración moral de la que rescataremos a Colombia a partir del triunfo de nuestros nuestro segundo gobierno de la gran transformación social del país. Entonces, compañeras y compañeros, ciudadanía de Cartagena Heroica, el 8 de marzo a elegir la poderosa bancada del Pacto Histórico en Senado y en Cámara, y el 31 de mayo a elegirme digno sucesor de nuestro digno presidente Gustavo Petro. Iba ganar. Que viva el pacto histórico.";"2302"
"ycObUnZGWo0";"20260210";"DISCURSO DE IVÁN CEPEDA EN ENCUENTRO CON PUEBLO AFRODESCENDI";"https://youtu.be/ycObUnZGWo0";"Se vive, se siente, se pega presidente. Se vive, se siente, se peda. Presidente se vive. Queridos compañeros y queridas compañeras, agradezco enormemente este gesto de fraternidad. respaldo, cariño que siento de la población de Pasacaballos en este momento. Quiero muy puntualmente darles unos cuantos mensajes esenciales. Este es mi primer encuentro con la población afrodescendiente. Bravo. Comienzo aquí mi recorrido por el país para hablar con el pueblo afrodescendiente. Iré entre otros lugares a Kibdó el próximo miércoles. Un sitio del país que tiene dos grandes ríos y su población no tiene agua potable. Idea Buenaventura, una población que tiene un tremendo puerto, pero donde la gente no tiene servicios básicos. Rusia. Iré a Tumaco, una zona del país especialmente rica que está sometida por las mafias y la criminalidad y el conflicto. La pregunta, ¿por qué en estos lugares de inmensa riqueza la población afrodescendiente soporta la pobreza, la exclusión, la segregación, la discriminación? Y la respuesta es solamente una. En Colombia seguimos padeciendo, un racismo abierto, o velado, que tenemos que acabar. Y quiero en esto citar a una gran lidereza, Afro, Angela Davis, que dijo, ""No basta con rechazar y no ser racista, hay que ser antirracista. El racismo hace parte de toda la postración moral que vive nuestro país. Y en mi gobierno que vamos a elegir el 31 de mayo en primera vuelta. Vamos a hacer todo lo necesario para acabar con esa forma de segregación que no podemos seguir tolerando y admitiendo en la sociedad colombiana. Pero eso no son buenas intenciones, no son palabras, no son simplemente buenos deseos. Tenemos que dotar de agua potable a todos los municipios del país y aquellos especialmente donde vive la población afrodescendiente que está rodeada de agua, a veces inundada por el agua como en el canal del dique y no tiene agua potable. Eso no podemos seguirlo admitiendo. Tenemos que avanzar hacia la revolución agraria. No basta con dar tierras. Ojalá sean productivas. Ojalá podamos garantizar vías terciarias para que los campesinos, los indígenas y las comunidades afro tengan una economía poderosa que convierta sus territorios en potencias agrícolas y agropecuarias. Necesitamos vivienda, educación, salud. Necesitamos que la población afrodescendiente tenga derecho a ejercer las formas de gobierno y de gobernanza política que son propias de su cultura y sus comunidades. Así que, compañeras y compañeros, dado que tengo un vuelo que está a punto de dejarlo, les digo tres cosas rápidamente. Primero, el 8 de marzo no vamos a participar en ninguna consulta. Vamos a elegir una gran lista al Senado de la República y a la Cámara para hacer las leyes que puedan seguir la transformación social de Colombia. Segundo, el 31 de mayo vamos a ir a votar para que yo sea el digno sucesor de nuestro digno presidente Gustavo Petro. Tercero, presidente, se vive. Se siente, sea presidente. Tercero, vamos a seguir defendiendo el pacto histórico, el gobierno progresista y a nuestro presidente Gustavo Petro. Así que compañeras y compañeros, la fuerza de la memoria, de la cultura, de lo que nos enseñó el gran Bencos Viojó a no soportar la esclavitud, está con nosotros. Avanzaremos hacia un segundo gobierno de las grandes transformaciones sociales. Que sea un gobierno de verdaderos cambios. Y uno de ellos que sea el fin del racismo maldito en Colombia para que todos vivamos como hermanos y hermanas. Que viva el pacto histórico, compañeras. Que viva la población afrodescendiente. Orgullo. Que viva nuestro compañero presidente Gustavo Petro. Que viva Colombia. Que viva, que viva Iván Capeda, presidente, compañero, que viva. Que viva el pacto histórico, que viva. Que viva pasa caballos.";"606"
"p0vGqCHshYs";"20260212";"IVÁN CEPEDA： LA REVOLUCIÓN ÉTICA ES ANTIRACISTA";"https://youtu.be/p0vGqCHshYs";"Se siente, sea presidente, se vive, se siente sea presidente se vive, se siente, se espera. Presidente, muchas gracias. Si ustedes me permiten, antes de leer el discurso que he preparado para la tarde de hoy o para la mañana realmente de hoy, unas palabras de solidaridad con el campesinado y la población de Córdoba, que está sufriendo una inundación que ha acabado con los cultivos. con el pan con muchos lugares que se han tenido para construir la vida de las comunidades. Lastimosamente, esas inundaciones han tocado tierras que este gobierno le ha entregado al campesinado en el proceso de reforma agraria. Pero debo decir que el presidente Gustavo Petro que el gobierno está ya en el territorio ayudándole a la gente y atendiendo la emergencia, porque este gobierno no abandona a la población porque este gobierno se juega por el pueblo, es para el pueblo. Así que mi invitación a hacer todo lo posible para ayudar y socorrer a las familias que están siendo víctimas hoy de este desastre natural. Y bueno, entro en materia a leerles un discurso que se titula La revolución ética es antirracista. Queridas compañeras y queridos compañeros, con emoción saludo al pueblo chocuano. He venido aquí a expresarles mi admiración y reconocimiento por su resistencia aquí en la tierra de Barule, quien fundó el palenque de Tadó, una de las primeras insurrecciones en el Pacífico, un legado que hoy recogen los estudiantes, las juventudes, las mujeres, las hijas y los hijos de este hermoso departamento. Chocó no es una carga para el estado, como suelen decirlo la extrema derecha y sus dirigentes. Chocó le ha aportado riqueza, desarrollo, conocimiento a Colombia con su cultura, su gente y su talento. Que viva el pueblo chocuano compañeras y compañeros, vine aquí a escuchar las voces, los testimonios de lucha, la memoria del pueblo afrodescendiente que constituyen fuerza vital de una historia que aún no se registra bien en los libros de educación de nuestros planteles. en la universidad y en los colegios de secundaria. Hoy inicio con esta reunión un recorrido por poblaciones de la costa pacífica colombiana y una y una búsqueda de encuentros con las poblaciones afrodescendientes para incorporar su sentimiento, sus propuestas, su visión a nuestro futuro programa del segundo gobierno progresista. que elegiremos este año. Este recorrido que estoy comenzando hacer debe comenzar afirmando una verdad que incomoda a sectores del régimen colombiano. una verdad y una contradicción que hacen parte de la realidad de los territorios y del país y que no debemos seguir ignorando. Quó está rodeada de dos maravillosos ríos, el río San Juan y el río Atrato. Y sin embargo, su gente no tiene agua potable. Buenaventura posee uno de los principales puertos del país, pero sus barrios siguen sin servicios básicos. Tumaco, territorio pesquero y agrícola, inmensamente rico, se ha convertido en territorios de guerra. La Boquilla y Cartagena, tierra de mar, de playas, pescadores, rodeadas de lujo, de espinfarro y de turismo. Las comunidades afrodescendientes sobreviven la segregación urbana, la discriminación y el despojo silencioso de su tierra, como ocurre en pasacaballos, por ejemplo, que acabo de visitar. En estas ciudades habita gran parte de la población afrodescendiente de nuestro país. No estamos hablando de minorías como las élites del país suelen llamarlas. Estamos hablando de pueblos enteros, de comunidades históricas, de una parte fundamental de nuestra historia, de nuestro presente y de nuestro futuro como nación colombiana. No es casual que estos territorios concentren pobreza, abandono del Estado y violencia. Esa realidad tiene nombre y hay que decirlo clara y fuertemente. Eso se llama racismo estructural que no podemos seguir soportando en Colombia. Y frente a esta realidad, así como lo afirma la filósofa y activista Angela Davis, no basta con decir que no somos racistas. Hoy debemos ser todas y todos antirracistas, compañeras y compañeros. La postración moral que vive Colombia tiene componentes claramente identificados, como lo he venido diciendo, el desprecio de los pobres o clasismo, el machismo y el patriarcado que desprecia las mujeres, el desprecio por la vida y también, por supuesto, el racismo. Esas lacras, esa postración moral es la que yo digo debemos erradicar con una revolución ética. A lo largo de su historia, la sociedad colombiana ha sido una sociedad estratificada en la que se le han aplicado por parte de sectores de élite, formas veladas o abiertas de segregacionismo racial a una parte muy importante de la población que no solo han significado exclusión de la población afrodescendiente. sino que además la han discriminado, perseguido y explotado. Eso tiene que acabarse definitivamente en Colombia. Compañeras y compañeros, lo que llamo revolución ética es también una rebelión de los ciudadanos de carácter antirracista. La revolución ética que debemos llevar a cabo en Colombia es antirracista. El antirracismo es un proyecto de país. No basta con decir, como lo dice la Constitución colombiana, nuestra carta política, que somos una nación pluriétnica y multicultural. Eso está bien, pero es claramente insuficiente. Es imperativo un compromiso de transformación estructural y territorial orientado a la reparación histórica y a la emancipación definitiva del pueblo afrodescendiente en Colombia. La rebelión antirracista no es simplemente accesoria en la política social, debe ser una cuestión de justicia y de justicia social permanente, esencial. Pues si resolvemos los problemas de la ciudadanía afrodescendiente, contribuiremos significativamente a resolver los problemas del país, porque ustedes, porque los pueblos afrodescendientes son parte de la gran nación colombiana y durante siglos han sostenido la pirámide social. Esta es una propuesta que surge de los barrios, de los territorios, desde las veredas, desde los márgenes, desde la memoria viva de los pueblos afrodescendientes, de sus liderezas y líderes, que nos han dejado legados, lucha y resistencia por la libertad y la independencia de Colombia. Recordemos algunos de ellas y ellos, cómo no mencionar al general Padilla, fundador de la Fuerza Naval, a Juan José Rondón, a Bencoljó, a Juan José Nieto, a Manuel Idelia Zapata Oliveya y a otras tantas figuras que nos han marcado el camino del devenir y el recorrer para alcanzar nuestra verdadera emancipación como nación. Sin ellos, sin ellas, sin ustedes, este país no es lo que debe ser una gran nación. Por eso la cultura, el pueblo afrodescendiente es vital para la nacionalidad colombiana y para lo que hemos llamado como gobierno Colombia, potencia mundial de la vida. No los llamemos a engaños. La igualdad ha sido una palabra vacía, no una realidad en nuestro país. No todos hemos recibido el mismo trato ante la ley. No todos hemos gozado de los mismos derechos en igualdad de condiciones. Por ello, la rebelión antirracista como parte de la revolución ética propone acciones concretas que desafíen y superen las formas convencionales propias de lo que ha sido el modelo neoliberal. No bastan los subsidios, no bastan pequeñas cuotas que no resuelven de manera estructural la desigualdad de nuestra sociedad. He dicho que mi gobierno que será elegido en primera vuelta el 31 de mayo este año y que será el segundo gobierno de carácter progresista y de transformación social, mandaré obedeciendo y escucharé dialogando a las comunidades y a los pueblos afrodescendientes. Ante ustedes me comprometo a incorporar en nuestro programa sus propuestas para la transformación de los territorios con presencia de población afrodescendiente en busca de redistribuir la riqueza, los recursos y el poder político como ejes centrales para superar la desigualdad social, económica y racial. en nuestro país. Les pido que construyamos juntos un plan de emergencia y de reparación histórica que se centre en garantizar de manera universal el acceso al agua potable, que tenga la posibilidad de buscar vivienda digna y construir vivienda digna, salud, acceso a la educación de manera permanente en todos sus niveles, fortalecer la universidad para la población afrodescendiente y entregar posibilidades para un desarrollo territorial de la economía popular que se practica en estos territorios. Como dijo Malcom, no es posible paz sin justicia y libertad. Asumo el llamado urgente del pueblo afrodescendiente a luchar codo a codo para que, como en el proceso de independencia, salvemos juntos y juntas a nuestra nación. Les invito a que mejoremos el marco jurídico de la ley 70 de 1993 para impulsar el acceso universal a la tierra productiva de las familias afrodescendientes en Colombia. Es ahora, no después ni mañana, que debemos fomentar la agroindustria para enfrentar el déficit de más del 90% de la población afrodescendiente que no vive en los territorios de titulación colectiva, sino en las grandes ciudades y que no cuenta siquiera con un metro de tierra para cultivar el pan o construir sus hogar. lugares. Es urgente garantizar la soberanía y la seguridad alimentaria en estos territorios. Apoyar emprendimientos y economías de las mujeres, de los jóvenes, para superar las tasas alarmantes de desempleo e informalidad en las culturas y comunidades afrodescendientes en el Pacífico colombiano que tiene inmenso mar. y poderosos y torrentosos ríos. Debe haber una de las regiones más ricas y prósperas para la pesca y la ampliación de puertos populares y comunitarios. En nuestro gobierno haremos los mejores esfuerzos para fortalecer la creación y la difusión de la cultura de los pueblos afrodescendientes, su música, su arte, su visión del mundo, su espiritualidad. también para desarrollar las vías, las carreteras, los puntos de desarrollo del transporte fluvial por todo este territorio. Trabajaré sin cansancio para que todos los municipios del país y las ciudades, por supuesto, que hoy carecen de agua potable, lo tengan, porque la mayor parte de territorios sin agua corresponde en buena parte a los sitios donde habitan poblaciones afrodescendientes, agua potable y sanamiento básico para todas las poblaciones. Igualmente para las víctimas de la violencia, para las familias y comunidades que han sido blanco de la arremetida paramilitar o de los grupos armados, trabajaré incansablemente para que haya verdad, justicia y reparación colectiva. Y en eso hay una inmensa deuda histórica, porque el pueblo afrodescendiente ha sido objeto de toda clase de prácticas de violencia, incluyendo el genocidio. Los recursos del departamento del Chocó, incluidos el oro y otros minerales, deben ser utilizados para mejorar las condiciones de vida y, en consecuencia para construir paz. y desarrollo, no simplemente enriquecimiento de grupos mafiosos y grupos armados con la minería del oro. Y la minería del oro no puede significar acabar con el agua. Por último, haremos todo lo necesario para fortalecer la Universidad Tecnológica del Chocó. y para que la universidad tenga excelencia, cobertura y los mejores estándares científicos de investigación y desarrollo tecnológico. Y por supuesto, esta propuesta es tanto para los pueblos afrodescendientes como para los pueblos indígenas y para las poblaciones campesinas de estos territorios. Compañeras y compañeros, no me gusta hacer promesas vanas. No soy un hombre que le gusta tentar a la gente para que vote y luego olvidarme del pueblo. Soy un servidor del pueblo colombiano y por lo tanto les invito a que triunfemos en las elecciones que vienen. Nuestro presidente Gustavo Petro lo ha dicho con claridad. El 8 de marzo no vamos a pedir ningún tarjetón de consulta. Nuestra consulta es votar por las listas al Senado y la Cámara de Representantes que tienen dignos y dignas dirigentes políticos como los que están en esta tribuna. Y pido para ellos aplausos, pero sobre todo votos. El 8 de marzo, el hospital, ¿de acuerdo? El hospital es prioritario. Muy bien. Apuntado y tenido en cuenta como prioridad. nuestros dirigentes del pacto histórico, nuestros comités electorales, las ciudadanías que nos respaldan, las invito a todas esas estructuras y personas a trabajar incansablemente, casa por casa, calle por calle, plaza por plaza, vereda por vereda, municipio por municipio para ganar a los votantes que aún no se han decidido. Invito a defender en nuestro discurso y acción política a nuestro gobierno, sus logros sociales y a nuestro presidente Gustavo Petro Urrego, que todos los días soporta ataques, insultos y amenazas e, incluso atentados o intentos de atentados. como los que se han venido denunciando. Quiero dejar claro lo siguiente. El 31 de mayo me presentaré a la primera vuelta como candidato único del P. Que quede claro para nuestros adversarios y para nuestros contradictores. No somos un partido pequeño, no somos un grupculo de garaje, somos la principal fuerza política del país. Así que no nos vengan a chantajear. Obtuvimos 3 millones de votos, cerca de 3 millones de votos en la consulta del 26 de octubre de 2025, pero no nos permitieron medirnos en una consulta interpartidista. Así que no nos vengan a decir que esos 3 millones de votos son los de la izquierda. Nuestros votos son millones que obtendremos en las urnas el 8 de marzo para el Senado y la Cámara y el 31 de mayo cuando sea elegido presidente en primera vuelta. que no nos chantajeen con las trampas del Consejo Nacional Electoral, al cual le he prometido, debo decirlo, que será un organismo que haré todo lo necesario para que desaparezca en una reforma política. Así no les guste. Un organismo politiquero que trafica con intereses y que coarta y viola los derechos políticos, en este caso, de un sector fundamental de la vida nacional como es el pacto histórico. Ratificamos nuestros principios. No somos ninguna fuerza que se corrompe y se deja comprar por maquinarias electorales. No venimos a gobernar para seguir permitiendo la corrupción. En mi gobierno, que lo sepan bien los promotores y los beneficiarios de la gran corrupción, serán perseguidos sin cuartel y la gran corrupción será objeto de una rebelión ciudadana que hace parte de nuestra revolución aquí. No hago política espectáculo, no me disfrazo, no le miento a la gente, no hago ninguna clase de presentaciones estridentes para ser más simpático a la población. Lo mío son planteamientos que emanan del pueblo el servicio al pueblo y el respeto por el pueblo. No vamos a derrochar miles de millones de pesos en esta campaña. Invito a mis compañeras y compañeros a hacer política con lo que podemos hacerla, el voz a voz si acaso alguna pieza publicitaria, pero sobre todo el diálogo con la población, el convencimiento con argumentos y con nuestras propuestas programáticas. Bravo. Así que compañeras y compañeras, carretera les hago una invitación, por favor se lo digo, todas las propuestas que ustedes hacen, las fundamentales, las vamos a tener. Gracias. No duden que nuestro programa va a tener, no digo todos y cada uno de los inmensos detalles que se podrían poner en obra en un programa, pero sí los problemas y las soluciones esenciales. A eso me comprometo con ustedes, por Pero entonces, dicho todo esto, diciendo que una revolución ética es antiracista, invitándolas e invitándolos a votar copiosa y masivamente el 8 de marzo para triunfar con una gran lista al Senado y la Cámara, diciendo que ganaré en primera vuelta el 31 de mayo. elecciones, saludando a los pueblos indígenas presentes. También les hago la invitación a que ganemos, a que en primera vuelta triunfemos para que el 7 de agosto, cuando sea mi posesión y ustedes me acompañen a la plaza de Bolívar y al Palacio de Nariño, le demos al presidente Petro un gran abrazo para saludar y reconocer su gran gestión por el pueblo colombiano. y comencemos el segundo gobierno de las transformaciones sociales, políticas, éticas y antirracistas que serán el futuro de nuestro país. Que viva el pacto histórico, compañeras y compañeros. Que viva nuestro gobierno del cambio y la transformación. Que viva el presidente Gustavo Petro. Que viva el CHBia. Sea, amigo, el pueblo está contigo. Sea, amigo, el pueblo está contigo. Espera, amigo. El pueblo está contigo.";"2610"
"xegTCZs0zeo";"20260213";"IVÁN CEPEDA： ＂MEDELLÍN Y ANTIOQUIA NO REGRESARÁN AL PASADO＂";"https://youtu.be/xegTCZs0zeo";"Gracias, gracias Medellín, gracias Antioquia. Siento una emoción particular cargada de afecto, de reconocimiento y de admiración por ver esta plaza tan simbólica llena de multitudes en la tarde de hoy. Gracias por estar aquí. La reflexión que quiero hacer con todas y todos ustedes lleva el siguiente título: Medellín y Antioquia no regresarán al pasado. Queridas compañeras y queridos compañeros, saludo al gran pueblo antioqueño, a sus movimientos sociales, a las organizaciones de madres víctimas que son ejemplo en Colombia y en América Latina de resistencia y coraje para decir y luchar por la verdad. a su juventud, a su ciudadanía en general. A lo largo de la historia de nuestro querido país, Antioquia y su gente se han caracterizado por tener una fuerte identidad regional por valorar el esfuerzo, el trabajo, el empeño por la iniciativa y el empuje empresarial. por la densidad del tejido social, la unidad familiar por compartir arraigadas creencias religiosas. En todo tiempo Antioquia y su pueblo han hecho grandes aportes al desarrollo económico, cultural y social de nuestro país. ese espíritu pujante, esa consideración de la laboriosidad como una virtud humana, convirtió a este departamento en un referente de desarrollo empresarial e industrial. Pero desde la década de 1980, recordémoslo, la vida cotidiana y social de Medellín y Antioquia, la vida de su gente cambió. Comenzaron los tiempos de la persecución, del sufrimiento y de la incertidumbre. antes de ser asesinado el gran defensor de derechos humanos, Jesús María Valle Jaramillo, para el cual pido un aplauso de esta plaza antes de ser asesinado. El pueblo está. Pero lo mejor, el pueblo va a ganar. Hoy va a ganar el pueblo. Antes de ser asesinado, el gran defensor de derechos humanos, Jesús María Valle, afirmó que el meridiano de la violencia pasaba por Antioquia. Como todo lo que decía y hacía este gran defensor de derechos humanos, su frase no era una metáfora exagerada. Por el contrario, fue una denuncia oportuna y precisa. En palabras sintéticas, Antioquia se convirtió en cuna de la parapolítica de la narcoeconomía y del terrorismo de estado. surgió una alianza nefasta entre sectores económicos, políticos y armados que utilizaron la represión, el miedo y el exterminio para proteger intereses, acumular riquezas a costa de la vida de las poblaciones en territorios rurales y urbanos. oito, amigo, amigo. Y en el centro de esa macabra realidad que emergió, estaba Álvaro Uribe Vélez, su familia y su círculo social, estrechamente ligados al narcotráfico, al naciente paramilitarismo y a los sectores terratenientes. Hay que decirlo con claridad. Un político ambicioso, sin escrúpulos, obsesivo y autoritario, quien rápidamente escaló encargos públicos y que se granjeó la lealtad y la complicidad del mundo y del inframundo. Uribe lideró una mutación de las estructuras de poder y de la sociedad. un cambio regresivo, violento y autoritario, que profundizó además la desigualdad social en todo el departamento y luego en el país. No fue solamente que hizo curso el enriquecimiento repentino y delictivo en esa época. Alrededor de esa prosperidad sin principios morales, alcanzó su esplendor el lavado de dineros del sistema financiero, la legalización de capitales en la compra y el despojo de tierras del campesinado, la construcción de megaobras para construir el destino nefasto de muchas comunidades. perdieron todo en las riberas de ríos y en la historia que ya conocemos de Hidruituango. La violencia en esa época sustituyó la convivencia y la deliberación democrática. Los negocios sin escrúpulos legales e ilegales debilitaron gravemente la economía del trabajo honesto, la del esfuerzo y la paciencia. Pero la violencia, hay que decirlo y recordarlo también hoy aquí, no logró destruir la fuerza del pueblo antioqueño. Por el contrario, obligó a las comunidades y a la sociedad antioqueña a fortalecer su organización, su resistencia y la democracia. A esa dictadura de la codicia se plegaron muchos sectores que posaban de ser honorables en la sociedad antioqueña. Pero también a esa nueva industria del enriquecimiento criminal se opusieron mujeres y hombres de buena conciencia, defensoras y defensores de derechos humanos como Héctor Abat, como Jesús María Valle, como tantos otros que aquí quisiera recordar nombre por nombre. Se opusieron académicos que sacrificaron su vida, periodistas, investigadores judiciales y jueces que no vailaron en sacrificar su vida o en enfrentar la persecución de las peores formas para resistir el imperio del mal. Y sobre todo se opusieron las víctimas, las madres de los muchachos desaparecidos y asesinados. Hay una realidad, compañeras y compañeros. Siempre hay una realidad, compañeras y compañeros, que la extrema derecha y su jefe Álvaro Uribe Vélez y que el propio alcalde de esta ciudad se obstinan en negar, no quieren verla, no quieren comprenderla, no se resignan a aceptarla. Medellín y Antioquia cambiaron para siempre. Aquí, hay que decirlo, se ha ido abriendo el camino de la democracia. Aquí ha ido germinando la equidad social. Aquí la verdad ha comenzado a derrumbar los muros de la impunidad. Aquí la memoria se ha convertido en fuerza viva que nutre las luchas sociales. Nuestro pueblo ya no es espectador. Presidente, presidente. Sea presidente presidente. Presidente. Nuestro pueblo. Presidente ya no espectador, es protagonista. Se ha apropiado de la movilización como herramienta legítima para exigir sus derechos. ha comprendido que sin participación vinculante y no meramente consultiva no pueden adoptarse las grandes decisiones en la sociedad. ha descubierto su poder constituyente. Sabe que las reformas sociales no son ya una quimera que pueden hacerse realidad y transformar la vida cotidiana de la gente. Y sabe también, y esto es tal vez lo más importante, que si vienen a arrebatarle las reformas y los cambios, nos paramos en la raya y no lo permitimos. ha descubierto que ya no se podrá impedir el cambio de acuerdo con nuestro gran maestro Carlos Gaviria Díaz, a quien recuerdo hoy con gratitud y afecto desde esta plaza, cuando un pueblo reconoce su dignidad. y se empodera en ella, nada ni nadie lo puede detener. Así es, compañeras y compañeros. Eso es lo que ha ocurrido en Medellín y Antioquia. Eso es lo que ha ocurrido para fortuna y felicidad de todas y todos nosotros en Medellín y Antioquia. Nuestro pueblo ha reconocido su propia dignidad, no la olvidará y ese despertar ya no tiene marcha atrás. Señores y señoras de la extrema derecha, no volveremos atrás. No volveremos ni un paso atrás. Así es. Es imparable. No volveremos al silencio cómplice frente a las desapariciones forzadas, ni a la impunidad de los crímenes contra miles de jóvenes inermes, asesinados y presentados como enemigos para encubrir la barbarie. No volveremos a ese tiempo nefasto porque las madres de esos jóvenes nos enseñaron el poder invencible de la verdad. nos enseñaron a mirar las realidades de los ojos de las víctimas y a escuchar con el corazón abierto. Nos recordaron, como lo decía el Papa Francisco, que solo al reconocer el abismo del mal podemos elegir la paz sin temor a que nos llamen ingenuos. No volveremos al tiempo en que trabajar por la paz, también por la paz urbana, hay que decirlo. Era señalado como un delito. No volveremos al dogma de que la seguridad debe construirse sobre la violación masiva de los derechos humanos. No aceptaremos nunca más que el desarrollo de los territorios se funda en la guerra, en la muerte, en el arrasamiento de comunidades, en la condena de la juventud de nuestros barrios populares y nuestras veredas. No volveremos a entregarle a nuestra juventud a la guerra. No volveremos al pasado en que la pobreza y la desigualdad eran presentadas como condiciones ineludibles del progreso. No volveremos a la idea de que la confianza inversionista se construye despreciando a los pobres. Hoy sabemos que una nación próspera se edifica acabando con la pobreza y la desigualdad, ampliando derechos, construyendo infraestructura con las comunidades y no contra ellas, escuchando a quienes han sido guardianes del agua, de los ríos, de las montañas y de la vida. Y para que no se diga que somos enemigos y enemigas de los empresarios, los invito a ellas y a ellos a un diálogo franco y constructivo a todos los empresarios, grandes, medianos y pequeños para hacer que la prosperidad en Antioquia y en el país sea de todos y para todos. Y no volveremos al pasado de la política mafiosa, de la política corrupta y oportunista de la política convertida en espectáculo vacío. No aceptaremos que la política sea una amenaza para la sociedad. La política debe ser, y lo ha comenzado a ser, herramienta de emancipación social, instrumento al servicio del pueblo, no contra el pueblo. Medellín y Antioquia han cambiado. Y cuando un pueblo cambia en conciencia y dignidad, no hay poder que lo obligue a retroceder. Por eso lo decimos desde este parque y desde esta plaza. Al pasado uribista, al pasado de postración y abcción moral, no vamos a regresar, no volveremos atrás. Compañeras y compañeros, en uno de los momentos más difíciles de la violencia en Medellín, hace 43 años, el 27 de octubre de 1983, el Comité Permanente de Derechos Humanos, liderado por Héctor Abad Gómez, junto con diversas organizaciones promovieron la marcha por la vida en Antioquia que culminó en una gran manifestación en este emblemático parque de la ciudad. En esa ocasión las y los manifestantes exigieron respeto por la vida, la paz y el retorno de los desaparecidos. Hoy en esta misma plaza, en este mismo parque, nos reunimos con alegría, con convicción y esperanza. con la constatación del cambio que se está produciendo en la sociedad colombiana, el cambio cultural, ético, social y político que ha comenzado a producirse y que ha liderado nuestro gobierno en cabeza del presidente Gustavo Petro Urrego. ese cambio. Ese cambio tiene en Medellín y en Antioquia. Ese cambio tiene en Medellín y en Antioquia las fuerzas sociales necesarias para seguir avanzando y profundizando la transformación social. Por eso hoy buscan debilitar, dividir y destruir al pacto histórico. Atacan nuestro gobierno, atacan al presidente Gustavo Petro, a quien no solo calumnian diariamente, sino que intentan incluso atentar contra su vida. Hay que protegerlos. contra el pacto histórico. Primero intentaron evitar que hiciéramos la consulta interna el 26 de octubre en la que para dolor de nuestros contradictores obtuvimos cerca de 3 millones de votos. sabotearon la participación de la población rural, cambiando de sitio miles de puestos electorales e igualmente en las últimas decisiones del sabio el muy prestigioso Consejo Nacional Electoral tomaron aberrante decisión de impedirle al candidato de la más importante fuerza política del país participar en una consulta interpartidista. Ese nefasto consejo, lo he dicho, deberá ser eliminado en una reforma política. Tienen miedo. Tienen miedo. Tienen miedo. Tienen miedo. Tienen miedo. Tienen miedo. Tienen miedo. Ahora se empeñan en negar una evidencia contundente. El pacto histórico es la fuerza política más grande y poderosa en este momento en Colombia. en todas las encuestas, en los últimos años registra los niveles más altos de identificación partidista, primero como coalición y ahora como partido político. Nuestro movimiento y liderazgo son reales. Somos un proyecto político que navegando en contra de una densa carrera de obstáculos ha demostrado, sigue y seguirá demostrando su capacidad de movilización popular, social, comunitaria y política. Jamás será vencido a diferencia. Jamás será vencido el pueblo unido. Jamás será vencido. El pueblo unido jamás será vencido. A diferencia de muchas candidatas y candidatos o precandidatos y precandidatas, tantos como hay en este país, muchísimos. representando a un mismo sector político. A diferencia de ellos, no queremos ni necesitamos disfrazarnos de pueblo porque toda nuestra vida personal y política ha estado consagrada al pueblo y sus luchas. Somos parte del pueblo colombiano. No necesitamos pagar a gente que se movilice con fines electorales. No compramos apoyos, ni simpatías, ni mucho menos votos. Así es. Antioquia no es Uribe. Antioquia no es Uribe. Antioquia no es Uribe. Antioquia no es Uribe. Se equivocan si creen que los ataques, los insultos debilitan nuestra unidad y nuestra cohesión. El pacto histórico es más fuerte que nunca. es el principal y más poderoso movimiento político del país. No nos cansamos de repetirlo. Así es, presidente. Así es. Por eso, compañeras y compañeros, invitamos a todas y todos nuestros dirigentes, militantes, integrantes, simpatizantes, a las ciudadanas y a los ciudadanos que nos apoyan a orientar a nuestros electores en el siguiente sentido. 8 de marzo. Solamente votaremos por las listas del pacto histórico al Senado de la República y a la Cámara de Representantes por todas estas figuras políticas tan dignas, tan capaces y tan meritorias para quien quienes pido un gran aplauso en esta plaza. y sobre todo para quienes pido masivamente votar el 8 de marzo. Eso quiere decir que el 8 de marzo no aceptaremos o rechazaremos si nos lo ofrecen el tarjetón de las llamadas consultas. Defendemos y defenderemos nuestro gobierno y al compañero presidente Gustavo Petro Urrego. Que viva defendemos y defenderemos con la movilización social pacífica pero decidida. las reformas y cambios sociales que hemos obtenido como la reforma agraria, la reforma laboral, la reforma pensional y el salario vital. Y el 31 de mayo, compañeras y compañeros, las y los invito a votar masivamente por este humilde servidor para ser elegido presidente de la República en primera vuelta. Primera, en primera, en primera, en primera, en primera, en primera, en primera, en primera para ser elegido presidente de la República y el 7 de agosto darle un abrazo merecido a nuestro presidente para reconocer su inmenso aporte a la historia del país. Comenzar el segundo periodo de las grandes transformaciones sociales e históricas de nuestra sociedad y de nuestro país. En primera, en primera, en primera, en primera. En primera en primera a nuestros adversarios, a la extrema derecha y su jefe, Álvaro Uribe Vélez, les decimos desde esta plaza en especial, nos vemos en las urnas, que vivan Medellín y Antioquia. Que vivan el pacto histórico y nuestro compañero presidente Gustavo Petro Urrego. Vamos a ganar, compañeras y compañeros. Se vive, se siente, se peg presidente, ya arriba sea para despedir a nuestro próximo presidente. Arriba, arriba, arriba. Y yo sí quiero agradecerles porque vean, me le aprendí una, me le aprendí una arenga a Edward Sarmiento, representante de la cámara que dice, ""Llueva o truene, el pacto se mantiene. Nueva o atruene, el pacto se mantiene.";"2399"
"LoWFNClSg2I";"20260214";"＂SOLIDARIDAD Y APOYO A LAS POBLACIONES DAMNIFICADAS Y MOVILI";"https://youtu.be/LoWFNClSg2I";"Gracias Apartadó, gracias Urabá, gracias al pueblo afrodescendiente, al campesinado, a los pueblos indígenas de este territorio, a toda la gente que está presente aquí. Muchas gracias por haber acogido este llamado del pacto histórico en un día muy importante para nosotras y nosotros. He preparado unas palabras que llevan por título solidaridad y apoyo a las poblaciones damnificadas y movilización para defender el salario vital que hemos conquistado. Queridas compañeras y queridos compañeros, antes de abordar cualquier tema, considero imprescindible expresar a todas ustedes y todos ustedes mi solidaridad con el pueblo de Urabá, que ha visto sus hogares, sus cultivos y medios de vida afectados por las inundaciones. Se trata de una emergencia invernal en ocho departamentos del país que afecta a sus pobaciones y en particular a decenas de miles de trabajadores del campo, campesinos, pescadores, habitantes de la ruralidad. Al menos 100,000 hectáreas están inundadas, miles de viviendas. Se ha visto afectada gravemente la infraestructura social de estos territorios, colegios, puestos de salud, escenarios deportivos, entre muchos otros lugares. La causa, según lo dice el Instituto de Hidrología, Meteorología y Estudios Ambientales, IDEAM, es un frente frío que ha producido precipitaciones nunca vistas antes en el mes de febrero de manera tan copiosa. Es por esto que respaldamos con firmeza la decisión de nuestro compañero presidente Gustavo Petro, de declarar el estado de emergencia para atender las graves consecuencias de las inundaciones en momentos en que la vida, la seguridad alimentaria y la estabilidad económica de comunidades enteras están en riesgo. El gobierno y el estado no puede darle la espalda a la gente. Se requiere actuar con celeridad, con recursos extraordinarios y con coordinación institucional efectiva. Por eso considero importante repudiar la actitud hipócrita del establecimiento colombiano que reclama y presiona del gobierno atención a las poblaciones y simultáneamente le niega al gobierno la posibilidad de tener instrumentos para la emergencia económica y social. Eso se llama, compañeras y compañeros, hipocresía de la más pura de la clase política colombiana. Mientras la gente está en medio de la inundación, ellos, los políticos y los politiqueros, haciendo cálculos y jugadas para afectar todavía más a la gente. Eso es inconcebible y yo los llamo a que tomen nota en el momento de estar ante las urnas para que esa gente no vuelva al Congreso si son congresistas o a cualquier cargo público en el futuro. Hay que castigarlos con el favor de la ciudadanía o mejor con su antipatía. Y en segundo lugar, como si fuera poco que al gobierno le niegan la posibilidad de atender con recursos suficientes la grave crisis climática que se ha presentado en el país, hoy el Consejo de Estado, en una de las decisiones más injustas y arbitrarias que se tenga historia en este país, ha suspendido el aumento salarial que permite que lo que antes se llamaba salario mínimo, hoy haya pasado a ser salario vital con un aumento del 23%. Quiero decir frente a esa medida arbitraria que no solamente la rechazamos con toda firmeza por su arbitrariedad, sino que además haremos todo lo necesario mediante la movilización decidida en las calles, plazas de este país para evitar que los derechos de las trabajadoras y los trabajadores sean de nuevo pisoteados. La suspensión del salario vital lo único que demuestra es la resistencia de ciertos sectores que viven de las condiciones de desigualdad social en nuestro país. Parece que se niegan a que los pobres, a que la gente que vive en las condiciones más difíciles en nuestra sociedad tenga derechos. Pero lo que les digo es que se equivocan gravemente. Ayer lo afirmé en una multitudinaria, gigantesca movilización en el parque de Berrío en Medellín, en lo que antes antes era la casa de la extrema derecha. Allí dije con toda claridad que antes, en un pasado, a la gente se le negaban y se le violaban los derechos y en Colombia prácticamente no pasaba nada. Pero hoy las cosas han cambiado. Hoy salieron los muchachos de primera línea en el estallido social a las calles. Salió la gente, luchó por sus derechos y ha aprendido y ha sido consciente de que nunca más se volverá a presentar el pisoteo de los cambios sociales impunemente y lo vamos a reclamar con toda severidad. El pueblo ya no espectador, es protagonista. Y por eso, con la movilización como herramienta legítima para exigir derechos, vamos a ir a la movilización, a la calle para reclamar que el salario vital se mantenga y para que se convierta realmente en una costumbre en Colombia, que el salario de los sectores populares se reajusta como debe ser cada año y que no es objeto de una negociación cada vez más mezquina, porque se ha demostrado el aumento del salario o de lo que se llamaba el salario mínimo, contrario a lo que decían los economistas que iba a destruir la economía del país, ha sido un importante factor de estímulo del crecimiento económico en estos años. Así que acabamos ya con esa mentira tan largamente sostenida. Si los trabajadores y las trabajadoras de este país tienen un mayor salario, mayor activación económica, mayor prosperidad para todas y todos y no solamente para una pequeña élite. Presidente, presidente, presidente, presidente, presidente. Todos esos logros, el salario vital, la reforma pensional, la reforma laboral, este nuevo salario, hay que decirlo con toda claridad, se debe a nuestro gobierno del cambio social y a nuestro presidente Gustavo Petro Urrego. Compañeras y compañeros, Vengo a apartadó, esta zona de Nurabá que durante cinco décadas, por lo menos nunca se resignó al miedo, sino que convirtió la organización social y la organización sindical en una fuerza transformadora. Durante más de medio siglo, el movimiento sindical bananero, al que le rendimos homenaje hoy, ha conquistado salarios y condiciones laborales dignas como en ninguna otra región del país. Esa conquista ha sido fruto de la conciencia, la organización, la huelga y la negociación colectiva. nuestro homenaje hoy a los dirigentes e integrantes de las organizaciones sindicales que han sabido en este territorio pelear por sus derechos. Debemos recordar que esa movilización valiente se intentó ahogarla mediante la sangre y el fuego y que fueron muchos los líderes sindicales, las personas pertenecientes a organizaciones sindicales aquí en Urabá, que pagaron un alto precio, que pagaron con su vida la defensa de los derechos laborales. fue lo que se llamó en su tiempo la guerra sucia, desatada contra quienes defendían y han defendido derechos sociales básicos. Por eso hoy el movimiento sindical no solamente merece un homenaje retórico, sino que se haga efectiva la reparación colectiva a todas y cada una de las familias víctimas de esta violencia. Y a eso me comprometo con ustedes en esta tarde. En mi gobierno trabajaremos por la verdad, la justicia y la reparación de los trabajadores y trabajadoras. De igual forma quiero destacar aquí está contigo. Sea amigo el pueblo está contigo. Sea, amigo, el pueblo está contigo. De igual forma quiero destacar aquí la resistencia pacífica valiente durante años. de la comunidad de paz de San José de Apartador, que pagó también con un alto precio el haber resistido mediante la desobediencia civil a la violencia en el territorio y que afortunadamente ha sido reconocida con una decisión de la Corte Interamericana de Derechos Humanos, la cual haremos realidad también bajo nuestro gobierno en UR. No solo se ha dado la lucha sindical y la resistencia de los pueblos para evitar la violencia, sino que también ha habido una larga lucha del campesinado y de los trabajadores del campo por la tierra y por la reforma agraria. Aquí se han ido ganando la restitución de tierras. Aquí se ha ido ganando el devolver la tierra despojada. Y como lo he dicho, en el segundo gobierno progresista, pasaremos de la reforma agraria a la revolución agraria, que significa que la economía campesina será el motor de lo que nuestro primer gobierno ha llamado una potencia mundial de la vida, es decir, una potencia agroalimentaria, no solamente en nuestro continente, sino de cara al mundo. Vamos a trabajar intensamente para que la economía campesina pueda tener un crecimiento cada vez mayor y mejor. Asimismo, quiero destacar las luchas más recientes frente a los megaproyectos portuarios, los consejos comunitarios, las organizaciones de trabajadores y los habitantes de Urabá no se oponen al desarrollo, pero exigen desarrollo no arrase con la vida, con el agua, ni con la naturaleza. Ayer lo dije en Medellín, tenemos toda la disposición del dialogar con el empresariado, pero siempre y cuando ese diálogo sea para beneficiar la prosperidad y en beneficio de todas y todos. No tenemos por qué seguir en Colombia pensando que el enriquecimiento es para un pequeño grupo, toda nuestra sociedad. Colombia, que es tan rica en recursos, puede ser próspera y cada quien puede tener posibilidades para tener la mayor pujanza en su economía familiar y comunitaria. Las comunidades exigen nuestras comunidades exigen que el progreso no se construya sobre el silencio. Reclaman ser escuchadas, ser consultadas en la construcción de proyectos estratégicos para la región y para el país. Porque como lo he dicho, el verdadero desarrollo se hace con la gente y no contra la gente. Todas esas luchas, las luchas de los trabajadores y trabajadoras, las luchas campesinas, las luchas de los pueblos étnicos, de los defensores y defensoras ambientales, confluyen en una gran causa común que es la gran transformación social de nuestro país. Nuestro gobierno con su programa, con sus políticas y medidas como el salario vital, que repito, no dejaremos que nos la arrebaten, ha contribuido a mejorar la calidad de vida, el bienestar de la población, eliminar la pobreza, disminuir la desigualdad social en estos años. Por eso, ese es el mejor argumento para que tengamos un segundo tiempo y elijamos este año, antes del mes de junio, el segundo gobierno progresista. Compañeras y compañeros, se vive, se siente, se queda. Presidente, se vive, se siente, se queda. Presidente, se vive, se siente. Ahora tenemos ante nosotras y nosotros la tarea de ganar estas elecciones. Lo vamos a hacer porque el pacto histórico es hoy la principal y más poderosa fuerza política que existe en Colombia. Vamos a lograrlo. Nos movilizaremos para impedir que nos arrebaten el salario mínimo vital. Ayudaremos y atenderemos a las poblaciones que hoy sufren inundaciones en ocho departamentos del país como nos corresponde. Y ahora invito a todas y todos los dirigentes del Pacto Histórico, a sus militantes e integrantes, simpatizantes, ciudadanas y ciudadanos que respaldan nuestro proyecto a que orienten al electorado de la siguiente manera. El 8 de marzo, compañeras y compañeros, solamente votaremos por las listas del Pacto Histórico al Senado de la República que encabeza mi compañera Carolina Corto. Tiene gente como Isabel y tantos otros extraordinarios candidatos y candidatas y también por las listas que regularmente son cerradas. No sé cómo estará aquí el asunto en Antioquia. cerrada también, afortunadamente para que ese día elijamos una numerosa bancada parlamentaria y no sigamos en el tire y afloje con los politiqueros que le niegan las reformas al pueblo colombiano en el Congreso. Defendemos y defenderemos nuestro gobierno y al compañero presidente Gustavo Petro Urrego, quien todos los días soporta nuevos ataques por haber liderado la transformación o el comienzo de la transformación social del país. Defendemos y defenderemos con la movilización social pacífica, pero decidida, las reformas y cambios sociales que hemos comenzado a hacer, la reforma agraria, la reforma laboral, la reforma pensional, el salario vital, la reforma tributaria que tiene realmente carácter progresivo y tantas otras que hemos venido ganando en estos años. Así que a movilizarnos para defender nuestros cambios sociales en esta bondad. Y compañeras y compañeros, por último, aunque no menos significativo debo decirlo, el 31 de mayo las invito y los invito a votar masivamente por mí para ser elegido presidente de la República en primera vuelta. En primera, en primera, en primera, en primera. Y que comencemos juntas y juntos el segundo gran gobierno de la transformación social e histórica de la sociedad colombiana. A nuestros adversarios de la extrema derecha uribista les decimos, nos vemos en las urnas. Que viva el pueblo de Apartad y Urabá, que viva. Que vivan el pacto histórico. Y nuestro compañero presidente Gustavo Petro Urrego de primera. primera. Muy bien, presidente.";"2063"
"CdF6dE9qmcc";"20260219";"＂LA SEGURIDAD HUMANA COMO COMPONENTE ESENCIAL DE NUESTRO PRO";"https://youtu.be/CdF6dE9qmcc";"Se vive, se siente, se peda, presidente. ¿Qué es lo que quiere el Putumayo? Iván Cepeda presidente. ¿Qué es lo que quiere el Putumayo? Presidente, que viva el Putumayo. Que viva el Pacto Histórico. Que viva Colombia. Que viva nuestro representante a la Cámara, al Senado y presidencia de la República de Colombia. Buenas, buenas, queridas compañeras, queridos compañeros. Gracias a Puerto Asís, gracias a Putumayo, gracias a las comunidades eh indígenas, a los pueblos que están presentes, a las comunidades campesinas, a los luchadores sociales y populares. Antes de leer el discurso que he preparado para el día de hoy aquí, quiero expresar mi posición. sobre tres asuntos que conciernen al Putumayo y concretamente a ustedes a Puerto Asís. El primero es manifestar que nosotros estamos por fortalecer la frontera con Ecuador. Que sea una frontera abierta a la movilidad, que sea una frontera con una gran actividad económica, que sea una frontera para la actividad económica lícita y no ilícita y que permita que todos tengamos prosperidad. en esta región fronteriza. Segundo, quiero expresar mi rechazo a que la reconstrucción de Mocoa haya sido devorada por la corrupción. Tenemos que acabar con la corrupción. Esa es una de las prioridades del segundo gobierno progresista, golpear con la gente en una rebelión ciudadana la corrupción. Así que nuestro compromiso con todos los habitantes de Mocoa para seguir y lograr una reconstrucción exitosa. Y por último, un tercer objetivo que quiero mencionar aquí, mi solidaridad plena con las víctimas de la violencia en este territorio que son más de 160,000. Necesitamos y como víctima del conflicto hablo ahora, no simplemente como candidato, programas serios de reparación, verdad, justicia, no repetición para todas las víctimas. Y a eso me comprometo con ustedes, familias y comunidades que han sufrido la violencia. Se vive, se siente, presidente. Se vive, se siente, sea presidente. He preparado para lanzar desde aquí lo que será nuestra propuesta en materia de seguridad. Así que voy a leer esta propuesta que lanzamos desde Putumayo a la nación como propuesta de seguridad del segundo gobierno progresista y se llama la seguridad humana como componente esencial de nuestro programa. Queridas compañeras y queridos compañeros, en primer lugar quiero reconocer con profundo respeto la dignidad y resistencia histórica de los pueblos indígenas, las comunidades campesinas y las organizaciones sociales del departamento de Putumay. Ustedes son un ejemplo para Colombia, compañeras y compañeras. durante décadas, a pesar de que han sido perseguidas y olvidadas por el Estado, pese a que su clamor no ha sido otro que vivir con justicia, con paz, con oportunidades, con presencia de las instituciones y del Estado. A pesar de eso y a pesar del olvido estatal, las comunidades de Putumayo han persistido en su lucha con gran ejemplo, heroicidad y resistencia. Aún cuando esa ha sido la actitud del Estado, aquí las familias campesinas no sembraron coca por vocación, sino por ese abandono. Lo hicieron en medio de falta de vías, de comunicación, de créditos, de asistencia técnica, de mercados justos para sus alimentos y su producción. Y aún así, cuando el gobierno y el estado les ha propuesto acuerdos de sustitución voluntaria de cultivos, han respondido de manera afirmativa, con esperanza, con generosidad, demostrando que el compromiso del Putumayo y de su gente es con la paz, con la legalidad, con la prosperidad. Así que necesitamos que el Estado le responda a la gente aquí en este territorio. No más mojoas devoradas por la corrupción. Una actitud clara de los gobiernos para reconstruir Mocoa y para ayudarle a la gente en estos territorios. Aquí se requiere, como en todo el país, seguridad. Pero voy a decir cómo la entendemos nosotros y cómo vamos a borlarla en este gobierno, en el segundo gobierno progresista que ustedes van a elegir, que todos vamos a elegir el 31 de mayo cuando triunfemos en primera vuelta eligiéndome presidente y el 8 de marzo cuando elijamos una gran bancada en el Senado de la República y en la Cámara de Representantes. Y pido un aplauso para nuestras candidatas y candidatos que me acompañan en esta tribuna. Se siente, se espera, presidente. Se vive, se siente, sea presidente se vive, se siente, se espera, presidente. Por lo tanto, como lo dije, hoy vengo a presentar aquí nuestra propuesta que se llama política de seguridad humana y que es la continuidad de los mejores logros en esa materia del gobierno que preside nuestro compañero presidente Gustavo Petro, a quien saludamos desde aquí, desde Puerto Así. Hoy le he dirigido una carta a todos los miembros del Ejército Nacional, a todos los miembros de la policía y a todos los miembros del sector de las fuerzas militares, diciéndoles que bajo mi gobierno no habrá ningún retroceso en materia salarial, prestacional o pensional para los miembros de Fuerza. A diferencia de otros, de la extrema derecha y del señor Álvaro Uribe, que viven hablando acerca de la heroicidad de las fuerzas militares, ninguno de esos gobiernos hizo nada para mejorar realmente la situación de soldados, policías y de la base de las fuerzas militares y de policía. Es nuestro gobierno el que ha hecho en esto avances sustanciales y menciono solo uno de ellos. Se dignificó la vida de militares y policías, especialmente de soldados, infantes de marinas regulares, patrulleros de la policía, quienes pasaron de ganar una bonificación de 300,000 pesos a tener hoy un salario mínimo de 1,750,000es. Eso no son palabras, no es retórica, son hechos reales a los cuales, como les digo, hoy me he comprometido a dar continuidad y ampliar incluso para que los miembros de fuerza pública tengan condiciones de vida digna, como deben tenerla todos en Colombia, como lo hemos hecho con el salario vital que hoy le quieren arrebatar a la gente, pero que no vamos a permitir que no lo quiten. El salario vital es una conquista que hemos logrado en este gobierno y el día de mañana saldremos a las calles de este país a exigir que no sea modificado y que se mantenga en el 23.7% de aumento para que sea un salario como lo ordena la Constitución Política de Colombia. Es cierto, en Colombia padecemos crisis de seguridad en algunos territorios, especialmente territorios rurales y territorios urbanos, especialmente menciono el departamento del Cauca, la región de Catatumbo, Tumco, la situación que hay en el sur de Bolívar, la situación que ha habido aquí en el Putumayo también durante mucho tiempo. Esa situación, hay que decirlo con toda claridad, tiene sus orígenes en un proceso que viene de mucho atrás, que no comenzó con este gobierno y como lo están diciendo ahora con su política de paz total, ¿no? En Colombia tenemos más de siete décadas de conflicto armado y de violencias y por lo tanto es muy importante que respondamos con claridad a cuál es la causa o son las causas de esa violencia. Y sin lugar a dudas, una de las mayores que no puede ser negada es la pobreza, la desigualdad social, el atraso en los territorios rurales, el hecho de que el Estado solamente ha hecho presencia en muchos lugares para explotar la riqueza petrolera, extraer el oro, extraer el carbón y olvidarse de las comunidades y sus necesidades. Por lo tanto, primer presupuesto y primer principio de la política de seguridad humana. Necesitamos atacar las causas del conflicto armado y de la violencia. Necesitamos erradicar la pobreza y la desigualdad social en los territorios que han sido históricamente olvidados por el Estado, tanto en las ciudades como en los sectores rurales y aquí me refiero también específicamente a Putumayo. Así que nuestra política de seguridad tendrá como presupuesto que habrá una atención permanente al desarrollo territorial. E igualmente que intentaremos tejer una nueva relación o desarrollar una relación que esté en términos de diálogo entre la gente, las organizaciones sociales, los movimientos campesinos, los pueblos indígenas y las fuerzas militares en el territorio. una relación de diálogo, no una relación de represión y una relación simplemente de fuerza. Necesitamos que se abra un diálogo entre civiles, militares, policías para que juntos logremos derrotar los problemas de inseguridad. Se pela presidente, se vive, se siente, se pela presidente. La extrema derecha, compañeras y compañeros, presidente ha reducido el problema de la seguridad a falta de mano dura. Creen que todos los problemas del conflicto armado se resuelven con mayor presencia y pie de fuerza en cada uno de los territorios. y muestra de que eso ha sido un fracaso. Son los 10 millones de personas víctimas de la violencia. Ese espiral de conflicto armado, de enfrentamiento, de violencia no ha llevado a nada distinto a que se prolongue en el tiempo y en el territorio el conflicto armado y las violencias. Por lo tanto, nuestra política de seguridad no es de mano dura, simplemente no es de mano dura. En primer lugar, nuestra política de seguridad es una relación estrecha entre la lucha contra la pobreza, la lucha contra la desigualdad, la transformación del territorio para que desaparezcan los factores de violencia. Por eso les proponemos cinco acciones en materia de seguridad que voy rápidamente a la primera de esas acciones es que la política de seguridad humana estará articulada, como lo dicho, a la transformación y el desarrollo del territorio. Eso, ¿qué significa? Primero, participar en los pactos de desarrollo territorial que ya existen. Nuestro gobierno ha hecho hasta ahora pactos de desarrollo en Cauca, Nariño, Chocó y Catatumbo. Y yo creo que hay que hacer un pacto de desarrollo también para esta región del país que incluyen lo básico, resolver el problema del agua potable. resolver el problema de la energía. Ojalá a través de mecanismos y procesos de energías limpias, crear y desarrollar, construir las vías de transporte, las vías terciarias, pero también las grandes vías que conectan a las zonas rurales con las ciudades. desarrollar la revolución agraria, la revolución agropecuaria, entregando tierras al campesinado, restituyendo la titulación a los pueblos indígenas, respetando la tierra de las comunidades afrodescendientes. Es decir, que nuestro programa de seguridad tiene que entrar a articularse, tiene que hacer parte de estos pactos territoriales. En segundo lugar, vamos a terminar de implementar el acuerdo de paz que se firmó en 2016, desarrollando todos y cada uno de los compromisos que todavía están por desarrollar por parte del Estado. Esto con el fin de garantizar que la paz que se logró en 2016 pueda ser efectivamente en sus compromisos esenciales cumplida por el Estado. Vamos a proteger la vía la vida de las personas que ejercen liderazgo social en el territorio. No más muertes de liderezas, líderes sociales, firmantes de paz, defensoras y defensores ambientalistas. líderes de organizaciones comunitarias. Vamos a proteger especialmente a las personas que están amenazadas por su importante labor de liderazgo social. Vamos a hacer una reorientación de las capacidades de la fuerza pública para proteger el territorio. Vamos a fortalecer el cuerpo de infantería de Marina para que pueda haber en los ríos seguridad. Vamos a desarrollar la inteligencia para proteger a la ciudadanía, no para perfilar a las organizaciones sociales con la doctrina del enemigo interno. Vamos a desarrollar la inteligencia ambiental para prevenir la deforestación, la destrucción de la Amazonía, la minería ilegal en los territorios. Así que primero, seguridad humana significa protección y desarrollo del territorio con un diálogo intenso entre fuerzas militares y de policía y comunidades. Segunda acción, vamos a proteger la vida desde el origen con una estrategia integral contra el homicidio y el reclutamiento. Vamos a enfrentar el homicidio como lo que hoy es un fenómeno donde el sicariato se volvió industria, el reclutamiento forzado de los jóvenes y niños en un combustible. Por eso necesitamos reforzar los programas de jóvenes en paz y el Servicio para la paz como parte de una política de seguridad humana para que la juventud pueda optar también por labores destinadas al acompañamiento y a la construcción de los territorios. Igualmente, vamos a seguir impulsando que la juventud pueda tener educación, empleo, acciones para desarrollar sus actividades deportivas como formas alternativas al reclutamiento forzado que ejercen los grupos armados ilegales. Tercero, contra la extorsión y contra el secuestro, vamos a proteger a los comerciantes y a los pequeños empresarios para que no sean víctimas de extorsión permanente a través de los nuevos procedimientos que están empleando grupos armados. Me refiero a ustedes, quienes están en los comercios, en los pequeños comercios. Vamos a protegerlos para que la extorsión no haga de ustedes víctimas y presas de ese negocio ilegal. Cuarto, vamos a golpear y seguir golpeando como lo ha hecho nuestro gobierno, el bolsillo de los grandes narcotraficantes. Eso significa que vamos a golpear no al campesino, no al cultivador, sino a quienes están quedando con los réditos financieros del negocio del narcotráfico y seguir golpeando los laboratorios y los procesos de tráfico ilegal. ejercer controles en los puertos y en los aeropuertos para que no se permita a través de la corrupción que se conviertan en puertos de salida y llegada del narcotráfico y del contrabando. Quinto y último, como lo dije al comienzo, vamos a seguir garantizando el bienestar y la calidad de vida de los integrantes de la fuerza pública para que se pueda seguir desarrollando unas fuerzas y de unas fuerzas de policía y militares al servicio de la protección de los derechos humanos y de las comunidades y no para la represión y la violencia contra el pueblo. La política de seguridad es una política con y para el pueblo, no una política contra el pueblo. Así que desde esa perspectiva continuaremos desarrollando la seguridad humana. Viva sea. Compañeras y compañeros, nuestro mensaje en todo el país y quiero reiterarlo aquí en en Puerto Así es el siguiente. El pacto histórico es la principal fuerza política de Colombia. Su fuerza reside no solo en que es parte de un proceso de unidad entre organizaciones de izquierda. Eso es importante, pero no es lo esencial. Lo más importante es que el pacto histórico tiene unidad con el pueblo, para el pueblo. Su gente está para servir al pueblo. es un partido político y una organización cuyo único sentido es beneficiar a la gente, acompañarla en los territorios, en los barrios populares, en las veredas, escuchar cuáles son sus necesidades y luchar hombro a hombro con ellas y con ellos para que sus derechos, especialmente sus derechos sociales, se hagan válidos. Nuestro gobierno ha hecho importantes conquistas sociales. es el primer gobierno que tiene una política seria de reforma agraria, que le ha entregado a las comunidades campesinas, a muchas comunidades afro y a los pueblos indígenas, verdadera propiedad sobre territorio y ha repartido 700,000 hectáreas de tierra, algo que en mi gobierno le daremos plena continuidad. Bravo. Es un gobierno que ha hecho una reforma laboral que por primera vez respeta a la gente en su derecho esencial a una vida laboral digna y a un salario digno. Este gobierno ha hecho realidad por primera vez un cambio en el mundo laboral que nos permite aspirar a que sean respetados realmente los derechos de las y los trabajadores. ha logrado, como lo decía, el salario vital, ha hecho una reforma pensional que le permitirá a muchas personas que han llegado a la tercera edad en condiciones precarias, tener un mínimo ingreso para poder seguir adelante. ha logrado avanzar en programas de educación pública como matrícula cero, que le permite hoy a muchos jóvenes en el país tener acceso a la universidad, está construyendo universidades en los territorios para que la gente del mundo rural también tenga acceso a la educación superior. No es por otro motivo, compañeras y compañeros, que persiguen tanto tanto al presidente Petro. Victoria. No es por otra razón que quieren que el pacto histórico no siga adelante como partido político. No es por otra razón que yo fui excluido de la consulta que se va a realizar el próximo 8 de marzo, pero le tenemos malas noticias a la extrema derecha de este país. El pacto histórico es más fuerte que nunca. Es un partido y un movimiento multitudinario que llena plazas en todo el país, que moviliza a la gente en todos los rincones del país y que logrará una gran movilización electoral el próximo 8 de marzo. Yo los invito y las invito a que el ocho voten por nuestra lista a la Cámara de Representantes y al Senado de la República, no por el tarjetón de la consulta. Atención a eso y el 31 de mayo, muy temprano en la mañana, queridas compañeras y queridos compañeros, a ir a la urna a elegirme presidente de la República. Presidente, se vive, se siente. Se queda. Presidente se vive. Presidente celebra presidente. Nuestro segundo gobierno celebra presidente tendrá la continuidad de las políticas sociales de este gobierno. Pero vamos a profundizarlas. Vamos a hacer más intensa la reforma agraria. Vamos a hacer que los pueblos de este país tengan agua potable, vías terciarias. Vamos a buscar el desarrollo de cada territorio para acabar con la violencia. Vamos a seguir avanzando en la reforma laboral, en su regulación, en su profundización, pero además haremos una lucha frontal a la que yo les hago la invitación que la hagamos juntos contra la corrupción. Desde aquí le decimos a los corruptos que se preparen para el segundo gobierno, porque no va a ser una política del presidente, va a ser una rebelión ciudadana contra la corrupción, la que vamos a llevar a cabo para recuperar dineros que serán destinados a lo social. para hacer austeridad republicana. Llegó la hora de bajarse el salario en el Congreso de la República, como en buen momento lo ha hecho el presidente Petro. Llegó la hora en que los altos funcionarios del Estado dejen de tener semejantes salarios mientras la gente tiene que seguir luchando por un salario de 2 millones de pesos. Llegó la hora en que se acabe el despilfarro de recursos, en que la contratación y la regalías sirvan para llenar el bolsillo de unos cuantos politiqueros que son unos criminales que se roban el dinero de la salud, el dinero de la educación, el dinero que debe ser para la paz y las víctimas en Colombia. Así que haremos lo que hemos llamado una revolución ética, una lucha frontal contra la corrupción en el segundo gobierno progresista. Y lo más importante de nuestro segundo gobierno, más allá de las reformas, más allá de la lucha contra la corrupción, es que yo voy, como lo he dicho, a mandar obedeciendo. Voy a gobernar con ustedes y para ustedes. Eso es. Eso es. Los movimientos sociales tendrán atención desde el gobierno permanente. Escucharemos su voz permanentemente. Claro. Vamos a escuchar también a los empresarios, vamos a escuchar a todos los sectores de la sociedad, pero vamos a acompañar a los movimientos sociales y a los territorios desde la casa de Nariño. Tengan ustedes garantía de que así será. las 24 horas del día, los 7 días de la semana y los 30 o 31 días del mes. Vamos a trabajar por los movimientos sociales y por el pueblo colombiano. Así que diciendo eso, queridas compañeras y queridos compañeros, los invito a que triunfemos el 8 de marzo eligiendo una gran bancada parlamentaria y el 31 de mayo, de manera fulminante que sea elegido presidente de la República para que el 7 de agosto, también muy temprano, vaya yo a la puerta del Palacio de Nariño a Darle un gran abrazo al presidente Petro por tu gran labor cumplida a favor del pueblo colombiano. Que viva Puerto Asís y Putumayo, compañeras y compañeros. Que viva el Pacto Histórico y que viva el presidente Gustavo Petro. Gracias por venir,";"3298"
"2cLg4AayWUY";"20260221";"＂VAMOS A ENFRENTAR EL SAQUEO DE LAS REGALÍAS EN LOS TERRITOR";"https://youtu.be/2cLg4AayWUY";"Muchas gracias. Gracias, gracias. Puerto Gaitán, Puerto López, Aasías, Restrepo, Cumaral, Puertoas, Puerto Rico, Vista Hermosa, mi querida y siempre gloriosa la Uribe Castillo a Casías, Granada, San Martín, Mapiripán. Lejanías, 29 municipios me dicen que están aquí presentes. Gran abrazo para todas y todos. Villen, por supuesto, Vill Vicencio. Bueno, he querido hablar hoy aquí de un tema que es esencial para todas y todos nosotros. El discurso que voy a leer lleva el siguiente título. Vamos a enfrentar el saqueo de las regalías en los territorios. Queridas compañeras y queridos compañeros, saludo de nuevo al pueblo del Meta, a sus organizaciones sociales, a las víctimas de la violencia con las que he trabajado hombro a hombro por la paz, la verdad y la justicia. Recuerdo mis luchas por la tierra con los campesinos de Puerto Gaitán, por ejemplo. Nuestros enfrentamientos con el paramilitarismo en esta zona del país, el trabajo en los cementerios buscando a los seres queridos desaparecidos y víctimas de falsos positivos en Granada, por ejemplo. Un abrazo para todas y todos ustedes y gracias por estar colmando esta plaza que es una demostración de nuestra fuerza como movimiento político, como la fuerza más importante del país, el gran pacto histórico. Me complace mucho regresar aquí a pocos días de las elecciones del próximo 8 de marzo, en las que les pido nuevamente votar en forma masiva para garantizar que tengamos una gran bancada al Senado de la República y en la Cámara de Representantes por Meta y Guaviare. y que no votemos ninguna de las consultas, que no nos vengan con el cuento de que van a ofrecer el tarjetón. Eso es violatorio de los derechos de los ciudadanos, porque ustedes saben bien, fuimos excluidos de la consulta del 8 de marzo por el ilegítimo Consejo Nacional Electoral que vamos a eliminar con reforma política en los próximos meses de espera. Y por lo tanto, dado que fuimos arbitrariamente excluidos, les pido también de una vez que el 31 de mayo me elijan como sucesor de nuestro querido compañero presidente Gustavo Petro Urrego en las elecciones de primera vuelta. Como ustedes lo saben, la lucha de nuestro gobierno por los derechos sociales se puede, sí se puede, si se puede, sí se puede, sí se puede, sí se puede, sí se puede, sí se puede. Como ustedes lo saben, nuestra lucha y la lucha de nuestro gobierno por los derechos sociales es cada vez más intensa. En los últimos días han querido sectores del establecimiento y de la extrema derecha arrebatarle el salario vital a los colombianos y a las colombianas. Hasta este gobierno del pacto histórico, la costumbre en Colombia era que la clase política y los sectores más ricos podían vivir en la opulencia y al pueblo le tocaba todos los días apretarse el cinturón. Así pasó, por ejemplo, si ustedes lo recuerdan, bajo el gobierno de Iván Duque, cuando después de la pandemia él y su tristemente célebre ministro de Hacienda, Alberto Carrasquilla, decidieron ponerle impuestos a los alimentos básicos para que las grandes corporaciones no se vieran afectadas por las pérdidas económicas del COVID. Hágan el favor. No pasarán. Como ustedes recuerdan, no pasarán. Eso provocó una inmensa indignación en el país que terminó en el estallido social, en la protesta pacífica pero enérgica de los sectores populares, encabezados por mujeres y jóvenes de la primera línea. Y luego vino la elección del gobierno progresista. Algo ha cambiado el país desde el estallido social. El pueblo colombiano ha aprendido que sus derechos son sagrados, que nadie puede venir a acabar con ellos y que si intentan quitarle a la gente lo que ha conquistado en materia social, nos paramos en la raya y salimos a la calle. a exigir que no respeten. Así ocurrió esta semana, por ejemplo. A la gente ya no la van a pisotear impunemente. Y si nos intentan quitar la reforma laboral y la reforma pensional, también nos levantaremos a exigir nuestros derechos. compañeras y compañeras, como les dije, jamás será vencido el pueblo unido. Jamás será vencido el pueblo unido. Jamás será vencido. El pueblo unido jamás será vencido. Como les dije, hoy vengo a hablarles del tema de la gran corrupción y de un aspecto particular en esa lucha, lo que será nuestra acción decidida como segundo gobierno progresista para evitar el robo de las regalías, los impuestos que se pagan por concepto de la explotación minera y de hidrocarburos. Pero antes de entrar en ese tema, quiero recordarles los tres principios que hemos enunciado y que tendrá la nueva lucha contra la gran corrupción en mi gobierno. Primero, vamos a pasar de la lucha contra la corrupción simple al enfrentamiento directo contra la gran corrupción. Esto significa que en esta nueva fase que vamos a comenzar, perseguiremos a los corruptos, no de manera aislada e individual. Vamos tras los jefes de los aparatos de la gran corrupción. No vamos tras los lugarenientes, vamos tras los capos. Que lo oigan. Se siente, se queda presidente se vive, se siente, se queda. Presidente se vive, se siente. En segundo lugar, compañeras y compañeros, vamos a pasar de la lucha genérica contra la corrupción al enfrentamiento concreto y real contra casos específicos de la gran corrupción. Eso significa que vamos a enfrentar los grandes casos de corrupción uno por uno. Vamos a perseguir a los responsables, someterlos y sancionarlos, identificándolos con nombre propio y además de eso hablando de los casos concretos y de cada responsable. Y en tercer lugar, lo que es tal vez lo más importante, esa lucha vamos a pasar de darla de manera burocrática. Ahora vamos a pasar a darla con la rebelión de la ciudadanía. Eso quiere decir que como parte de lo que hemos llamado la revolución ética, los movimientos sociales, las comunidades, sus liderazgos tendrán un lugar protagónico en esta lucha y eso significa que los recursos que recuperemos de la corrupción serán destinados única y exclusivamente para el bien de las comunidades y del pueblo, para dotar de agua potable a los municipios, construir fuentes de energía limpia, hacer las vías terciarias, dar educación, vivienda y salud. Para eso es la lucha contra la corrupción, compañeras y compañeros. Es nuestro compromiso en una visita reciente. Amigo, el pueblo está contigo. Sea, amigo, el pueblo está contigo. Sea, amigo, el pueblo está contigo. Se queda, amigo, el pueblo está contigo. En una visita reciente de esta larga marcha que estamos haciendo con plazas cada vez más llenas multitudinarias como esta, encontré un dirigente sindical en uno de los municipios que ha recibido los mayores recursos por concepto de regalías. Y ese dirigente sindical me dijo lo siguiente, si las regalías se hubieran invertido bien en nuestro municipio, esta población tendría hoy calles con adoquines de oro de 18 kilates. Se hablaba de una población que luego de supuestamente haber recibido miles de millones de pesos por explotación minera, no cuenta hoy ni siquiera con agua potable. Así que la pregunta es obvia, ¿a dónde van los recursos multimillonarios, billonarios de las regalías? Uno de los problemas decisivos para garantizar la transformación de nuestros territorios es el destino de los recursos que deben pagar las grandes empresas por la riqueza que extraen del suelo colombiano. Las regalías no son una donación ni son parte de la beneficencia del Estado. Son derechos de la población, nacen del sacrificio ambiental y social que asumen nuestras regiones productoras y del principio de que la explotación de los recursos no renovables debe traducirse en bienestar, equidad y desarrollo sostenible para las comunidades. El sistema general de regalías, óigase bien, fue concebido para resarcir daños, fortalecer autonomía territorial, garantizar inversión estratégica. Este sistema entre 2012 y 2023 distribuyó ni más ni menos que 100 billones de pesos y entre 2025 y 2026 tiene previsto sumar otros 30 billones de pesos a esa astronómica suma. Digámoslo claramente y fuerte. El saqueo de las regalías en Colombia es uno de los robos a gran escala más cuantios que se están cometiendo en el país y por lo tanto un gobierno progresista debe hacer frente al robo que se está haciendo de las regalías. La Contraloría reportó que solo entre 2018 y 2021, más de 10 billones de pesos estuvieron asociados a hallazgos administrativos, fiscales o disciplinarios. Y por su parte, el Departamento Nacional de Planeación señaló que miles de proyectos, proyectos sociales, tienen irregularidades, recursos en riesgo que ascienden a 12 billones de pesos, lo cual sería un alivio fundamental al déficit fiscal que padece el país en este momento. No estamos entonces ante pequeñas cosas. Errores fortuitos, pequeño pillaje. Estamos ante una estructura de captura de recursos institucionales. Estamos ante la macrocorrupción de las regalías, compañeras y compañeros. Y eso los golpea directamente a ustedes, pueblo del meta. ¿Cómo se sabe? El departamento del Meta, lo decía el compañero que me antecedió en la palabra, es el corazón petrolero de Colombia. Produce cerca del 57% del petróleo nacional, alrededor de 488,000 barriles de petróleo diarios entre 2023 y 2024. recibió por este concepto 2.5 billones de pesos por concepto de regalías. ¿Ustedes saben dónde están esos billones de pesos? Les pregunto la gobernación sí sacto esa riqueza no se refleja en bienestar ni en justicia social en el departamento. Puerto Gaitán. Se lo robaron y se los están robando. Puerto Gaitán es uno de los municipios del país que el año pasado concentró el mayor número de alertas de la Contraloría en materia de proyectos. La Contraloría advirtió que pese a más de 23 billones de pesos invertidos en la región de los Llanos Orientales, entre 2012 y 2025, el desarrollo no corresponde a la magnitud de los recursos. Además, óigase bien esto, el diagnóstico nacional de elefantes blancos, elefantes blancos. Se identifican por decenas los proyectos que hay de esa naturaleza, inacabados, dejados a la mitad en este departamento. Voy a poner un ejemplo que a todos nos es familiar. Uno de los casos recientes más escandalosos es el adelantado por el exgobernador Juan Guillermo Zuluaga, un sistema de purificación de agua en Puerto Gaitán que ha dejado posibles pérdidas por 63,000 millones de pesos. Lo vimos todos en la televisión. Los equipos que se compraron para ello sencillamente no funcionan y la comunidad y los niños de Puerto Gaitán se quedaron sin la posibilidad de agua potable en sus escuelas. Debemos decirlo, no nos debe temblar la voz debido a las redes clientelares de macrocorrupción en el departamento del Meta, en las que operan políticos, grupos de contratistas y funcionarios delincuentes, el meta se ha convertido en una gran superficie y en un gran cementerio de elefantes blancos. en el que las comunidades rurales siguen sin agua potable, hospitales que carecen de dotación suficiente, falta de vías terciarias y el eterno problema de la vía que une al meta con Bogotá. Vill aquí dice Villavicencio tiene 186 años de fundación y actualmente no tiene un buen acuedo. No hay acuedo. 8 meses sin agua en mi gobierno que elegiremos el próximo 31 de mayo cuando triunfe en primera vuelta. haremos una radiografía meticulosa, detallada de estos casos y procederemos con todo el rigor para que el peso de la ley caiga sobre los responsables. Si queremos cambiar el destino del meta y de nuestro país, debemos transformar estructuralmente el sistema general de regalías y acabar con la macrocorrupción que lo ha capturado. Sin embargo, la corrupción en las regalías no es improvisada. opera como un aparato complejo y perfectamente aceitado. Debemos identificar los mecanismos para, en primer lugar, tener claro a qué nos enfrentamos. Se trata de un aparato que tiene algunas características, las enuncio rápidamente. Primero, se fundamenta en pactos electorales y captura anticipada del presupuesto general de la nación. El ciclo para robarse las regalías comienza ahora en la campaña electoral, tanto al Congreso, a la presidencia como en las elecciones locales. Empresas privadas financian candidaturas a alcaldías y gobernaciones bajo la promesa de recibir contratos financiados con regalías. Una vez electos, los mandatarios presentan proyectos alineados con los intereses de quienes financiaron sus campañas. Así se instala una deuda política que termina en el robo o desvío de los recursos de las regalías. Segundo, el tradicional CBY, cobro de peajes en certificaciones técnicas. Todo proyecto requiere certificación sectorial y del Departamento Nacional de Planeación. Este proceso técnico ha sido capturado en algunos casos por redes clientelares que cobran porcentajes ilegales para expedir certificados y agilizar trámites. Se ha normalizado una práctica perversa, pagar para acceder a recursos públicos. Tercero, administración de recursos obedeciendo acuerdos politiqueros sin las comunidades. Las decisiones en el OCAT, órgano colegiado de Administración y Decisión, y otras instancias se toma principalmente entre alcaldes, gobernadores y representantes del gobierno nacional. Las comunidades no participan de manera efectiva en esas decisiones. Eso tiene que cambiar. Las comunidades deben tener asiento en las decisiones estratégicas del país. Cuarto, obviamente hay un control débil y una impunidad generalizada. Nadie termina respondiendo por los platos rotos, por la corruptela y por el robo. Entonces, tenemos redes poderosas de corrupción sobre las regalías que involucran a empresarios, politiqueros y funcionarios. Hay que destruir esas redes, compañeras y compañeros, con la movilización popular. En nuestro gobierno impulsaremos una reforma profunda del sistema general de regalías. Habrá un equipo especializado desde la Presidencia de la República para hacer seguimiento, acompañamiento y recibir denuncias en tiempo real sobre recursos que se estén robando o desviando de las regalías. Todos los funcionarios que intervengan en estos procesos de seguimiento, de evaluación, de certificación, serán monitoreados por un cuerpo técnico nacional para que pueda garantizarse que actúan de manera transparente y profesional. Acabaremos el clientelismo técnico. Vamos a prohibir la contratación directa con regalías. No puede seguir haciéndose de eso una llave abierta por la que fluyen esos recursos sin control y vamos además de eso a generar procesos de auditoría mediante la participación de los ciudadanos. y ciudadanas, sus organizaciones para evitar que continúe este gran robo, este gran saqueo. Si recuperamos una parte de los grandes recursos que se están robando por este concepto, tengan la seguridad que habrá para las poblaciones y las comunidades inmensas posibilidades de desarrollo, de tener servicios básicos, comunicación, educación, vivienda y salud, que hoy está siendo robada por unos cuantos inescrupulosos y criminales. El meta, Casanare, Guajida, Cesar, Arauca, todas las regiones productoras que tienen explotación minera y petrolera merecen justicia social y transformación territorial. No podemos seguir con los brazos cruzados mientras se pagan cuantiosos recursos por concepto de explotación minera y los niños se siguen muriendo de hambre y de sedas partes del país. Esa monstruosidad no debemos permitirla. Ni un peso más para la corrupción, ni una obra más convertida en elefante blanco, ni una comunidad más esperando agua agua potable, mientras otros se enriquecen. En honor a nuestro pueblo cumpliremos para ello, les reitero, a votar el 8 de marzo por nuestras listas cerradas al Senado y la Cámara. por esta gran nómina de candidatas y candidatos Cámara de Representantes, por supuesto, no votar y rechazar tarjetón de consulta y el próximo 31 de mayo elegirnos como gobierno con mi presidencia, para ser el sucesor. Querido compañero presidente Gustavo Petro Urrego, a quien desde aquí enviamos nuestro reconocimiento, por su infatigable labor en defensa del pueblo colombiano y sus derechos. Acabaremos con la gran corrupción, con la lucha social y popular y sus recursos serán no para enriquecer a la clase política parasitaria, sino para enriquecer al pueblo colombiano. Que viva el pacto histórico, compañeras y compañeros. Que viva el pueblo del meta heroico. Que viva nuestro compañero presidente Gustavo Petrogo. ¿Cuál es el derecho de parte de Carmen? Se vive, se siente, se presidente. Se vive, se siente, se presidente. Se vi se si son los productos de nuestra región y ese sombrero significa el amor de nuestra región. Saludos.";"2654"
"SgM9u2Tf4cQ";"20260222";"＂EL PODER DE LA VERDAD DE LAS MADRES DE SOACHA＂";"https://youtu.be/SgM9u2Tf4cQ";"Gracias, gracias a todas las personas. Suacha de Bogotá. Me complace mucho estar aquí con ustedes en compañía de las víctimas, de las madres, a quienes voy a dedicar mi discurso el día de hoy desde lo profundo de mi corazón y de mi reconocimiento. Se llama El poder de la verdad de las madres de Sua hacha. Queridas compañeras y queridos compañeros, saludo a Suacha desde esta plaza que está cargada de memoria histórica para la sociedad colombiana. Aquí el 18 de agosto de 1989, durante una manifestación de sus seguidores políticos, fue asesinado el destacado líder liberal y democrático Luis Carlos Galán Sarmiento en un acto que hacía parte de la espiral de violencia desatada por el narcotráfico, el paramilitar ismo y el terrorismo de estado a finales del siglo XX en nuestro país. Aquí, años después, en este lugar emblemático, las heroicas madres de los muchachos, víctimas de los mal llamados falsos positivos, se congregaron y comenzaron su larga marcha hacia la verdad. y la justicia. Las madres de Suacha, como se las ha conocido, son un símbolo de dignidad y ética de Colombia. Pido para ellas un gran gran aplauso. Cuando comenzaron su resistencia, recordémoslo, Álvaro Uribe Vélez había instaurado en este país un régimen de terror y mentira oficial. En esa lúgubre etapa se intentó que nuestra sociedad perdiera totalmente su norte moral. Se buscó que el Congreso de la República y el Palacio de Nariño se convirtieran en la guarida del narcoparamilitarismo y la parapolítica. Se intentó que todo aquel que no compartiera las ideas del caudillo autoritario fuera catalogado como terrorista o como aliado de los terroristas. En ese momento oscuro de la vida del país, las madres de Suacha hicieron valer el poder de la verdad. Ellas no solo cargaron con el dolor infinito de perder a sus hijos, sino que además enfrentaron la estigmatización, enfrentaron la persecución y la revictimización. A Álvaro Uribe no le bastó con arrebatarles la vida a sus jóvenes hijos. también intentó arrebatarles la dignidad a sus familias. Quiso desacreditar su lucha, señalarlas como oportunistas, como manipuladas, como políticas. Intentó sembrar la sospecha sobre sus hijos, insinuar culpas inexistentes, justificar lo injustificable. Fue una segunda agresión convertida a las víctimas en responsables de su propia tragedia. Pero estas madres, con una valentía inmensa, no se dejaron silenciar. Alzaron su voz cuando otros querían imponer el olvido y al final triunfó la verdad. Eso es lo que ha ocurrido en Colombia. demostraron que bajo el régimen de Uribe habían tenido lugar miles de crímenes de les humanidad contra la juventud, que los falsos positivos eran una macabra puesta en escena para aparentar victorias de guerra, que se asesinó a miles de jóvenes civiles indefensos. Y luego se les presentó como bajas en combate, como si la muerte pudiera maquillarse poniendo botas a los cadáveres. Demostraron las madres que el asesinato de sus hijos fue un crimen masivo contra los pobres de este país. Un crimen contra los jóvenes más humildes de nuestra sociedad. Por ejemplo, aquí en Suacha y en tantos rincones olvidados del país. Un crimen que revela el desprecio de Uribe hacia quienes han sido históricamente marginados. Demostraron las madres que el asesinato de sus hijos con la forma de los falsos positivos fue un crimen de odio contra la juventud, contra el porvenir de nuestra nación. Demostraron que los falsos positivos son crímenes contra la humanidad. Justicia, justicia, justicia, justicia, justicia, justicia. El poder de la verdad, compañeras y compañeros de las víctimas, ha servido para comenzar lo que he llamado la revolución ética en la sociedad colombiana. Las madres de Suacha, como las de la comuna 13 de Medellín, de los montes de María, de Putumayo, del Cauca, nos enseñaron no solo la fuerza de la verdad individual de cada uno de sus hijos asesinados y desaparecidos. El poder de la verdad que emana de las víctimas ha sido una fuerza moral capaz de estremecer la conciencia de Colombia. Su testimonio tejido con dolor y dignidad ha abierto los ojos de una sociedad que durante años fue empujada al silencio, a la indiferencia y a la negación. Gracias a su persistencia. Hemos comenzado a romper los muros de la impunidad, a exigir responsabilidades y a sembrar una cultura de derechos donde la vida sea sagrada y la justicia irrenunciable. Esa verdad no solo esclarece el pasado, ha sido fundamental para fortalecer la movilización social que está dando hoy en nuestro país grandes frutos, como el que vimos esta semana, defendiendo el salario vital de las trabajadoras y los trabajadores de Colombia. Esa verdad no solo esclarece el pasado, alimenta la esperanza de una etapa histórica con una democracia más equitativa y más humana. Y por eso, por todas estas razones que he anunciado, compañeras y compañeros, por esas razones que decidí aceptar ser candidato presidencial cuando a pesar de mi reticencia no pude rechazar la petición de las madres que me hicieron para asumir esta gran responsabilidad, ni más ni menos que tomar el siguiente turno después de nuestro compañero presidente Gustavo Petro Urrego. Estamos preparados para asumirlo. Estamos preparados. Porque lo vamos a hacer, compañeras y compañeros, con todos ustedes, con los movimientos sociales, con las víctimas y con una gran bancada en el Senado y la Cámara, algunos de cuyos candidatos y candidatas están en esta tribuna, que vamos a elegir el próximo 8 de marzo. A las víctimas de este país les debo haber postulado mi nombre como candidato presidencial y entonces para ellas también gobernaré. Seré el presidente de todos los colombianos y las colombianas, pero también seré el presidente de las víctimas de este país. Como lo he dicho, no hablo con demagogia, sino con propuestas concretas, transformadoras y realizables. Por eso comparto con ustedes a continuación mi propuesta de revolución ética para reparar y honrar a las millones de víctimas de nuestro país. Primero vamos a ampliar el concepto y la política de reparación integral. Lo que ha pasado con las víctimas en Colombia no es un hecho secundario de nuestra realidad social. No se trata de un pequeño grupo humano que merezca una actitud compasiva o condescendiente por parte del Estado. Mi gobierno trabajará por ampliar y extender el concepto de reparación integral de las víctimas. Su realidad es uno de los problemas más graves que afronta nuestra sociedad. Se trata de una de las heridas más profundas que ella tiene. Son al menos 10 millones de personas que han sufrido de manera directa la violencia. En Sucha, más de 60,000 hasta ahora reconocidas oficialmente. Se trata de 10 millones de historias de sufrimiento, impunidad, ultraje contra la humanidad. Es evidente que la reparación judicial y la indemnización administrativa son insuficientes para resolver este gigantesco problema. Esas son obligaciones del Estado, por supuesto, y como tal vamos a cumplirlas. Pero eso también significa que los daños causados no fueron solamente individuales, fueron daños profundos a comunidades enteras, a su tejido social, a su economía, a su confianza, a su futuro. Por eso requerimos una política de reparación social e integral. que vaya más allá de los expedientes y los cheques. Preste atención en materia de salud emocional y física a las familias, acceso real a programas sociales, garantía de educación para los hijos y los nietos de las víctimas, sobre todo participación de las víctimas en el desarrollo local, impulsando proyectos que beneficien a la comunidad. Reparación también es trabajar para que haya acueductos, vías terciarias, acceso a tierras, economía próspera, educación, vivienda y salud. Segundo, erradicación de toda forma de corrupción en el tratamiento de las víctimas y su reparación. La política pública de víctimas no puede ser una oficina más del Estado ni un espacio capturado por las clientelas políticas. Impulsaremos la lucha frontal contra la macrocorrupción en todas las instituciones encargadas de la atención y la reparación a víctimas. Difícilmente puede pensarse en un tipo de corrupción política y de manipulación clientelar más sórdida que aquella que se ejerce con las víctimas de crímenes contra la humanidad y el genocidio. Quien se roba los dineros de las víctimas es parte del crimen contra la humanidad. Señoras y señores, el tráfico de influencias, favores y votos que practican los políticos tradicionales no respetan ni siquiera el sufrimiento de quienes han soportado violencias y ultrajes en el conflicto armado o en los territorios de la Colombia rural. robar esos recursos destinados a la reparación, convertir a las víctimas en clientela electoral a cambio de una indemnización que hace parte de programas de reparación o instrumentar la necesidad de verdad y justicia de quienes han padecido la violencia. Son acciones tan aberrantes que deberían ser tipificadas como elementos constitutivos de la Comisión de Crímenes contra la humanidad, pues favorecen la impunidad, desvirtúan la verdad y la memoria histórica y vuelven a victimizar a quienes ya sufrieron los crímenes. Contra ellos seremos implacables. contra los corruptos que se roben, manipulen los recursos de las víctimas, seremos implacables. Vamos a desmantelar juntos las mafias y redes que trafican con los derechos de las víctimas dentro y fuera de las entidades. Como parte de esta política vamos a fortalecer a las organizaciones de víctimas, a las mesas su incidencia territorial y nacional. Ninguna decisión que afecte a las víctimas se tomará sin ellas, por supuesto. Tercero, tierra, territorio y justicia para quienes han sufrido el despojo en estos años. La guerra en Colombia tuvo onda raíz en el despojo y concentración de la Tierra. La mayoría de las víctimas son campesinas, indígenas o afrodescendientes. Crearemos un subsistema de protección y garantía dentro del sistema nacional de reforma agraria para proteger la vida y los derechos. de quienes han sido despojados de las tierras. Avanzaremos en el reconocimiento del campesinado como sujeto de derechos y de restitución. Aceleraremos la restitución de tierras dando toda la prioridad a que esas tierras del fondo de reparación o que pueden ser compradas con el fondo de reparación y que están en la sociedad de activos especiales pasen rápidamente a manos del campesinado y de las poblaciones rurales. Cuarto, verdad y justicia. No habrá reconciliación sin verdad, no habrá democracia sin justicia. Fortaleceremos el sistema integral de verdad, justicia, reparación y no repetición. La búsqueda de personas desaparecidas. Desarrollaremos la ley de mujeres buscadoras. Aceleraremos la identificación y entrega digna de los cuerpos. Cada familia tiene derecho a saber lo que ocurrió con sus familiares desaparecidos. Garantizaremos coherencia entre órdenes judiciales y acciones del gobierno en esta materia estableceremos una política de memoria. y verdad como política de estado. Habrá por fin un museo de la memoria en Colombia que podamos visitar para entender lo que ha ocurrido. En los colegios y universidades vamos a entregar los documentos, los manuales, los informes, comenzando por el informe de la Comisión de Esclarecimiento de la Verdad, para que las nuevas generaciones se formen conociendo la historia de este país y no el relato caricaturesco que hoy en día se enseñan nuestras universidades y colegios. Quinto, habrá garantías de no repetición. Impulsaremos y seguiremos trabajando para desmantelar a las organizaciones criminales, paramilitares, a las redes que atentan contra la paz, que atentan contra los firmantes de paz, que atentan contra el liderazgo social, contra las liderezas y líderes sociales que atentan contra las defensoras y derechos de los derechos humanos. desplazamiento y retorno. Por último, vamos a garantizar que los exiliados, las y los exiliados regresen a Colombia si es que quieren, en condiciones dignas con programas de retorno efectivo. Compañeras y compañeros, mi campaña tiene como definición esencial el poder de la verdad. El poder de la verdad nos hará libres en Colombia. Mi gobierno será coherente con esa convicción ética. Gobernaremos con las víctimas, escuchándolas, protegiéndolas, fortaleciendo su organización, garantizando sus derechos, permitiendo que sean lo que son sujetos políticos transformadores de la historia de Colombia. Vamos a triunfar. Vamos a triunfar con las víctimas. para hacer realidad nuestro segundo gobierno progresista de transformación histórica y social. Por eso, este 8 de marzo, compañeras y compañeros, les hago la invitación a votar masivamente por el pacto histórico, por la la lista nuestra, la Cámara de Representantes por Cundinamarca, que es una lista cerrada, conformada por mujeres y hombres valientes, dignos, decentes y también a que voten por nuestra lista al Senado, que encabeza nuestra compañera Carolina Corcho. Y por favor, a no aceptar que se brinde el tarjetón, porque ese no es el derecho de las cosas. Tarjetón de consulta no puede ser impuesto y no lo vamos a recibir porque no vamos a votar las consultas. Y por supuesto las y los invito a que el próximo 31 de mayo se vive sea presidente siente sea presidente se siente sea presidente presidente presidente. Y por supuesto las y los invito a que el próximo 31 de mayo me elijan en primera vuelta como presidente de la República y sucesor de nuestro compañero presidente Gustavo Petro Urrego, a quien desde Aquí le enviamos nuestro reconocimiento por su infatigable labor en defensa del pueblo colombiano y de las reformas y los derechos sociales. Vivan las víctimas y las madres de Sua hacha su lucha por verdad y justicia. Viva el pacto histórico, la principal fuerza política de Colombia. Abrazo, compañeras y compañeros. Muchas gracias. Ah.";"2218"
"bGeWx5YWoro";"20260224";"＂LA REBELIÓN ANTIRACISTA Y EL DESARROLLO DE TUMACO＂";"https://youtu.be/bGeWx5YWoro";"Gracias, gracias por estar bajo este sol abrazador en esta plaza. Gracias por creer en nuestro proyecto del Pacto Histórico. Gracias por estar aquí, compañeras y compañeros. He traído unas cuantas palabras para ustedes hoy a las que le he puesto el siguiente título. La rebelión antirracista y el desarrollo de Tumaco. Queridas compañeras y queridos compañeros, saludo al pueblo de Tumaco, a las mujeres de las áreas palafíticas, guardianas de la vida y de la marea, a los jóvenes que se niegan a que la guerra les arrebate el futuro. a las autoridades de los consejos comunitarios afrodescendientes, a los pueblos indígenas, a las comunidades campesinas, a todas y todos ustedes un gran abrazo. Hoy me dirijo con esperanza y con afecto que merece Tumaco, la perla del Pacífico. La perla no solamente representa belleza, también dolores y heridas que debemos sanar. Tumaco no es un territorio que esté condenado a la pobreza y al atraso. Es un territorio con inmensa potencia, listo para brillar y de eso nos encargaremos en el segundo gobierno que vamos a elegir para continuar la obra del pacto histórico de la transformación social. Si miramos con honestidad este territorio, entendemos que Tumaco puede y debe ser el gran corazón económico y portuario del Pacífico. Aquí hay vida en cada semilla. cacao que puede ser exportado, el coco con vocación de industria, el plátano, la riqueza pesquera, todos son productos que pueden transformar para generar riqueza a nuestra gente y miles de empleos dignos para Tumco y toda la región. Hace unos días, cuando visité Kipdóg dije que es necesaria una revolución ética antirracista. Señalé que a lo largo de la historia de nuestro país ha sido Colombia una sociedad estratificada en la que se han aplicado por parte de sectores elitistas formas veladas o abiertas de segregación racial, que no son solo excluyentes de la población afrodescendiente, sino que además La han discriminado, la han perseguido y explotado. Eso es racismo estructural. Y compañeras y compañeros, debemos acabar con el racismo y desterrarlo para siempre de la sociedad colombiana. No puede haber en Colombia justicia social si no hay justicia racial. Esa realidad no podemos seguirla tolerando de ninguna manera. Tumaco no necesita lástima, necesita justicia, necesita decisión y especialmente necesita acción transformadora. Y por eso nuestra invitación a elegir el segundo gobierno que dé continuidad a lo que ya hemos avanzado con nuestro compañero presidente Gustavo Petro, a quien saludamos desde esta plaza. Debemos hablar sinceramente de los problemas que tiene Tumac, los cultivos de uso ilícito. En Tumaco, miles de familias campesinas y afrodescendientes no han sembrado coca por vocación, sino por la ausencia de alternativas reales. Durante décadas, el Estado llegó primero con erradicación forzada y después, cuando llegaba con promesas que nunca cumplió. Eso profundizó la desconfianza y dejó a la juventud atrapada entre la pobreza y la ilegalidad. Reconocemos que se ha comenzado a dar un cambio con los acuerdos de sustitución voluntaria. que han sido alcanzados en procesos de diálogo que se adelantan bajo nuestro gobierno. Pero esos acuerdos deben ser cumplidos. Sustituir no es arrancar una mata de coca, es sembrar el futuro y adelantar una revolución que transforme el territorio. Debemos hablar del problema del agua potable y del acueducto de Tumacu. Yo me pregunto con verdadera indignación, ¿cómo es posible que una tierra rodeada de ríos y con el mar en su costa, que en este lugar del país haya comunidades sin agua potable? Eso es vergonzoso, compañeras y compañeros. ¿Cómo es posible que en la perla del Pacífico no se pueda abrir un grifo y obtener agua potable en muchos lugares de este territorio y que se haya convertido en un privilegio y no en un derecho el agua potable? El acueducto de Tumaco se ha convertido en un símbolo doloroso de lo que no puede seguir ocurriendo en el Pacífico. Obras inconclusas, recursos que han sido diluidos. Años de espera de familias y comunidades que siguen recogiendo aguas, lluvias o pagando precios injustos por un derecho que es fundamental, el derecho al agua. No es una falla simplemente técnica, es el reflejo del abandono institucional y sobre todo de una inmensa corrupción en el manejo de los dineros públicos. El agua no le pertenece a ningún clan político ni a ningún cacique, pertenece al pueblo y al pueblo de Tumaco. Por eso, compañeras y compañeros, y que se oiga bien, ante ustedes asumo el compromiso claro y verificable de que terminaremos de construir y poner en pleno funcionamiento el acueducto de Tumaco, no con no como una promesa, sino con supervisión ciudadana y cronograma verificable. El agua no será más una promesa ni un objeto de tráfico. Será una realidad diaria para la población de Tumaco. Cuando sea elegido presidente, me encargaré personalmente de supervisar que esto se haga realidad. Es es debemos hablar de corrupción y de la corrupción en Tumaco. Tumaco y la gran mayoría de municipios donde hay población afrodescendiente son azotados no solo por la corrupción, sino también por los grupos armados que constrñen el progreso, entorpecen la realización de obras. a través de vacunas. En mi gobierno eso lo vamos a combatir y no lo permitiremos. La lucha contra la gran corrupción, lo dije hace unos días en Villavicencio, no se limita a controlar las regalías y los impuestos a las grandes empresas que explotan la minería en nuestro territorio. La gran corrupción tenemos que enfrentarla con una rebelión de los ciudadanos. debe bajar al territorio, a cada municipio, a cada ciudad, a cada vereda de Colombia. La corrupción tiene que ser combatida en primer lugar desde los territorios. Que nos oiga la clase política tradicional que ha gobernado estos territorios. No permitiremos más corrupción. Vamos a combatir para que cada peso le llegue a los ciudadanos y a la población para las obras públicas. Debemos hablar también de la fuerza militar y de policía. La queremos al servicio de la protección de la población, levantando puentes, construyendo hospitales, escuelas, viviendas, acueductos, vías que tanto hacen falta aquí en Tumaco, con los soldados del pueblo, herederos de Bolívar y de Juan José Rondón, hoy dignificados por el gobierno con un salario que hace digno el ejercicio de la milicia. Vamos a contribuir a que la fuerza pública se convierta también en una fuerza de ingeniería y construcción de las obras públicas. Debemos hablar de la juventud de Tumaco, que hoy está atrapada en los grupos armados. Ese no es su destino. Necesitamos a los jóvenes creando, construyendo, transformando este país y este territorio, educándose, pudiéndose desarrollar libremente para ser felices y con dignidad. Por eso, compañeras y compañeros, nuestros compromisos son claros con Tumaco. Redistribuir los recursos públicos para la población. Reconocer la deuda histórica con inversión prioritaria y diferenciada. transformar la educación para la memoria, para que se entienda lo que ha sido la historia del racismo y de la esclavitud en nuestro territorio. Garantizar la seguridad sin estigmatizar a los jóvenes. Combatir la corrupción, repito, con enfoque territorial. Esos principios deben llevar acciones concretas. Tumaco no puede ser. Un puerto para controlar simplemente el tráfico de drogas. El puerto de Tumaco. De acuerdo. Está presente también el pie de Monte Costero. De acuerdo. Saludo a Francisco Pizarro, Barbacoa, Roberto Payán, Magán, Santa Bárbara, Olaya Herrera, el Charco, Mosquera, Ricorte y Latola, un gran abrazo y perdón Lauricio. Esos compromisos que adquiero son para la zona de Tumaco y para todo el pie de monte también. Vamos, porque el Pacífico nariñense transforma en su conjunto. Nuestra región pacífica es un referente de comercio trasoceánico, motor de desarrollo para Colombia. La promesa de que Nariño, el la costa pacífica, el pie de monte y tumaco sean una zona de paz. parte de atacar las causas de la pobreza y de erradicar, como lo dije, la corrupción. La paz se logra con desarrollo, superando el atraso. Atacaremos la causa de la violencia, que es la pobreza y la desigualdad. En este territorio necesitamos desarrollar la economía campesina, convertir en un verdadero motor de crecimiento del departamento la economía campesina. Seguir avanzando en entregarle la tierra a los campesinos y a las comunidades para hacer la reforma agraria que queremos se convierta en revolución agraria. No podemos olvidar que nuestra región del Pacífico es una de las más biodiversas de nuestra geografía. Tenemos la responsabilidad histórica de convertir esa riqueza natural en riqueza para los seres humanos, conocimiento e innovación. Por eso impulsaremos la educación superior, la innovación científica y biotecnológica del Pacífico. Por eso el Pacífico tiene que ser un gran motor de riqueza pesquera con posibilidades de turismo natural, con posibilidades de convertir al Pacífico en uno de los pilares de que Colombia sea una potencia mundial agroalimentaria, gastronómica para el mundo. La gran cocina de esta zona y de estos territorios, la gran gastronomía es la que necesitamos vender internacionalmente y atraer el turismo, no la cocina del narcotráfico, la cocina de la gran gastronomía nadiñense y del Pacífico. Así, así conseguiremos que el Pacífico se convierta en lo que queremos. parte del gran desarrollo social, cultural, económico de nuestra nación. Nacional. Muy bien. También espacio fronterizo, económico y binacional con Ecuador. Compañeras y compañeros, lo que hemos avanzado en este gobierno es fundamental. Hemos comenzado la reforma agraria. Por primera vez hay una verdadera reforma pensional en el país. Por primera vez se paga un salario digno o que comienza a acercarse a un salario digno, que es el salario vital que hemos defendido en los últimos días en la movilización social. Hemos comenzado a avanzar en erradicar la pobreza y la desigualdad, pero ahora necesitamos que el próximo 8 de marzo, óigase bien, votemos correctamente. Hay que votar por las listas del pacto histórico a la Cámara y el Senado y por todas las listas que podamos nosotros para el desarrollo de este territorio impulsar con el pacto histórico y sus candidatas y candidatos. Necesitamos ese día no votar la consulta que se nos va probablemente a ofrecer en las mesas solamente por las listas. Y los invito y las invito a que en primera vuelta voten por mí para ser el sucesor del presidente Gustavo Petro y continuar la transformación progresista. El próximo 31 de mayo, que será la primera vuelta, les invito a que triunfemos y a que celebremos la victoria con un buen plato de pargo rojo y un buen pedazo de plátano. Que viva Tumaco, compañeras y compañeros. Que viva el pie de monte nariñense, que viva el pacto histórico, que viva Francisco Pizarro y toda la zona de Nariño. Un gran abrazo para todas y todos al mismo de canal y al ruido de nuestro mar. Vamos levantando voces para que esto pueda parar a ritmo de canalete y al ruido de nuestro mar. Vamos levantando voces para que esto pueda continuar. Mi gente, levantando voces, buscando la paz. Ay, levantando voces, buscando la paz. Peda, presidente, buscando la paz. Hay todito mis territorios buscando la paz. el respeto a la cultura, buscando la paz derecho a la salud, buscando";"1851"
"D1JdOE-b1rI";"20260225";"＂MANDAR OBEDECIENDO, ESCUCHAR DIALOGANDO＂";"https://youtu.be/D1JdOE-b1rI";"Gracias, gracias, gracias. Feliz cumpleaños. Que cumpla muchos más el glorioso Cricas del Cauca. Un gran abrazo y mi agradecimiento por esta invitación en este día tan especial para dirigirme a ustedes. Antes de leer las palabras que he preparado para el día de hoy, quiero decir algo, si ustedes me lo permiten. extrema derecha de este país, encabezada por su jefe, Álvaro Uribe Vélez, anda en una campaña para intentar evitar que triunfemos en las elecciones de Congreso y también en las elecciones presidenciales. están yendo a Estados Unidos sus emisarios, como he dicho, las marionetas del titiritero, para intentar judicializarme, para intentar también judicializar a otros miembros del pacto histórico. En el día de ayer envía a la Comisión Interamericana de Derechos Humanos un informe detallado de la persecución contra el pacto histórico, contra el presidente Petro, que ha impedido, por ejemplo, que nosotros estemos en la consulta del próximo 8 de marzo. Y quiero que el movimiento indígena aquí en el Cauca sea consciente de lo que estamos enfrentando, porque no nos vamos a dejar pisotear y si es necesario nos movilizaremos. Compañeras y compañeros, el discurso que he preparado se llama Mandar obedeciendo, escuchar dialogando. Queridas compañeras y queridos compañeros, hoy celebramos en toda Colombia 55 años de vida gloriosa y de luchas del Consejo Regional Indígena del Cauca, CRIC, medio siglo de un movimiento que no solamente ha marcado la historia del Cauca, sino la historia misma de Colombia. Celebrar su trayectoria es reconocer décadas de dignidad, de lucha organizada, de defensa del territorio, de la vida y de la autonomía. es recordar a tantas y tantos compañeros y compañeras que no están conmigo hoy aquí en esta tarima porque han sido asesinados por su labor heroica de resistencia en el CRIC y en el territorio caucano. Para ellos, pido un fuerte abrazo y un fuerte aplauso en esta plaza hoy a los héroes y heroínas del Cristo. 55 años de dignidad sembrada en la tierra, de acción firme frente a gobiernos autoritarios y violentos, de resistencia creadora en medio de las tormentas de la historia. Ustedes, compañeras y compañeros, han forjado en estas décadas uno de los movimientos sociales más sólidos, creativos y respetados del país, referente indudable en la lucha por la justicia social y el reconocimiento de nuestra diversidad étnica. Entre las numerosas razones de nuestro respeto y admiración por ustedes, debo destacar que siempre ante las más duras circunstancias el CRI ha optado por la resistencia no violenta, por la palabra, por el diálogo, por la acción pacífica, pero resuelta para hacer valer los derechos de la gente del pueblo colombiano y de los pueblos indígenas. La guardia indígena es la expresión organizada de la defensa colectiva que se hace sin el uso de la violencia. Un aplauso para la guardia. En un país donde hemos padecido tanta violencia en sus formas más extremas por periodos tan prolongados, el CRICK ha sido siempre un referente de valor, un ejemplo de la acción pacífica del pueblo organizado y movilizado. Ustedes han defendido la madre tierra cuando la codicia ha intentado convertirla en mercant. Han sido consecuentes guardianes y defensores del territorio del agua y en esta defensa han logrado que la sociedad colombiana comience a entender la inmensa riqueza que entraña el hogar que debemos cuidar todas y todos. Ustedes han dado ejemplo del significado de trabajar en minga para construir el poder colectivo del significado de la solidaridad y de la defensa de la comunidad, cuando en la sociedad colombiana ha primado siempre el individualismo y el egoísmo. Ustedes han sido leales con el cambio y han respaldado a nuestro gobierno a pesar de todas las dificultades y a nuestro querido compañero y presidente Gustavo Petro Urrego, que saludamos desde aquí. Ustedes han demostrado que el pueblo debe movilizarse para hacer que se respeten sus derechos y su autonomía y que cuando se intenta dominarlo injusta y arbitrariamente, se debe apelar a la desobediencia pacífica, pero decidida. Ustedes han practicado una solidaridad incluyente con otros procesos y movimientos sociales. En fin, ustedes han transformado la resistencia en poder y gobierno del pueblo, en poder transformador de la sociedad. Por eso, queridas compañeras y queridos compañeros, hoy representando a Colombia les extiendo un abrazo y mi felicitación por sus 55 años de justa y gloriosa resistencia y de triunfos uno tras otro del Cristo. Cuando el pueblo colombiano como candidato único del pacto histórico me elija presidente de la República, sucesor de nuestro digno compañero presidente Gustavo Petro, cosa que va a suceder el 31 de mayo en primera vuelta. No voy a llegar al Palacio de Nariño a gobernar desde la distancia ni desde el aislamiento del poder. Llegaré con la convicción profunda de que el poder solo tiene sentido si nace del pueblo y vuelve al pueblo. He dicho con toda claridad que mandaré obedeciendo y escucharé dialogando. No son palabras al viento, son principios éticos y políticos. Mandar obedeciendo como ustedes nos han enseñado, significa reconocer que el soberano es el pueblo, que las decisiones estratégicas del país y de la nación deben estar ancladas en la voz de los movimientos sociales, de las organizaciones populares, de los sindicatos, de las juventudes, de las mujeres, de los pueblos los indígenas y afrodescendientes del campesinado, de quienes han resistido en los territorios cuando el Estado estuvo ausente o los ha agredido. Ser presidente no es nada distinto de ser un servidor del pueblo colombiano y así asumiré el cargo para el cual ustedes me elegirán en los próximos meses. Escuchar dialogando significa establecer una relación permanente, no episódica, una relación estructural, no decorativa, sincera, no instrumental. Mi gobierno no tendrá una relación formal ni protocolaria con los movimientos sociales, porque mi gobierno será el gobierno de los movimientos sociales. Tendremos una relación viva, dinámica, sincera, crítica y constructiva. Habrá interlocución constante, coordinación programática y mecanismos reales de participación para que la ciudadanía y sus organizaciones incidís. Yo no vengo de los privilegios, vengo de las luchas sociales y populares, vengo de las barriadas de la ciudad Kennedy en Bogotá y también tengo raíces en el Cauca. Por supuesto, vengo de exigir justicia de los espacios donde se ha defendido la vida, de los territorios, de los escenarios donde se ha denunciado la corrupción y el atropello y el crimen contra el pueblo colombiano. A esas luchas me debo. Me debo al pueblo que tiene una historia de resistencia contra la exclusión y la injusticia. Y por lo tanto, si me debo al pueblo, entonces debo ser coherente. Obedeceré su mandato democrático. Un presidente que olvida de dónde viene, traiciona su palabra. Un presidente que se encierra se aleja de la verdad del país. Yo haré lo contrario. Abriré las puertas del gobierno a la deliberación social. Convertiré la movilización en una aliada permanente de la transformación. Asumiré la crítica no como algo que deba ser rechazado, sino como una herramienta permanente para pensar, corregir y avanzar. No hay transformación profunda sin el pueblo. No hay justicia social sin la participación activa. No hay paz estable sin movimientos sociales fuertes y respetados. Mi compromiso es gobernar con el pueblo y para el pueblo, convertir el diálogo social en política de estado y hacer de la coherencia de la palabra y la acción el sello de nuestro gobierno. Ese es mi presidente. Compañeras y compañeros, hoy también vengo al lanzamiento del movimiento Unidad en Minga por Colombia y a recibir de ustedes el pueblo está contigo. Amigo, el pueblo está contigo. Hoy vengo también a recibir de ustedes el documento en el cual me entregan sus propuestas programáticas. Elo aquí. Sé que estas propuestas son la voz de los pueblos. El mandato colectivo para defender la vida, la tierra y la dignidad de los territorios. La recibo no como un gesto formal, no como una promesa electoral, no como un compromiso meramente politiquero, como suele hacerse en las elecciones en este país. Quiero decirlo con toda claridad. Considero que todas y cada una de sus propuestas son necesarias y pertinentes para la transformación de Colombia. en el programa del Pacto Histórico que estamos actualizando para nuestro segundo gobierno, que vamos a elegir el 8 de marzo y el 31 de mayo, como dije en primera vuelta, hay propuestas programáticas idénticas o muy parecidas a las que ustedes me están entregando. Coincido en la necesidad de fortalecer la familia indígena. el liderazgo en la vida social de las mujeres indígenas y la labor del cuidado que sostiene la vida comunitaria. Como ustedes lo hacen, yo también he propuesto que debemos pasar de la reforma agraria a la revolución agraria y por eso creo como ustedes en que se requiere seguir adelantando la formalización de la tierra. la clarificación de los resguardos. También estoy de acuerdo en que debemos seguir consolidando la autonomía económica y social de los pueblos indígenas. Es necesario seguir construyendo carreteras, vías de acceso, sistemas de riego. Se requiere respaldar el modelo de desarrollo propio, defender la soberanía y proteger los sistemas productivos ancestrales. Comparto plenamente su llamado a apoyar desde el gobierno la paz territorial, que no se decreta, sino que se construye día a día en los territorios con justicia social y con garantías reales para las comunidades, acabando con la pobreza y eliminando la desigualdad social, como también que debemos acabar con el exterminio sistemático de los pueblos indígenas en Colombia, que es una verdadera vergüenza que no podemos seguir tolerando. Debemos trabajar por el reconocimiento integral de los mecanismos autónomos de protección como la guardia indígena. Por supuesto, comparto la necesidad de que haya seguridad jurídica para los pueblos indígenas, de la armonización de su sistema de justicia con el sistema de justicia de todo el país y que se debe cumplir de manera plena el convenio 169 que estipula los derechos de los pueblos indígenas y que ha sido elaborado por por la Organización Internacional del Trabajo. Me identifico con el cuidado de la madre tierra, la justicia ambiental, la preservación del agua y de la biodiversidad, también con defender el derecho a la consulta previa y evitar cualquier reglamentación regresiva y defender la participación real y el consentimiento libre e informado de los pueblos. en toda decisión que ataña los territorios que habitan. Creo que debemos avanzar en la gobernanza indígena, la cogobernabilidad, la implementación plena del sistema de educación propio indígena, el SEIP, y también del sistema que reglamenta y desarrolla la salud indígena CISPI, los sistemas propios de economía, ambiente y justicia indígena. el diálogo respetuoso y el cumplimiento, óigase bien, de todos los acuerdos que firmemos. Considero que es deber del Estado garantizar todos los derechos de los pueblos indígenas, los derechos económicos, políticos, sociales, culturales, ambientales, garantizar el derecho a la movilización social y popular. respetar la libre determinación de los pueblos indígenas como fundamento de la democracia en nuestro país. Hoy me comprometo ante ustedes a estudiar cada una de las propuestas con rigor, responsabilidad y seriedad. estudiar los avances que hemos tenido en este gobierno y que hemos hecho de cada uno de los asuntos que he mencionado, pero además desarrollar y echar hacia adelante lo que no hemos cumplido todavía, continuar con lo logrado e incorporar sus propuestas a nuestro programa de segundo gobierno progresista, convertirlas en realidad. convertirlas en hechos viables, sostenibles y construidos conjuntamente en un diálogo permanente. No prometeré lo imposible, pero tampoco eludiré lo necesario. La viabilidad no puede ser excusa para no actuar. Debe ser el camino para hacer realidad cada uno de los derechos. Mi compromiso con ustedes, compañeras y compañeros, es establecer un diálogo permanente, franco y eficaz, construir una mesa permanente de diálogo, una agenda concertada con metas, cronogramas y mecanismos de seguimiento. Que la palabra empeñada sea la palabra cumplida. Hermanas y hermanos del Movimiento Indígena y de la Minga, este aniversario del CRIC no es solo una fecha para recordar y conmemorar, es una ocasión para reafirmar el papel esencial que ustedes han cumplido en la vida del país, en el cambio de la sociedad colombiana. Como lo dije, ustedes han demostrado que es posible defender la vida sin renunciar a la firmeza, que es posible luchar por la autonomía sin romper la unidad del país, que es posible resistir desde la no violencia. Les digo con toda claridad, transparencia, en el segundo gobierno progresista, que presidiré, caminaremos juntos con ustedes como hermanos y hermanas hacia una Colombia en paz, con justicia social, con respeto por la naturaleza y con pleno reconocimiento de los derechos de todos los pueblos y culturas que hacen parte de nuestra Bella nación Colombia. Para eso, óigase bien, es fundamental que en las próximas elecciones derrotemos como se merece a la extrema derecha y a su jefe Álvaro Uribe Vélez. Iba a decir a su desgastado y resentido jefe, Álvaro Uribe Vélez. Tenemos la fortaleza para hacerlo, compañeras y compañeros. La minga, el CRIC, el pacto histórico son los principales movimientos sociales y políticos, los más poderosos e influyentes que tiene todo el país. Hoy en Colombia somos la principal fuerza, la que tiene una relación más fuerte entre el pueblo y su dirigencia. El movimiento que cuenta con el respaldo, el respeto y el amor del pueblo colombiano, como también tenemos al presidente que más quiere la gente en todos los territorios y que se llama Gustavo Petro. Por eso el 8 de marzo por eso este 8 de marzo, compañeras y compañeros, debemos elegir la mayor bancada progresista de la historia en la Cámara y el Senado, así como no votar ningún una consulta. Atención a eso, solo sea. Y por supuesto invito a que el próximo 31 de mayo me elijan en primera vuelta, presidente de la República, para que el 7 de agosto de este año vayamos a la plaza de Bolívar allá en Bogotá, la casa de Nariño con el CRIC y con la minga para darle a nuestro querido presidente Un abrazo de reconocimiento por su ejemplar labor de defensa del pueblo colombiano y sus derechos. Que viva el CRIC, compañeras y compañeros. Que viva la minga que viva la guardia indígena. Que viva la dignidad de los pueblos indígenas colombianos. Gracias. Abrazos para todas y todos. A ver, la firma.";"2385"
"v4IjLJcYI6U";"20260225";"＂LA REBELIÓN ANTIRACISTA Y EL DESARROLLO DE PUERTO TEJADA＂";"https://youtu.be/v4IjLJcYI6U";"Gracias Puerto Tejada, gracias por esta multitudinaria invitación, concentración. A todas y todos ustedes un abrazo especial. Antes de quea unas palabras que he escrito para hoy, quiero decir lo siguiente. la extrema derecha de este país y su jefe, el desgastado y resentido Álvaro Urive Vélez, quiere evitar que el pacto histórico triunfe en las elecciones, tanto de Congreso como el 31 de mayo en primera vuelta. ha puesto a sus marionetas, los que llaman candidatos y candidatas a hurtir una campaña de mentiras y calumnias contra el pacto histórico, contra mí y contra el presidente Gustavo Petro. Quiero desde aquí, desde Puerto Tejada decir lo siguiente, que no se equivoquen, los vamos a derrotar el 8 de marzo y luego el 31 de mayo en primera vuelta seré el sucesor de nuestro querido presidente Gustavo Petro. Le he dedicado unas cuantas reflexiones a Puerto Tejada que les pido el favor puedan escuchar. Se me pregunta por qué escribo los discursos. Y es muy sencillo porque yo no quiero venir a una plaza como esta a hacer falsas promesas, discursos demagógicos. Lo que quiero decirle a la gente es serio, es nuestro compromiso con el desarrollo, la lucha contra la pobreza, la eliminación de la desigualdad y lograr que Puerto Tejada salga adelante su gente que tanto esfuerzo ha hecho. Este discurso se titula La rebelión antirracista y el desarrollo de Puerto Tejada. Queridas compañeras y queridos compañeros, vengo aquí a saludar y reconocer en primer lugar a las juventudes, a las mujeres, los trabajadores, los corteros de caña, la comunidad popular y afrodescendiente de Puerto Un saludo especial. Este es mi cuarto encuentro con las comunidades afro a lo largo del país. Estoy invitando a la población afrodescendiente a que construyamos juntos un gran acuerdo político y programático para el segundo gobierno del cambio social que vamos a ganar, como lo acabo de decir en primera vuelta. La tesis que he planteado es sencilla, tanto en pasacaballos como en Kibdó como en Tumaco. Y es que Colombia tenemos o en Colombia tenemos un fenómeno de racismo estructural. Una de cuyas más graves consecuencias es que las poblaciones que como Puerto Tejada tienen una población predominantemente afrodescendiente padecen de los mismos problemas. Son municipios y ciudades de inmensa riqueza natural, pero las comunidades que habitan allí están entre las más pobres del país. regularmente tienen inmensa riqueza hídrica, como es el caso de esta población que tiene cinco ríos, acceso al mar, constante pluviosidad, pero carecen de agua potable y acueducto. Tienen grandes problemas con la corrupción y tasas elevadas de violencia. A los jóvenes populares no se les ofrece futuro ni educación, solo el reclutamiento forzado, el pandillismo, la muerte y el negocio ilícito de la droga. Esa realidad corresponde al racismo. No es simple abandono del Estado. No es solo una cuestión de olvido. Es una discriminación racista que ha sometido a las poblaciones afrodescendientes al atraso y a la pobreza. Ese racismo, compañeras y compañeros, como lo hemos dicho, lo vamos a erradicar de la vida de nuestra sociedad para siempre. Chocó las poblaciones afro del Caribe y del Pacífico. Tienen inmensas posibilidades de desarrollo agrícola. turístico, portuario. No tenemos por qué seguir tolerando la pobreza y la falta de oportunidades en Puerto Tejada y en el norte del Cauca. De ninguna manera. Y para eso debemos seguir avanzando a través del camino que ha abierto nuestro primer gobierno del Pacto Histórico y nuestro querido presidente y compañero Gustavo Petro. El camino del cambio social, el camino de poner al servicio del pueblo los recursos del Estado, el camino de acabar con los corruptos, de sacar a millones de personas de la pobreza, de redistribuir la riqueza, de desarrollar los territorios para acabar la violencia, el narcotráfico y el conflicto armado. El camino de brindar a la juventud la posibilidad de la educación, incluida de la educación superior en zonas rurales. Necesitamos una universidad aquí también. La educación que debe permitir luego empleos dignos para los jóvenes para contrarrestar el reclutamiento forzado, el pandillismo y las redes del narcotráfico. Durante décadas, Puerto Tejada ha sido ejemplo de una contradicción dolorosa. es un territorio de riqueza productiva, pero también un territorio de pobreza persistente. En la década de 1930 era una población productora de cacao, pero vino el monocultivo y la falta de desarrollo económico del territorio que frustraron esa posibilidad de desarrollo. Debemos retomar el cultivo del cacao. Debemos desarrollar la industria agropecuaria, debemos hacer la revolución agraria. Aquí vive una población mayoritariamente afrodescendiente, forjada en el trabajo duro de los corteros de Caña, de las mujeres que madrugan para ir a Cali a trabajar, de quienes resisten cada día en la economía informal. Es un pueblo digno que ha sostenido con sus manos la riqueza en una región en la que, sin embargo, aún son negados los derechos fundamentales. Hoy muchos trabajadores de los ingenios azucareros son amenazados y empujados a la informalidad por la automatización, como si el progreso pudiera construirse sacrificando la vida de quienes lo hicieron posible. Y resulta inaceptable que, estando rodeada de agua, Puerto Tejada no tenga garantizada el acceso del agua potable. para su gente. El agua que es vida no puede ser privilegio. Aquí el campesinado cultiva pequeñas hectáreas con esfuerzo y esperanza mientras espera que la justicia social deje de ser una promesa y se convierta en una realidad. Necesitamos avanzar en el cambio social, un cambio que ponga en el centro la dignidad del trabajo, el acceso al agua, la tierra, las oportunidades. Un cambio que reconozca la deuda histórica con el pueblo afrodescendiente. Un cambio que haga que la justicia sea un derecho para todas y todos. un cambio que representa el pacto histórico que ha comenzado a construirlo con esfuerzo y que en estos días, compañeras y compañeros, recordémoslo, le ha ganado una pelea a los sectores más mezquinos de nuestra sociedad, haciendo posible el salario vital para las trabajadoras y los trabajadores. Las inversiones sociales orientadas a educación, transición energética, fortalecimiento de la economía popular y programas de apoyo a los jóvenes han empezado a marcar un cambio de enfoque, pasar de la militarización exclusiva a la intervención integral del Estado. La paz en los territorios no se logra fortaleciendo solamente a las fuerzas militares y de policía, ni firmando una y otra vez acuerdos de paz con los grupos armados. La verdadera paz empieza cuando termina la pobreza y se supera la desigualdad social. es garantizar salarios dignos, asegurar que ningún niño niña se acueste con el estómago vacío. La paz que propongo que construyamos es la que pone en el centro a la gente que menos ha tenido en nuestra sociedad, pero que es digna y merece un futuro distinto. Lograremos la paz. y el desarrollo de Puerto Tejada cuando garanticemos lo esencial también en el norte del Cauca. Agua potable y sanamiento básico, educación de calidad, trabajo digno y una plaza de mercado adecuada que dinamice la economía local como lo estamos al camino de hacer. Reactivemos los parques agroecológicos fomentando procesos de economía popular, comunitaria, social y solidaria. Los jóvenes, las víctimas, las mujeres, la población afro liderarán como beneficiarios este cambio y no simplemente serán objeto pasivo de las políticas del Estado, sino protagonistas del desarrollo. En nuestro segundo gobierno del cambio social, priorizaremos infraestructura necesaria para garantizar no solamente el agua potable, sino también el desarrollo de Puerto Tejada integralmente como población. La paz, por supuesto, también significa que la gente aquí pueda dormir sin miedo, sin el temor de que mañana falte un vecino, un amigo, un hijo. Nuestra niñez y nuestra juventud, más que nadie tiene derecho a un futuro que no sea una tumba. La paz, en suma, también es una cuestión de justicia social. No debemos renunciar bajo ninguna circunstancia al cuidado que ofrecen las mujeres, a proteger y sostener entre todos y todas con un gesto de amor lo más profundo y valiente de nuestra sociedad, la rebeldía de los jóvenes a quienes les debemos un futuro distinto en este país. Llamo a los jóvenes, las y los jóvenes de Puerto Tejada a que defendamos la vida que es sagrada e irreemplazable. La fuerza vital de nuestra juventud debe concentrarse en poner a Colombia la vanguardia de la ciencia, la tecnología, el conocimiento. No en las esquinas de los barrios. perdiendo la vida propia y arrebatola de otros. Muchachos y muchachas, construyamos juntos el cambio social que requerimos hoy en Colombia. Esta es la tierra de Natanael Díaz, el abogado, poeta intelectual. que junto a Manuel y Adelia Zapata Olivella, Marino y Víctor Viveros, Adolfo Mina Balanta y Elsías Martán Góngora, creó en 1943 el Club Negro de Colombia, un espacio pionero del pensamiento afrocolombiano. Les hago la invitación a que continuemos con su legado intelectual y político a que continuemos el camino de la rebeldía social, de la libertad, de la emancipación, de la construcción de nuestra cultura con los valores y el aporte ético e intelectual de la comunidad afrodescendiente, que es inmenso y rico en enseñanzas para nuestro país. un legado antirracista que debe ser parte de la revolución ética que he propuesto, un cambio de conciencia en la forma en que entendemos la paz, el desarrollo y la justicia social en Colombia, porque no habrá verdadera democracia mientras la abundancia rodea un pueblo y además de esa abundancia, ese pueblo viva en la carencia. Tenemos que hacer compatible nuestra riqueza natural, nuestra potencia como un país lleno de vida con la con también la existencia de cada uno de los habitantes del territorio. Puertojada merece vivir sin miedo, merece agua potable, merece industria, educación y cultura. Que esta generación sea la que rompa el ciclo histórico de la exclusión. Eso lo podemos hacer juntos con un nuevo triunfo del proyecto de la transformación social que encarna nuestro gran pacto histórico, eligiendo nuestro segundo gobierno progresista. Aquí están a mi lado nuestras candidatas y candidatos a la Cámara y al Senado. Mujeres y hombres dignos, valientes, decentes, a votar por ellas y por ellos, marcando pacto histórico para Cámara y Senado el 8 de marzo. No votar consulta. Y por supuesto, mi mensaje es el mismo para todo el país. El próximo 31 de mayo pido que me elijan en primera vuelta. presidente de la República, sucesor de nuestro querido presidente Gustavo Petro Urrego y que me acompañen el 7 de agosto, que vayamos juntos a la posesión a darle un abrazo a Petro y a reconocer lo que ha hecho porbia, por su pueblo y sus derechos. Que viva el digno pueblo de Puerto Tejada y del norte del Cauca. Que viva el pacto histórico, compañeras y compañeros.";"1790"
"GREdYtR8qBo";"20260226";"＂LA REBELIÓN ANTIRACISTA Y EL DESARROLLO DE BUENAVENTURA＂";"https://youtu.be/GREdYtR8qBo";"Un abrazo especial para toda la gente de Buenaventura. He preparado para todas ustedes y todos ustedes un mensaje que lleva por título La rebelión antirracista y el desarrollo de Buenaventura. Queridas compañeras y queridos compañeros, estoy muy emocionado de visitar la capital del Pacífico, Buenaventura. Buenaventura es más que un puerto. Buenaventura es su gente. En esta oportunidad quiero dirigirme, por supuesto, al pueblo bonaverense, pero también a todo el litoral pacífico aquí en esta tierra que ha sostenido la economía nacional. Durante décadas se escribió una de las páginas más poderosas de la historia reciente, el paro cívico de 2017. Esa movilización inmensa no fue solo una protesta, fue un grito colectivo que dijo, ""Sin el pueblo no hay puerto, sin justicia no hay desarrollo, porque como está ocurriendo en toda Colombia, compañeras y compañeros, el pueblo se astió de la injusticia. y ha comenzado a movilizarse por sus derechos y eso, compañeras y compañeros, ya no lo detiene nadie. Nadie va a parar más al pueblo colombiano. Presidente, sean presidente vive. Presidente, presidente. Presidente, presidente. El paro cívico fue una lección de organización popular, de unidad y de conciencia, que sacudió al país entero y que tuvo líderes sociales y liderezas que hoy recordamos con gratitud. Debemos reconocer, por ejemplo, el enorme liderazgo que desarrolló Temisto Clesmachado, quien no solo lideró procesos organizativos durante el paro, sino que dedicó toda su vida a defender los bienes públicos, los espacios comunitarios y la dignidad del pueblo. Honrar su memoria es mantener viva la lucha por la transparencia, por el derecho al territorio y por una Buenaventura justa y en paz. Que viva Temistocles. Desde aquí lo recordamos con inmenso afecto. Hermanas y hermanos, como lo he venido afirmando en mi recorrido por las poblaciones afrodescendientes de ambas costas, la revolución ética que debemos llevar a cabo en Colombia es también una rebelión antirracista. No he venido a Buenaventura a que nos llamemos a engaños. No cuenten conmigo para eso. Yo, al igual que ustedes, estoy hasta aquí asteado de la corrupción y la politiquería. Es indignante tener que hablar de problemas que han debido resolverse desde hace por lo menos un siglo en este país. Como decía mi bisabuela Josefina Peña, nacida en Guapi, allá vivió y echó raíces. Ella decía, ""Sí, esta soy yo. Lo que ven es lo que hay."" Bueno, digo eso yo ahora. Sí, señor. Eso soy yo. Esto es lo que ustedes tienen. Esto es lo que yo soy. Esto es lo que hay. He venido a hablar con la verdad de frente. Estoy aquí parado ante ustedes para que me abracen y me acojan como uno más. Porque el racismo voraz, a la única raza que hay, que es la raza humana. Esta rebelión debe confrontar inevitablemente de manera definitiva la violencia racial y sistemática que ha segregado y condenado a gran parte de la población afro a los circuitos de pobreza y miseria en Colombia. Condo este abominable violencia que ha consumido la fuerza vital, especialmente de nuestra juventud, que ha obligado a miles de madres a enlutarse para llorar a sus hijos, que nos ha desviado del camino y de la búsqueda de la felicidad. Y eso es algo que a pesar del odio racial, el pueblo de Buenaventura se resiste, se ha resistido y se seguirá resistiendo a perder. Seguirá luchando por la felicidad Buenaventura. Nuestra rebelión antirracista debe necesariamente provocar un despertar de la conciencia, una conciencia que no está aislada de la realidad social, sino que está llamada a resolver la garantía de los derechos fundamentales para la vida digna del pueblo bonaverense. Se preguntarán, ¿por qué hablo de una rebelión antirracista? sencillo. Como lo dije ayer en Puerto Tejada, los municipios y ciudades que tienen poblaciones predominantemente afrodescendientes padecen de los mismos problemas y eso no es casual. Son municipios y ciudades como Quibdó, como Puerto Tejada, como Tumaco, en los que la inmensa riqueza natural contrasta con que las comunidades que habitan los territorios estén entre las más empobrecidas del país. Regularmente tienen inmensa riqueza hídrica, ríos, acceso al mar. constante pluviosidad, pero carecen de agua potable y acueductos. Tienen grandes niveles de corrupción esas poblaciones en la administración pública y tasas elevadas de desempleo y de violencia. No puede seguir esto ocurriendo. En Buenaventura tenemos expresiones perversas de ese racismo estructural. Mientras los recursos de la salud se lo roban las mafias nacionales y locales, los niños y niñas en las puertas de los raquíticos hospitales de Buenaventura, a veces se mueren. Buenaventura, uno de los lugares más diversos que tienen la mayor biodiversidad, lluviosos del mundo, sigue privada de un recurso que es vital, el agua potable. Con sevicia, racismo y corrupción, este derecho básico sigue negándosele al pueblo de Buenaventura. Me rehuso a creer que el Estado colombiano no pueda garantizar los acueductos de Buenaventura y Kipdó, en donde estuve la semana pasada. El acceso al agua se ha convertido aquí en una cuestión de azar. El pueblo de Buenaventura tiene agua un día de por medio y el que tiene suerte la tendrá por 6 horas continuas. El que no, escasamente una hora. Esto es una infamia que no podemos seguir tolerando y viendo transcurrir como si se tratara de algo normal. Eso se tiene que acabar. Buenaventura tiene una tasa de desempleo que supera ampliamente el promedio nacional. No puede ser que la ciudad que mueve buena parte del comercio exterior del país, sino la mayor parte de este, tenga miles de jóvenes y trabajadores sin oportunidades laborales estables y dignas. Buenaventura nos ha dado uno de los más destacados científicos que tenemos en el país, Raúl Cuero. Sin embargo, no cuenta con un centro de ciencia e innovación tecnológica que impulse la producción de conocimiento para resolver sus propios problemas y contribuir a superar los grandes desafíos de la humanidad. Colombia no puede seguir siendo un país sin ciencia, sin tecnología o con débil o muy débil desarrollo científico. Debemos corregir esto y el Pacífico es una región que puede encabezar el desarrollo de la investigación científica y tecnológica en Colombia. Debemos impulsarlo hoy. Debemos reconocer que las inversiones en infraestructura, en salud, educación, en proyectos productivos que ha hecho el gobierno y el presidente Gustavo Petro, a quien saludamos desde aquí, por supuesto, han sido importantes esas inversiones. También es justo reconocer, a pesar de todos sus problemas, que los diálogos que tuvieron los grupos chotas y espartanos agenciados por el gobierno contribuyeron en un momento a la reducción de los homicidios en la ciudad. Sin embargo, la violencia y el conflicto armado siguen cobrando vidas y causando destrucción en este territorio. Llamo a los grupos ilegales a dejar las armas, a asumir juntos la tarea histórica de sacar a Buenaventura de la exclusión, del abandono, en la que la han condenado la corrupción y las élites que se han enriquecido con el puerto mientras el pueblo sigue marginado. Denunciamos con firmeza el reclutamiento de niños y niñas, también de jóvenes. Necesitamos educación, cultura, deporte, empleo, presencia integral del Estado, no solo presencia de la fuerza pública. La paz territorial no se hace con decretos desde Bogotá. Requerimos que haya una construcción en los barrios, en los consejos comunitarios, en los procesos sociales, en las iglesias, en las organizaciones de mujeres y de jóvenes, que contribuyamos a que se haga la paz desde abajo y no desde arriba, desde el centralismo. En suma, la rebelión antirracista, como expresión de la revolución ética que hemos planteado, nos convoca y nos impone el desafío de construir juntos un plan que ejecutaremos en el segundo gobierno progresista, que vamos a elegir cuando en primera vuelta el 31 de mayo ganemos las elecciones. Este plan que proponemos debe garantizar acceso a agua, saneamiento básico, vivienda digna, salud, acceso permanente, asistencia a la educación básica, primaria, secundaria y superior. El verdadero antídoto contra la violencia es la justicia social en el litoral pacífico. Y por eso propongo 14 puntos de acciones concretas para Buenaventura. Primera, construcción y culminación definitiva del acueducto de Buenaventura para garantizar a toda la población agua potable en 24 horas del día. Segundo, puertos comunitarios, recuperación integral de los ríos como eje de desarrollo productivo y soberanía territorial. Tercero, fortalecimiento de las vías terciarias para dinamizar las economías locales. Cuarto, uso de los bienes administrados por la Sociedad de Activos Especiales. para reparar a las víctimas de la guerra contra las drogas y ofrecer segundas oportunidades a la juventud y a la economía popular. Que los bienes del narcotráfico pasen a la gente para que se pueda construir proyecto social. Quinto, impulso decidido a la industria pesquera y pecuaria. Sexto, recuperación de la Universidad del Pacífico para ponerla al servicio de su misión esencial, que es convertirse en cuna del conocimiento para el litoral pacífico. Séptimo. Firme compromiso para destrabar, sanear y culminar el coliseo marino Clinger, que será un espacio digno para el deporte y también el estadio. La casa de la cultura debe ser corazón vivo para el arte, la memoria y la creación del pueblo afrobonaverense. Octavo, las víctimas del conflicto armado. Las víctimas del conflicto armado, de la guerra, de la guerra contra las drogas y de la violencia urbana serán el centro de toda política de paz. Noveno, cumplir definitivamente con los compromisos adquiridos a raíz del paro cívico de 2017. Décimo, invertir en las economías afro en el Pacífico y en todo el país. Impulsar el desarrollo de las economías populares, el afroturismo, la gastronomía, la innovación tecnológica y de servicios. 11. industrialización del puerto, no como punto de paso de mercancías, sino como centro de transformación productiva, fortalecimiento de la economía popular y establecimiento de relaciones estratégicas con toda la región del Asia y del Pacífico en el mundo. generación de empleo necesario para que la riqueza que entra y sale por el puerto se traduzca en trabajo digno para la gente. Combate sin cuartel contra la gran corrupción, persecución a las redes clienterades de los políticos corruptos, los funcionarios delincuentes que no hacen más que robar. No vamos a permitir que el robo y el saqueo continúe. Nos vamos a oponer mediante una rebelión ciudadana contra la corrupción. Y por último, no queremos un un Puerto Rico rodeado de un pueblo pobre. No queremos crecimiento si no hay redistribución de la riqueza. No queremos megaproyectos para desplazar a las comunidades. Queremos un desarrollo portuario y logístico que genere empleo digno, que fortalezca la industria local, que impulse la economía popular y que respete el ambiente. Compañeras y compañeros, amigo, el pueblo está cono amigo el pueblo está contigo. Amigo, el pueblo está contigo. Compañeras y compañeros, Buenaventura merece la prosperidad y la riqueza para el pueblo. merece agua potable, merece industria, educación y cultura. Que esta generación sea la que rompa definitivamente el ciclo histórico de la exclusión. Eso lo podemos hacer con un nuevo triunfo del proyecto de transformación social que lidera el pacto histórico, que es el más importante, el principal y más poderoso movimiento político que hay hoy en Colombia y que hará el segundo gobierno progresista. Vamos a derrotar a toda la extrema derecha y a su jefe Álvaro Uribe Vélez. iba a decir baro el pueblo está barajo. El pueblo está de barajo, el pueblo está deo. Iba a decir a su desgastado y resentido jefe, Álvaro Uribe Vélez. Este 8 de marzo les hago la invitación a votar masivamente por el pacto histórico a la Cámara por el Valle que tiene una lista cerrada conformada por mujeres y hombres que son personas valientes, dignas, decentes y también a que voten nuestra lista al Senado. por la compañera. Con una X pueden votar con el logo. No pedir el tarjetón de la consulta ni aceptar que se los ofrezcan si no lo han pedido. Y por supuesto, los invito a que el próximo 31 de mayo me elijan en primera vuelta. como presidente de la República. como presidente de la República y y sucesor de nuestro querido compañero presidente Gustavo Petro Urrego, a quien desde aquí le enviamos nuestro reconocimiento por su infatigable labor en defensa del pueblo colombiano y sus derechos. Como dice, como dice la canción del grupo Nietzsche, mi buena aventura, te llevamos en el alma con tus dolores, pero con alegría siempre en el rostro, ternura y cariño. Que viva el pueblo de Buenaventura, que viva el pacto histórico, compañeros. Si se puede y llevo el cambio. Si tú cambias Colombia cambia juntos con Si tú cambias Colombia cambia. Ah.";"2098"
"ocnyOuT38AQ";"20260227";"＂CONTRA LA POLÍTICA DEL ODIO, DE LA MENTIRA Y DEL ESPECTÁCUL";"https://youtu.be/ocnyOuT38AQ";"Queridas compañeras y queridos compañeros, anoche se presentó al país una nueva encuesta en la que seguimos encabezando la preferencia en el voto de las y los colombianos. Vamos a ganar en primera vuelta. Pero mientras más avanza nuestro proceso de consolidar el pacto histórico, de seguir explicando en los territorios, en las ciudades y municipios con plazas como esta multitudinariamente concurridas. Amén. Lo que ha pasado en nuestro gobierno y nuestro programa de segundo gobierno progresista, la extrema derecha despliega toda clase de campañas sucias contra el pacto histórico, contra el presidente Petro y contra mi candidatura. Y hoy vamos a responder a ese tipo de campañas ante ustedes con un discurso que he titulado contra la política del odio, de la mentira y del espectáculo. Queridas compañeras y queridos compañeros, me complace por tercera vez durante esta campaña electoral visitar la bella Cali, capital de la Resistencia Popular. Mi saludo emocionado a la juventud caleña, siempre rebelde, a sus movimientos sociales, a sus organizaciones sindicales y barriales, a toda la ciudadanía que está presente. En mi primer discurso que pronuncié aquí en octubre de 2025, les hablé del significado que tendrá bajo mi gobierno, que vamos a elegir primero con una gran bancada al Congreso de la República el próximo 8 de marzo, eligiendo a nuestras dignas candidatas y candidatos. Y luego el 31 de mayo. Y luego el 31 de mayo en primera vuelta presidencial de alejar el dron, por favor. Y luego el 31 de mayo en primera vuelta presidencial expliqué el significado de lo que será la lucha implacable contra la gran corrupción en nuestro segundo gobierno progresista que será una lucha implacable Luego, en una segunda oportunidad, en noviembre de 2025, cuando habíamos ya triunfado en la consulta interna del pacto histórico, les hablé de lo que quiere decir para nuestro segundo gobierno rendir y servir al pueblo con austeridad republicana y expliqué por qué bajo el segundo gobierno progresista aplicaremos el principio de que quien debe ajustarse el cinturón, quien debe apretarse el cinturón es el gobierno y no el pueblo. Les dije que mi primera decisión de gobierno será rebajar los salarios del presidente de la República y todos los funcionarios que me acompañen en el gobierno. Vamos a acabar con la ostentación, que vamos a acabar con el despilfarro y que todo lo que ahorremos de dineros públicos irá a pagar los programas sociales de nuestro gobierno. Es decir, he venido a Cali a presentar el programa de la revolución ética. de la rebelión ciudadana contra la corrupción y de la austeridad republicana. Hoy vengo de nuevo ante ustedes para fijar una posición inequívoca frente a tres expresiones que han contaminado el lenguaje y la práctica política en Colombia. La política del odio, la política de la mentira y la política del espectáculo. En el discurso político degradado, el odio, la mentira y el espectáculo no aparecen ya separados, forman una misma trama. El odio deshumaniza al adversario, la mentira distorsiona la realidad y el espectáculo le resta seriedad y trivializa los problemas sociales hasta convertirlos en entretenimiento pasajero, incluso en diversión superficial. Nuestra campaña no es un espectáculo, no es un carnaval, no es una feria de vanidades. Compañeras y compañeros, lo que une es el propósito de sustituir el debate de ideas por la manipulación emocional del pueblo. Allí donde faltan argumentos sólidos y propuestas transformadoras, se recurre a a la exageración, al rumor y a la puesta en escena. permanente para captar la atención y moldear percepciones. Lo he denunciado. Esa alianza es peligrosa porque vacía la política de su contenido ético y la convierte en escenario de confrontación violenta y a la vez superficial. El odio crea enemigos imaginarios. La mentira justifica la agresión. Y el espectáculo distrae a la ciudadanía de las causas profundas de la desigualdad y la injusticia. Así la discusión pública se degrada y se debilita la democracia. Esta alianza se acentúa cada vez que una alternativa democrática comienza a abrirse paso en Colombia. Cuando el pueblo se moviliza y además aparece el cambio social que deja de ser una consigna para convertirse en realidad, entonces desde los sectores que se resisten a perder privilegios se activa la descalificación, la estigmatización y el miedo. En 1948, recordémoslo, cuando Jorge Elizer Gaitán llenaba plazas como estas y encarnaba la esperanza popular, fue señalado por las élites oligárquicas del país y por la prensa ultraconservadora como anárquico, desbordado y violento. Décadas después, pocos días antes de ser asesinado, Bernardo Jaramillo Osa fue acusado. Presidente, vive presidente presidente vive. Presidente sea presidente se vive. Años después, el gran y talentoso líder de la Unión Patriótica, candidato a la presidencia, Bernardo Jaramillo OA, fue acusado falsamente de ser parte del brazo político de la guerrilla. La mentira precedió a su asesinato. Cuando el presidente Gustavo Petro mantiene un respaldo ciudadano significativo y yo encabezo las encuestas de la contienda electoral, el desgastado y resentido jefe de la extrema derecha, Álvaro Uribe Vélez, y los medios corporativos que le son afines, repiten el mismo libreto. que lo tenga ahí. Está bien. Hoy cuando nuestro presidente de manera valiente avanza en las reformas sociales, se dicen toda clase de mentiras. calumnias y campañas sucias en su contra. Pero debo reafirmar lo que he sostenido a lo largo de esta campaña electoral. Nuestra respuesta no es el odio contra el odio, es la verdad, la serenidad y la firmeza democrática. Es la movilización consciente y pacífica de una ciudadanía que no se deja manipular ya por el miedo y que desde el estallido social se paró firme por sus derechos. Somos una fuerza poderosa y serena. Resistencia. Resistencia. Resistencia. Resistencia resistencia. Resistencia resistencia. Porque Colombia merece una política que eleve la dignidad del debate, que confronte con argumentos y que dispute el poder sin destruir al adversario. No venimos a incendiar el país con palabras. Venimos a transformarlo con justicia, con el pueblo, con participación y con esperanza. Compañeras y compañeros, ¿por qué tanto odio? ¿Por qué tanto odio? ¿Por qué aparece y se fortalece el odio en el discurso político electoral de la derecha de este país? El imperio del odio y del resentimiento en la política tradicional degradada y descompuesta es tóxico porque promueve la división y el enfrentamiento, no la controversia entre los ciudadanos. Parte de las más bajas pasiones que impiden un ejercicio político realmente democrático. Impide el diálogo y la concertación. El odio genera una espiral que con ataques cruzados termina llevando a la convicción de que destruir al oponente a cualquier costo es la única solución posible para resolver las contradicciones y diferencias. Así han matado en Colombia tantas liderezas y tantos líderes sociales, considerándolos parte de un enemigo interno, cuando todas y todos somos parte de la misma nación. Todos somos hijos de la madre Colombia. El odio, se lo decimos desde aquí a la extrema derecha. No surge de la fuerza, nace del miedo. Cuando un proyecto político se siente inseguro de sus argumentos, cuando percibe que pierde legitimidad o respaldo popular, apela a la descalificación del adversario. Es más fácil sembrar temor que construir confianza. Es más sencillo señalar un enemigo que presentar soluciones. El odio es en el fondo, una expresión de inseguridad propia. Quien no se siente capaz de persuadir con ideas, intenta interponer argumentos que no son argumentos, sino calumnias. Se construye entonces un relato en el que el contradictor deja de ser un ciudadano con otra visión y se convierte en una amenaza. Eso es lo que está pasando hoy con la extrema derecha, con su jefe Álvaro Uribe Vélez, con su partido El Centro Democrático, con sus candidatas y candidatos. Los llamamos a que se serenen, los llamamos a que se tranquilicen, a que demos el debate de ideas y no a punta de calumnias y odio. Ya conocemos qué pasa cuando ocurre ese fenómeno, cuando el conservatismo, recordémoslo, antes de la mitad del siglo XX, exacerbó las pasiones y decía en esa época que había que hacer invivible la República. El país terminó en una espiral de violencia. A estos sectores y dirigentes debemos recordarles que ese miedo es terreno fértil para la violencia. Porque cuando se normaliza el lenguaje que degrada, que humilla y que acusa sin pruebas, se empieza a justificar el daño. El pacto histórico está por la paz, está por la discusión y deliberación democrática y civilizada, está por la reconciliación. Nuestra historia demuestra que la violencia política no comienza con disparos, sino con palabras cargadas de odio, repetidas mil veces. Por eso debemos defender un debate firme. Firme, sí, pero respetuoso. Apasionado, sí, pero responsable. La democracia no se fortalece cuando convertimos al adversario en enemigo, se fortalece cuando reconocemos la diferencia y por eso llamamos a superar el odio y a afrontar de manera franca y tranquila nuestras diferencias. Tenemos los argumentos para hacerlo y el programa para hacerlo. ¿Y por qué aparece y se fortalece la mentira en el discurso político electoral y en la narrativa, hay que decirlo, de los grandes medios de comunicación? Como el odio, la mentira no surge de la fortaleza. sino de la fragilidad. Cuando un proyecto carece de argumentos sólidos o teme perder el respaldo ciudadano, recurre a la distorsión de la verdad para sembrar dudas y confusión. Mentir es el intento desesperado de de sostenerse no sobre ideas, sino sobre manipulaciones. La mentira se alimenta del odio y del desespero y alimenta el odio y el desespero. Para que una falsedad prenda en el corazón de la sociedad, necesita convertir al adversario en amenaza, necesita desprestigiarlo, estigmatizarlo, despojarlo de su humanidad y de su legitimidad. Nuestro presidente debe ser respetado. No admitimos que se le calumnie y se le ultraje. Así se construye al enemigo en Colombia. se le atribuyen culpas imaginarias y cuando esa estigmatización se repite, cuando la calumnia se normaliza, el paso a la violencia se acorta peligrosamente, porque la violencia casi siempre es precedida de una narrativa que justifica el daño. Todos los días asistimos a nuevas campañas de desinformación, falsificación, calumnia que promueve la extrema derecha en sus medios de comunicación y portales de redes sociales. A diario se distorsiona e irrespeta gravemente la personalidad de nuestro compañero presidente Gustavo Petro. Se engaña con descaro, se miente sin rubor sobre los logros sociales del gobierno. Se me calumnia por mi labor a favor de la paz y de la justicia. No más mentiras, no más calumnias, no más rumores. Debate franco y con ideas. Le exigimos a la extrema derecha que no sea mentirosa. Y finalmente, ¿por qué la política termina convertida en un espectáculo y los problemas sociales y la violencia se banalizan el debate público? Porque el odio, la mentira y la violencia necesitan ponerse un disfraz. La puesta en escena sirve para encubrir lo que no se quiere discutir con seriedad. Bajo las luces, los gritos, las polémicas vacías, se oculta la falta de propuestas y se diluye la responsabilidad frente a los dramas reales de la sociedad. Nuestra denuncia de la política espectáculo no es un asunto menor, es una alerta profunda sobre el deterioro estructural de la democracia. Cuando la política se vuelve actuación, los líderes se banalizan, la deliberación se empobrece y crece la desconfianza de los ciudadanos en las instituciones. Lo auténtico es desplazado por lo artificial. La imagen suplanta las ideas, el gesto reemplaza el pensamiento. Así se presenta un mundo ficticio como si fuera real. Se normaliza el ocultamiento sistemático de la verdad. En esa lógica frívola, lo verdaderamente importante, la pobreza, la corrupción, la violencia, la injusticia aparece como un tema más del espectáculo despojado de su seriedad y de su gravedad. Se desvalorizan los principios y se eleva la superficialidad a categoría de acción política. Se perturba la capacidad de discernimiento de la ciudadanía, expuesta a campañas masivas todos los días de manipulación que explican el contrasentido doloroso que sectores que han sido históricamente excluidos terminen votando por sus verdugos y sus opresores. El punto culminante de esta degradación impulsada por las poderosas maquinarias mediáticas es convertir los asuntos esenciales de la vida social en mercancía ligera, sin espacio para la crítica ni la reflexión. De allí la industrialización del miedo, del odio, de la mentira, el cinismo político, ese cóctel que ha asumido la extrema derecha colombiana y en la cual, hay que reconocerlo, el maestro se llama Álvaro Uribe Vélez. No sorprende. No sorprende entonces ver campañas convertidas en costosas comparsas, en carnavales en que se invierten miles de millones de pesos, en competencias por el agravio más vulgar y estridente o la pose más artificiosa. Sorprende ver a candidatas y candidatos con afiche y megáfono en mano lanzando mensajes rabiosos, ofreciendo viviendas y empleos de manera demagógica, promoviendo el salario vital cuando la víspera estaban por acabarlo radicalmente. verlos disfrazados de pueblo o de animales. De todo estamos viendo en este espectáculo que se ha convertido la campaña electoral. Todo para ganar unos votos, todo para puntear en las encuestas y hacer apariciones en noticieros televisivos. Pero detrás de esa bulla, compañeras y compañeros, aparece con nitidez el verdadero propósito, frenar las reformas sociales, promover más guerra y más armas, perseguir a la juventud, depredar la naturaleza, proteger el despojo de tierras, erosionar la democracia hasta abrir paso a un régimen autoritario. Frente a ese escenario, nuestra tarea es devolver a la política su dignidad, su profundidad y su compromiso con la verdad y la justicia. Podemos hacer la política con alegría, sin convertirnos en parte de la industria de la frivolidad. Sí se puede, sí se puede, sí se puede, sí se puede, sí se puede, sí se puede. Precisamente porque soy consciente y porque el pacto histórico es consciente de esta descomposición de la política, nuestra campaña ha sido totalmente contraria a este tipo de prácticas y discursos. En vez de promover el odio y la violencia simbólica, ha promovido el respeto, la serenidad y la valoración de nuestros oponentes. En vez de promover la mentira contra los adversarios, hemos pregonado el poder emancipador de la verdad que busca erradicar las falsedades que han alimentado la impunidad, la corrupción, el deterioro democrático que impiden la paz y la equidad social. En vez de la política convertida en una feria de vanidades y un espectáculo superficial, hemos hecho la política con austeridad, sobriedad, modestia, elaboración programática, cero demagogia y sobre todo respeto por el pueblo colombiano. Para mí, compañeras y compañeros, la revolución ética implica recuperar el sentido del lenguaje, la dignidad del ejercicio de la política, la verdad, la responsabilidad y el respeto en el centro de la vida pública. Queremos que las relaciones políticas y con los medios de comunicación estén marcadas por el respeto mutuo. Buscamos que las trampas y las campañas sucias salgan del menú de opciones de esas relaciones. Para eso les proponemos, compañeras y compañeros, seguir consolidando el pacto histórico, que ya es la principal y más poderosa fuerza política en todo el país. Por eso les proponemos elegir el próximo 8 de marzo una gran bancada parlamentaria votando masivamente por nuestra lista paritaria y cerrada al Senado de la República que encabeza nuestra compañera Carolina Corcho y a la Cámara de Representantes en el Valle del Cauca que está integrada por personas decentes, capaces y muy coherentes en el compromiso con el cambio social y con el pueblo colombiano. Les proponemos no pedir y no aceptar, en caso de que se los ofrezcan, el tarjetón de las famosas consultas, de la cual, de la que fui excluido es ilegítima. Y naturalmente yo les propongo que el 31 de marzo, perdón, de mayo, mayo, me elijan como el segundo presidente progresista en la historia de nuestro país, que nos acompañen. para que todos juntos lo hagamos, a continuar y profundizar las transformaciones sociales que han comenzado a ser realidad bajo la conducción de nuestro compañero presidente Gustavo Petro Urrego, a quien enviamos desde esta plaza nuestro abrazo de reconocimiento por su gran labor de defensa del pueblo. colombiano y sus derechos. Que viva Cali, capital de la resistencia. Que viva la juventud caleña siempre rebelde y el valle del Cauca, por supuesto. Que viva el pacto histórico, compañeras y compañeros. Gracias por estar hoy aquí en la capital de la resistencia. El de alado, lo de él es el de el que viene con el con este celular ahí. Aquí eso se vive, se siente, se pega. Presidente, vive, se siente, se pega. Gracias, Iván Cepeda. Iván Cepeda, presidente. Pablo Valle Cauano presente.";"2768"
"5AhczJOLqBo";"20260228";"＂VAMOS A TRIUNFAR＂";"https://youtu.be/5AhczJOLqBo";"amigos, gracias a nuestros artistas, amigos. Gracias a todas y todos ustedes por estar llenando esta plaza esta noche. El discurso que quiero pronunciar se llama, es sencillo, vamos a triunfar. Queridas compañeras y queridos compañeros, llegamos a esta histórica plaza, escenario de las grandes luchas sociales de nuestro pueblo después de un camino largo e intenso de pedagogía y debate democrático. Hoy cerramos la fase de actos públicos de nuestra campaña al Senado y a la Cámara de Representantes con gratitud por el multitudinario respaldo que hemos recibido del pueblo colombiano en todo el país, en cada plaza, en cada calle, en cada vereda, en cada municipio, en cada rincón de Colombia. Hemos recorrido el país paso a paso, llenado 40 plazas de ciudades y municipios de 23 departamentos hasta ahora con actos masivos como el que estamos viendo aquí esta noche. He pronunciado 70 discursos. Este es el número 70. escritos detallada y cuidadosamente en los que he expuesto a las colombianas y los colombianos nuestro programa y nuestras propuestas para resolver los principales problemas del país. sin demagogia, sin show, sin la política espectáculo, sin maquinarias, sin dineros, con la gente. Hemos constatado que el país ha cambiado en estos años de nuestro primer gobierno progresista, que el pueblo colombiano ha logrado un nuevo nivel de conciencia política y que hoy está dispuesto a no permitir que le arrebaten sus derechos, que si lo intentan, como lo hicieron en la semana, anteriores con el salario vital. La gente se va a movilizar y a impedir que le quiten lo conquistado y que eso ya nadie lo detiene, nadie podrá venir a quitarle ya al pueblo los derechos conquistados. Compañeras y compañeros, llegamos a este punto encabezando todas las encuestas, no con un acto de vanidad y prepotencia, sino como la señal de que el país ha despertado. Todas las mediciones que se están haciendo muestran que somos la más poderosa fuerza política, que tendremos una gran bancada parlamentaria, que tenemos la posibilidad real de mayo en primera vuelta para conquistar nuestro segundo gobierno. Se espera presidente. Se vive se siente. Se espera. Presidente, se vive. Se siente. Sea. Presidente se vive. Se siente. Sea. Presidente. Pero más allá de las cifras, lo que sentimos en las plazas, en las calles y en los caminos es una buena energía. La certeza de que Colombia desea consolidar el rumbo progresista que hoy representa nuestro querido compañero presidente Gustavo Petro Urrego, a quien el pueblo admira, respeta y quiere en cada territorio, como también lo demuestran las encuestas de opinión. Somos la principal fuerza política del país, no solo por el poder que acumulamos, sino por la esperanza que convocamos. Y esa esperanza se va a convertir en victoria el próximo 8 de marzo y se refrendará el 31 de mayo. Compañeras y compañeros, como lo hemos dicho a lo largo de esta campaña, nuestra fuerza se soporta no en multitudinar, perdón, no en multimillonarios recursos financieros, ni en maquinarias clientelares, tampoco en la política convertida en espectáculo que trivializa los dolores del pueblo. Nuestra fuerza nace de una relación orgánica, entrañable con cada uno de los pueblos afrodescendientes, indígenas, campesinos, con las mujeres, con los jóvenes, con las barriadas populares, con el campesinado, con la ciudadanía en general. Es el pueblo quien ha organizado los comités de nuestra campaña, quien ha tocado las puertas, quien ha defendido las ideas en las plazas, quien está en los barrios haciendo la campaña. Esta campaña brota de abajo desde la conciencia ciudadana que ha decidido movilizarse para cambiar la historia. Es la energía colectiva que no solo se expresa en movilización, sino en ideas programáticas. Y voy a referirme a cinco de ellas rápidamente. La primera se llama la revolución ética que le proponemos a la sociedad colombiana. La revolución ética es nuestro enfoque principal. es el fundamento de nuestra visión y configura el conjunto de criterios guía para nuestra definición de acción política y social. ¿En qué consiste? Lo primero, y lo decimos sin ninguna ambigüedad es que nuestro gobierno ha sido, es y será con el pueblo y para el pueblo. No llegamos al poder para satisfacer ambiciones individuales y personales con intereses egoístas, sino para honrar el mandato que recibimos de millones de personas. Debemos servir al pueblo y servir significa compartir su vida cotidiana, acompañar sus luchas para resolver sus problemas, sentir sus angustias en medio de circunstancias difíciles. Gobernar exige regresar siempre al pueblo, salir del confort de los palacios y de las oficinas y caminar junto al pueblo en los territorios, en los barrios, con la gente, con las luchas, con la vida cotidiana. Presidentea presidente. Segunda idea programática. Vamos a combatir juntos con la ciudadanía y sin cuartel corrupción que hay en este país. Principio esencial de la revolución ética en mi gobierno. No vamos a dar respiro. No vamos a dar tregua a quienes ejercen la gran corrupción y le roban al pueblo colombiano recursos para la salud, la educación, la paz, las víctimas. Voy a exigir total pulcritud y transparencia. Ninguna justificación será aceptada para desviarse del cumplimiento estricto de la ley y de las convicciones éticas que defendemos. Y para prevenir cualquier desvío por el camino torcido de la corrupción, vamos a practicar la austeridad republicana, lo cual significa que la primera medida del gobierno que firmaré aquí en esta plaza cuando sea elegido presidente será rebajar mi salario y el de todos los funcionarios del alto gobierno. No se puede exigir sacrificios a la nación mientras se preservan privilegios. No se puede pedir al pueblo que se apriete el cinturón cuando el gobierno no lo está haciendo. Quien debe apretarse el cinturón es el gobierno, no el pueblo. Tercero, la centralidad de nuestra política social. El mayor problema que tiene Colombia en materia social es la pobreza y la desigualdad. No puede haber verdadera prosperidad ni desarrollo de Colombia. Mientras millones de personas carezcan de lo esencial, muchas veces no tengan un plato de comida y mientras la brecha entre los que más tienen y lo que no tienen nada es enorme y sigue creciendo. La verdadera prosperidad, la paz en los territorios la conseguiremos eliminando la pobreza y la desigualdad. Por eso nuestro segundo gobierno va a tener como principal eje, principal preocupación derrotar, extirpar y erradicar definitivamente la pobreza en las zonas rurales y urbanas. Cuarta idea programática. Vamos a acabar con el patriarcado y la discriminación contra las mujeres. Somos una sociedad marcada históricamente por el patriarcado. El patriarcado es esencialmente un sistema de dominación totalitario y violento que alimenta privilegios masculinos milenarios, que hace que las mujeres estén sometidas, subordinadas, discriminadas, violentadas. Y por eso en nuestro segundo gobierno la lucha contra el patriarcado será implacable y radical. Desarrollaremos programas para eliminar la violencia de género, la desigualdad económica de las mujeres, fortalecer su participación política, el sistema nacional del cuidado, promover sus derechos mediante todo tipo de ayudas, programas, iniciativas y mecanismos. programas de vivienda, educación, salud, acceso a la tierra y también, por supuesto, acceso a todos los niveles decisorios del Estado. Por último, hace unos días firmé el compromiso junto a nuestros compañeros y compañeras, candidatos y candidatas del llamado Pacto por Bogotá. El pacto por Bogotá es una iniciativa que se constituye en nuestra iniciativa programática frente a esta ciudad y que busca consolidar economías populares y el empleo, fomentar educación pública y universitaria, desarrollar atención en salud, lograr programas de vivienda digna, movilidad urbana, circulación de residuos y basura cero en la ciudad de Bogotá. Así que ahí está nuestro compromiso con esta gran ciudad y también, por supuesto, velar por los derechos de la naturaleza y de los animales. Compañeras y compañeros, en las próximas elecciones al Congreso de la República y a la Presidencia vamos a ganar una gran bancada representada en nuevos y nuevas congresistas y además de experimentados compañeros y compañeras que han ya cumplido una labor en el Congreso. Lo afirmo sin arrogancia. Sin triunfalismo. Vamos a triunfar porque nuestro vínculo con el pueblo es cada vez más sólido y cada vez más influyente. Tenemos las candidatas y los candidatos idóneos. Tenemos el programa necesario de cambio y de transformación. Tenemos un gobierno que ha puesto las bases de la transformación social. Tenemos un líder político, el presidente Petro, que marca el rumbo del país. Así que, compañeras y compañeros, traduzcamos la esperanza en votos. Les propongo 8 de marzo temprano, masiva, copiosa y multitudinariamente a elegir nuestra gran bancada en el Congreso encabezada por dos grandes listas, una la del Senado por nuestra querida compañera Carolina Corcho y otra a la Cámara de Representantes por nuestra querida compañera MAE Carrascal. Les propongo que no pidamos ni nos dejemos ofrecer el tarjetón de las consultas. La que han propuesto con relación a nosotros en la que fuimos excluidos es ilegítima. Lo decimos con toda claridad. Les propongo que terminada la votación vigilemos con decenas de miles de testigos electorales el resultado en las urnas y no nos dejemos quitar ni un solo voto que depositemos ese día. Tenemos portal donde se puede inscribir la gente como testigo electoral. Les hacemos la invitación a ayudar en esta importante tarea y naturalmente les propongo que el 31 de mayo me elijan como el segundo presidente progresista y que me acompañen el 7 de agosto en esta misma plaza para darle un gran abrazo a nuestro compañero Gustavo Petro. y decirle que reconocemos su gran esfuerzo por defender los derechos del pueblo colombiano. Que viva Bogotá y su juventud. Viva. Que viva el pacto histórico. Y vamos a ganar, compañeras y compañeros. Presidente presidente presente presidente. Presidente, se queda. Sige.";"1620"
"0CS-B1cFXlI";"20260303";"＂POR EL DESARROLLO TERRITORIAL SOSTENIBLE DE LA PUERTA DE LA";"https://youtu.be/0CS-B1cFXlI";"Muchas gracias, queridos compañeros, queridas compañeras. Abrazo para la gente del Caquetá, de todos los municipios, todas las veredas, corregimientos. Me es muy grato estar aquí con ustedes. Antes de leer la intervención que quiero hacer hoy aquí desde Florencia y que he escrito cuidadosamente, quiero decir algo sobre el debate político que se está dando en el país. nuestro gobierno, el pacto histórico, sus dirigentes, sus candidatas y sus candidatos somos demócratas. Defendemos la democracia. No somos de ninguna manera enemigos o adversos a la cultura política democrática. Y eso quiere decir que estamos abiertos al escrutinio público, a la crítica, a la controversia, al debate sobre nuestras ideas, pero lo que no aceptamos es el discurso del odio. Es la acusación falsa y calumniosa. Es el discurso que trivializa los problemas. En esta sala seguramente hay muchas víctimas del conflicto armado y seguramente víctimas de la Unión Patriótica. Recuerden lo que pasó en un debate de control político. Uno de los ministros de uno de los gobiernos llamó a nuestro candidato presidencial de ese momento, Bernardo Jaramillo, como parte del brazo político de las FARC. Y a los tres o cuatro días en el aeropuerto de Bogotá fue asesinado Bernardo Jaramillo. Así que llamamos a los contendores adversarios a que nos tratemos con profundo respeto, a que no hagamos falsas acusaciones y también lo digo claramente, llamo a los medios de comunicación para que no se estigmatice acusando a nadie de pertenecer a organizaciones armadas. En democracia hay que comportarse democráticamente mediante el debate, mediante los argumentos, mediante las ideas. Si es así, bienvenidos todos los debates, porque el pacto histórico, que es la principal fuerza política hoy en Colombia, tiene el programa, tiene las candidatas, tiene los candidatos que pueden dar ese debate de una manera decorosa y con el nivel, al más alto nivel que tiene hoy el país en materia de debate político. He preparado un discurso que lleva el siguiente título dedicado especialmente a la gente del Caquetá. Se llama por el Desarrollo Territorial Sostenible de la Puerta de la Amazonía. Queridas compañeras y queridos compañeros, vengo a este territorio con aprecio por su historia y por la dignidad de su gente. Paquetada no es solo una región estratégica de Colombia, es el resultado del esfuerzo de generaciones de campesinas y campesinos que abrieron trocha, construyeron comunidad y defendieron la vida en medio de la adversidad y a veces de la violencia. Que viva el pueblo del Caquet. Aquí no se ha heredado nada ni ha sido fácil. Cada carretera, cada escuela, cada puesto de salud, cada camino ha sido fruto de la organización y la lucha social y la resistencia. Por eso quiero exaltar el papel fundamental que han desempeñado las organizaciones campesinas, las juntas de acción comunal, las organizaciones de mujeres rurales, el movimiento social de la construcción de la vida colectiva y de la historia reciente en este departamento. Llegamos aquí, luego de recorrer con una gran campaña electoral todo el país, hemos llenado 40 plazas de las principales ciudades y municipios de Colombia, con miles de personas, decenas de miles de personas. He pronunciado 70 discursos que están debidamente escritos y que son nuestro programa renovado como pacto histórico para inaugurar el segundo gobierno que vamos a construir a partir de nuestro triunfo electoral. Vengo aquí luego de recibir numerosas muestras de afecto, cariño, respaldo de muchas gentes de todo el país que muestran que el pueblo colombiano se identifica con lo que hemos logrado construir en el gobierno del pacto histórico bajo la conducción de nuestro compañero Presidente Gustavo Petro Urgo. Lo decimos sin triunfalismo, sin vanidad, sin falsa modestia. También encabezamos todas las encuestas que se han practicado en el favor popular. como pacto histórico, como candidatas y candidatos al Senado y a la Cámara, como candidatura presidencial, que yo invito a que logremos traducir en una victoria el 31 de mayo ganando en primera vuelta y que el 8 de marzo llevemos al Congreso Muchos nuevos senadores y senadoras, representantes a la cámara. También por el caquetá, como están aquí representados hoy, están en esta tribuna nuestros candidatos y candidatas. En esas mismas encuestas figura con un alto índice de favorabilidad y de simpatía nuestro presidente Gustavo Petro. La gente lo quiere en el país y lo respalda. A pesar de campañas, de calumnia, mentiras, de decir toda clase de mentiras todos los días en los grandes medios de comunicación, el pueblo colombiano, en un alto índice cree firmemente en lo que ha logrado este gobierno construir en materia de cambio social, reformas y transformaciones sociales. Hay que defenderlas, hay que continuarlas y hay que convertirlas en irreversibles en nuestro segundo gobierno progresista. ¿A qué me refiero con esas conquistas? Voy a mencionar algunas que atañen también al departamento de Caquetá. Aquí la reforma agraria ha logrado comprar y entregarle al campesinado 10,000 haáreas de tierra y formalizar 180,000 en materia de resguardos, ampliando zonas de reserva campesina y propiedades colectivas del campesinalo. Es el primer gobierno en Colombia que ha emprendido un camino real de reforma agraria para transformar la realidad. rural del país. Este gobierno ha aumentado a pesar de muchas dificultades, a pesar de una gran oposición, el salario mínimo hasta convertirlo en salario vital, lo cual beneficia a miles de hogares en Colombia de trabajadoras y trabajadores. ha hecho una inversión superior a 100,000 millones de pesos para fortalecer el Hospital María Inmaculada de Florencia, lo que significa un paso importante para mejorar la atención en salud. Eso no es todo, pero necesitamos avanzar hacia una verdadera reforma de salud que le entrega a toda la gente la posibilidad de la atención médica, de los medicamentos, de los tratamientos curativos y también de la prevención. Se vive. Sin embargo, se espera presidente. Se vive. Se siente. Se espera. Presidente se vive. Se siente. Sea. Presidente. A pesar de que hemos tenido avances, hay que decirlo también. Sigue habiendo pobreza en Colombia y en el Caquetá. 30% de los municipios de este departamento todavía no tienen acceso al agua potable, lo cual es inadmisible en un departamento con semejante riqueza hídrica como la tiene Caquetá. Hay un estado crítico de las vías terciarias y se siguen produciendo hechos de corrupción en los que aparecen involucrados carteles y redes de politiqueros con funcionarios públicos que se siguen robando los dineros del Estado para beneficio propio. Necesitamos emprender el segundo gobierno progresista para culminar nuestra obra o para continuar y acentuar nuestra obra de gobierno. Y en eso el Caquetá es una región estratégica, no solo para Colombia, sino para el mundo. es la puerta de acceso a la Amazonía, que es ni más ni menos un santuario ecológico de biodiversidad y de agua de todo el planeta. Por lo tanto, vengo a comprometerme aquí con ustedes a que en mi gobierno, el segundo gobierno progresista, seguiremos haciendo esfuerzos para transformar el territorio, transformar a Caquetá en un departamento pujante con oportunidades, con justicia social, sin pobreza y sin desigualdad social en el cual la tierra esté al acceso de los campesinos. frenar la deforestación, avanzar en materia de garantizar agua potable y sistemas de alcantarillado, no solamente para las zonas urbanas, sino para todas las zonas rurales. recuperar y construir nuevas vías terciarias, dotar de energía eléctrica cada rincón del departamento, promoviendo soluciones sostenibles como paneles solares que sean compatibles con el respeto de la naturaleza, avanzar en la lucha contra la corrupción. Atención a esto. En mi gobierno la lucha contra la corrupción será implacable, compañeras y compañeros. Y no va a ser en Bogotá solamente, no va a ser desde las oficinas bogotanas. Vamos a conformar un sistema nacional de lucha contra la corrupción y vamos a ir departamento por departamento examinando cómo se están robando los dineros públicos. Así que les digo de una vez a quienes aquí en el Caquetá se están robando los dineros de la gente, que se preparen, porque seremos implacables. No permitiremos que se roben los dineros de la gente. Los dineros que son para la educación, para la salud, para las vías terciarias, para dotar de agua, para entregarle al campesinado créditos, para que pueda salir adelante la gente más pobre de nuestra sociedad, no se lo van a seguir robando los políticos. Por lo menos les daremos una lucha sin cuartel y me refiero a los dineros públicos, pero también a las regalías que obtienen los departamentos por concepto de la explotación minera y petrolera. Vamos a cuidar los recursos de la gente para poner esos recursos al servicio del desarrollo y del bienestar del pueblo colombiano. Al servicio de la educación. Necesitamos fortalecer la Universidad de la Amazonía para que haya ciencia, tecnología, para que los jóvenes no sigan siendo reclutados por los grupos armados y puedan convertirse en científicos y científicas que ayuden al desarrollo social, cultural, económico de esta región tan importante y estratégica para la paz. Seguiremos desarrollando la implementación del acuerdo de paz firmado en 2016 y me dirijo aquí a los firmantes de paz. Vamos a garantizar su reincorporación digna, como también para las víctimas del conflicto armado, la reparación integral que se merecen por haber sufrido los daños y el sufrimiento del conflicto armado. Vamos a proteger al liderazgo social y comunitario. No más liderezas y líderes sociales amenazados o asesinados. Y aquí me dirijo a los grupos armados. Dejen sus armas. Vengan a la sociedad colombiana a construir juntos la paz y la reconciliación que merece Caquetay Colombia. Compañeras y compañeras, en estos años hemos mostrado que sí se puede cambiar a COVID, señor, que no hay ninguna razón para que la gente no reciba más salarios y para que aumentando el salario crezca la economía. Ese es un bien no para los trabajadores y las trabajadoras simplemente, sino para el desarrollo económico de la nación. A los empresarios les decimos que la prosperidad, que las oportunidades no son solamente para un pequeño grupo de colombianos. Todos podemos ser prósperos en Colombia. Todos podemos estar viviendo en una misma patria que tenga las oportunidades y las puertas abiertas para el desarrollo social y económico de territorios como el Caquetá. Y por lo tanto, mi propuesta es muy sencilla. El próximo domingo 8 de marzo temprano vamos a marcar dos veces en el tarjetón del Congreso de la República, uno en el Senado y otro en la Cámara, nuestros logos del pacto histórico para ganar una gran gran bancada en el Congreso de la República. No vamos a aceptar el tarjetón de las consultas. Eso no es con nosotros, porque la otra propuesta que les hago es que ya sabemos que la segunda vuelta le va a costar al país algo así como 800,000 o un billón de pesos. Así que yo les propongo lo siguiente: ganemos en primera vuelta eligiéndonome presidente de la República y ese dinero más bien invirtámoslo en educación, en salud, en empleo para los colombianos. Así que los invito y las invito a que ganemos contundentemente en la primera vuelta presidencial, eligiéndome presidente de la República. Entonces, el 7 de agosto temprano en la mañana nos vemos en la plaza de Bolívar allá en posesionarme como nuevo presidente y darle un abrazo como pueblo colombiano a nuestro presidente Gustavo Petro para felicitarlo, felicitarlo por la defensa coherente que ha hecho del pueblo colombiano y de sus derechos. Así que vamos a triunfar, compañeras y compañeros. Que viva el pueblo de Caquetá, que viva. Y que viva el pacto histórico.";"1926"
"V4uts00YDeM";"20260304";"＂REVOLUCIÓN ÉTICA Y ESPIRITUALIDAD＂";"https://youtu.be/V4uts00YDeM";"Gracias, muy amable. Me siento muy honrado realmente de esta reunión a la cual asigno un valor muy especial y quiero agradecer a las personas eh y a las comunidades, autoridades, creyentes, a las espiritualidades que han permitido este encuentro que, repito, para mí es fundamental. Así que lo primero es decirles gracias desde mi corazón y también a los artistas, las y los artistas que escuché detenidamente y que por supuesto siempre nos llenan el alma con su música y su letra. He preparado unas cuantas palabras para hoy e que tienen que ver con mis convicciones más profundas y les he puesto el título de revolución ética y espiritualidad. Queridas compañeras, queridos compañeros, agradezco esta invitación de las autoridades religiosas eh y de las y los creyentes de todas las iglesias y espiritualidades que hoy se congregan en este encuentro. Quiero comenzar reconociendo el destacado papel que han desempeñado las iglesias y las comunidades de fe en las luchas por la paz, por la defensa de la vida, la dignidad humana y la democracia. Durante décadas cuando he visitado los territorios, siempre he encontrado que las angustias de las comunidades, las tristezas, los sufrimientos, eh el día a día difícil y azaroso de quienes más están sometidos a lo peor en este país, encuentra una luz de esperanza al lado de alguna comunidad que Siempre, a pesar de todo, a pesar de lo peor que esté ocurriendo, está al lado de la gente. Así que no es gracias por este encuentro, sino gracias por lo que hacen y por lo que son ustedes como realidad espiritual y democrática para Colombia. En los momentos más oscuros de nuestra historia reciente, cuando la violencia se ha presentado en forma extrema y cruel, muchas comunidades religiosas se han mantenido firmes en la defensa de la vida, en el acompañamiento en terreno a las víctimas, en la protección a personas perseguidas y en la búsqueda de caminos de reconciliación. No pocas religiosas y religiosos han ofrendado su vida en el desempeño de esas labores y a ellas y a ellos les rindo un homenaje sincero desde esta tribuna. Lo hicieron además desarrollando una tradición de resistencia no violenta basada en la palabra, en el diálogo, en la organización comunitaria y en la convicción profunda de que el amor y la justicia son más fuertes que el miedo y la fuerza física o armada siempre. Así que para mí el respaldo, el apoyo eh que recibo con mucha humildad por parte de ustedes para mí es fundamental y repito, lo agradezco enormemente. Es cierto, el país es de predominante tradición cristiana católica, pero en las últimas décadas, lo sabemos, se ha ampliado la presencia y la influencia de iglesias cristianas de tradición protestante, evangélicas y pentecostales por medio de la educación, proyectos sociales e incluso participación política. También hay que decirlo, el proceso constituyente y la promulgación de la Constitución Política de 1991, que reconoció por primera vez que somos una nación multiétnica y pluricultural, también nos abrió al universo de la libertad de cultos y creó las condiciones para que empezaran a emerger manera pública, cada vez con mayor fuerza los pueblos pueblos indígenas y afrodescendientes con sus propias tradiciones y espiritualidades también. Así que sin duda asistimos en Colombia a un escenario cada vez más plural en el mundo religioso y lo que es tal vez más significativo y tal vez más importante a un diálogo ecuménico cada vez más frecuente, intenso y fructífero. Es más, yo diría que a un diálogo que es todavía más democrático e incluyente, que es el diálogo entre el mundo de los y las creyentes y el mundo de las y los no creyentes, lo que tiene un valor que para mí es indudable en la construcción de la paz, de una comunidad, de una nación y, por supuesto, en últimas de la humanidad misma. Si esa es la realidad, entonces, ¿cuál es el papel que considero ustedes pueden y deben jugar hoy en el país o simplemente expresarlo y reafirmarlo como lo que ustedes mismos saben y hacen? En el recorrido que vengo haciendo por nuestro país, he insistido que en Colombia necesitamos con urgencia una revolución ética. Es el fundamento de mi campaña. Es el núcleo básico principal de lo que creo y lo que defiendo en este proceso electoral. Esto debido a la profunda postración moral. causada por décadas de violencia, del desprecio sistemático de la vida humana y de la vida en general, el desprecio sistemático y el odio incluso de quienes viven en la pobreza, del patriarcado, del racismo y la depredación de la naturaleza. una revolución pacífica pero radical que no se limite a denunciar estas formas de deshumanización, sino que transforme de raíz nuestras conciencias individuales y colectivas. Una revolución que nos lleve hacia una nueva cultura política y social profundamente sensible hacia la vida, hacia el sufrimiento de los demás. y también hacia el respeto y la promoción de la dignidad de los demás, de las y los demás. De esta postración moral, por supuesto, considero que hace parte una severa crisis de espiritualidad en nuestra sociedad. También creyentes o no creyentes que seamos, todos los seres humanos necesitamos una dimensión espiritual que consiste en reconocer que hay una verdad o un conjunto de verdades que nos trasciende, que nos trasciende en nuestra vida y que entra en un dominio que es para todas y todos nosotros. tan a veces enigmático que merece un profundo respeto y sobre todo una profunda apertura de conocimiento y humildad. La búsqueda de ese sentido y de esa trascendencia da sentido a nuestra vida como seres humanos. Cuando una sociedad pierde esa curiosidad, esa necesidad de buscar lo espiritual y se encierra en el niilismo y en la lógica del consumo que reduce la vida al tener y no al ser. Al acumular y no al pensar, comienza lo que llamo su postración moral. La crisis ética que vivimos es también una crisis espiritual. es el cierre de toda posibilidad de pensamiento trascendente, de toda pregunta por el propósito que nos rige para estar aquí y por la dignidad que merecemos cada uno de nosotros y en general quienes son nuestros congéneres. Por eso la revolución ética que proponemos no es un simple ajuste normativo, no es tampoco simplemente una pregunta formal, sino un llamado a mirar más allá del inmediatismo, del individualismo, del egoísmo, del consumismo, a reconocernos parte de un mundo común y de un horizonte que supera nuestro propio interés. Solo así podemos construir y reconstruir el sentido de comunidad y devolverle profundidad a lo humano y a nuestra vida como especie, como género y a nuestra vida colectiva en general. No podemos seguir en la espiral de la mentalidad que justifica la desigualdad, el sufrimiento humano y la destrucción de la naturaleza. Es decir, no podemos continuar en la inconsciencia, lo voy a decir con toda claridad, neoliberal, que es la base de la degradación moral de nuestra sociedad y del planeta, que, como ustedes saben, hoy está en crisis y en peligro profundo. Por eso considero que la espiritualidad religiosa, o mejor que las espiritualidades religiosas están llamadas a ser parte y no cualquiera de la revolución ética. En nuestro tiempo crece la necesidad de que las espiritualidades y las visiones religiosas sean respetadas, valoradas y consideradas como parte de la vida. de la historia y de la cultura de nuestra nación y del mundo en general. Su parte y su papel es esencial para lograr el respeto de los derechos humanos, la reconciliación en una sociedad que está atravesada por los odios profundos y además por la necesidad de la convivencia en paz, el desarrollo de la solidaridad humana, el fin de las violencias y de las guerras, el fin del miedo y la aversión hacia los demás seres humanos. Las religiones no deben ser instrumentalizadas para fomentar guerras, odios y exclusiones de los seres humanos, y mucho menos para justificar la depredación de la naturaleza. En Colombia, lo sabemos, la Constitución de 1991, en su artículo 19 consagró la garantía de la libertad de cultos, estableciendo que toda persona tiene derecho a profesar libremente su religión, a difundirla de manera individual o colectiva. Además, todas las confesiones religiosas e iglesias son consideradas igualmente libres ante la ley, sin que exista una religión hegemónica u oficial del Estado. Este reconocimiento constitucional ha permitido el desarrollo de leyes, convenios para que iglesias, confesiones religiosas, espiritualidades desarrollen su identidad de manera libre. y contribuyan al bienestar educativo y social en muchas comunidades para que acompañen la resistencia que hace nuestro pueblo en condiciones difíciles en distintas circunstancias ahora e históricamente. De acuerdo con esto, es necesario seguir creando condiciones favorables para que las iglesias y comunidades de fe continúen aportando con su labor educativa y de inclusión social y para convertir a Colombia en un país en paz, reconciliado y democrático, no solamente desde el punto de vista político y social, sino también espiritual. Así que, mujeres y hombres de fe, vengo a comprometerme con ustedes en que como futuro jefe de Estado garantizaré garantizaré y promoveré la libertad de cultos y creencias en la sociedad colombiana. Lo haré no solo como un acto formal de cumplimiento de mis deberes constitucionales. Lo haré porque tengo la firme convicción de que el papel esencial de las espiritualidades debe deben cumplir también como parte de la revolución ética y lo que es llamado el gran diálogo nacional. Colombia necesita reconciliarse. Sueño con un país como todas y todos ustedes seguramente lo hacen, donde la otra persona, el otro se ha visto como un don y una responsabilidad, donde proteger el tejido social, incluidas las familias, las comunidades territoriales, sea para cada uno de nosotros y de nosotras un imperativo ético donde niños, niñas, mujeres personas mayores, comunidades, víctimas, liderezas y líderes sociales puedan vivir sin miedo, donde la vida humana no sea un negocio. La política pública de libertad religiosa y de cultos debe ser un instrumento democrático para garantizar derechos y promover el diálogo social. No una plataforma electoral ni un espacio para repartir favores políticos. Por supuesto, invito a las iglesias, a las comunidades de fe, a las espiritualidades diversas y a todas las personas creyentes, a que caminemos juntas y juntos por este camino de reconciliación, diálogo nacional y revolución ética. Por eso, respetuosamente, les hago la invitación a votar el próximo 8 de marzo. Esta es una parte un poquito ya más terrenal. por nuestras listas a Senado y Cámara de Representantes, listas del pacto histórico, a no pedir ningún tarjetón de consulta y a votar masivamente por mí eh este 31 de mayo para ser elegido como el próximo y segundo, segundo presidente progresista en nuestra historia repúblic después de nuestro querido compañero presidente Gustavo Petro Urrego. Y voy a citar a Martin Luther King, pero estoy seguro que otro gran hombre religioso que aquí ha sido nombrado, Camilo Torres, diría lo mismo. Decía el reverendo Martin Luther King Jor que el amor es el instrumento más potente en la búsqueda de la paz y de la seguridad. Ese amor se expresa en obras, en la atención a las víctimas, en la educación, en la acción humanitaria, en el acompañamiento espiritual, en la defensa del liderazgo social. Las iglesias y comunidades de fe tienen la experiencia, el conocimiento, pero sobre todo la sensibilidad y la humanidad necesarias para contribuir sustancialmente a ese objetivo que es un objetivo de nuestra patria. Muchas gracias por estar aquí.";"1931"
"8sJQTMLc46w";"20260305";"POR LOS ANIMALES Y EL AMBIENTE";"https://youtu.be/8sJQTMLc46w";"Un abrazo a todas las personas, organizaciones, movimientos que defienden la vida y la dignidad de otras especies de los animales que son parte de nuestra realidad como ecosistema. Quiero dedicar hoy estas palabras a mis tres perritas. Chao, chao, que me han acompañado desde hace 15 años, que son mis compañeras fieles y leales en los buenos y sobre todo en los malos momentos. Y sé que todas y todos ustedes saben de qué estoy hablando. Le dedico estas palabras a Raiza, a Mulán y a Micaela. por los animales y por la justicia ambiental. Queridas compañeras y queridos compañeros, saludo a las organizaciones que desde hace décadas libran una lucha y una labor paciente por los derechos animales, que gracias a su perseverante labor han venido logrando un reconocimiento en la sociedad colombiana y el despertar de nuestra conciencia. sobre el valor de la vida de los animales que han denunciado la visión utilitaria sobre ellos y han permitido entender cada vez mejor el lugar que deben ocupar en un mundo sensible a nuestra realidad como ecosistema. Gracias a esa labor han comenzado a transformarse las leyes y se ha puesto a los animales como parte del centro de la discusión de la sociedad colombiana en torno a lo que yo he llamado una revolución ética, un cambio de conciencia fundamental en nuestra sociedad sobre la vida, sobre los demás, sobre la necesidad de proteger el planeta. Hemos afirmado que el pacto histórico es una fuerza política y un proyecto para la vida. Estamos para proteger el planeta, su riqueza natural, su biodiversidad y todas las especies ricas y diversas que pueblan este mundo a lo largo de la historia, pero con especial capacidad devastadora. En esta etapa intensa del capitalismo, que se ha llamado la etapa o el modelo neoliberal, el ser humano ha destruido a su propia especie. Hemos tenido una destrucción o autodestrucción genocida de pueblos enteros. Pero además el ser humano ha venido destruyendo la casa común con la explotación implacable, el progresivo agotamiento de los recursos indispensables para el sostenimiento de la vida en el planeta. Y de esa devastación ha sido parte, por supuesto, el exterminio de las especies animales. Así como el ser humano ha provocado el genocidio en la historia, también ha provocado el ecoscidio. Ha cazado y pescado en masa, animales, en desarrollo de su empresa de colonización y explotación y misericordia. de la naturaleza hasta agotar y comenzar a agotar especies enteras. Ha concebido a los animales como materia prima, mercancía y bienes de consumo. Ha domesticado para cumplir labores exigentes a especies animales. Las ha instrumentado para su diversión, lujo o simple comodidad. Esa destrucción de las especies incluye a los microorganismos que son indispensables para el equilibrio de los ecosistemas. Conforme ha evolucionado la ciencia y la tecnología, la intervención humana en los ecosistemas es cada vez más omnipresente y deja efectos lamentablemente cada vez más dañinos e irreversibles, como lo advirtió el sabio Papa Francisco en su gran encíclica Laudacio. Sí. Mirando el mundo, advertimos que este nivel de intervención humana, frecuentemente al servicio de las finanzas y del consumismo, hace que la tierra en que vivimos en realidad se vuelva menos rica y menos bella, cada vez más limitada y gris, mientras al mismo tiempo el desarrollo de la tecnología y de las ofertas de consumo siguen avanzandose. sin límites. En Colombia, uno de los países que afortunadamente habitamos con mayor biodiversidad del planeta. En los últimos 20 años 760 especies, óigase bien, de animales se encuentran en peligro de ser extinguidas. Entre ellas figuran especies emblemáticas, como por ejemplo el jaguar, el oso de antiojos, el titica Vecíblanco, la tortuga care y la rana dorada. Este riesgo se explica por las presiones ambientales que se han intensificado en estas décadas neoliberales. deforestación acelerada, la expansión de la frontera agrícola y ganadera, una por obla del desplazamiento forzado, otra por la acumulación de tierras que son improductivas, la contaminación de los ríos que causa la minería ilegal, el tráfico ilegal de fauna silvestre que captura miles de animales cada año para comercio clandestino. hace 4 años bajo la conducción de nuestro digno presidente Gustavo Petro Urrego y con la presencia de congresistas como Esmeralda, hay que decirlo, como Isabel, Cristina y otras, esa historia ha empezado a cambiar en Colombia. Nuestro gobierno progresista le ha dado una prioridad al cuidado de la vida en todas sus expresiones. Se puso en el centro del debate público la preocupación por un tema que no podía seguir siendo soslayado como lo hizo la extrema derecha por décadas. El problema del cambio climático, de sus efectos, de sus consecuencias que son irreversibles también para Colombia, la destrucción de la Amazonía, la desecación de los ríos, lo que está ocurriendo con los subsuelos, lo que está ocurriendo con la biodiversidad no solamente animal, sino forestal del país. Consideramos profundos debates que van desde el inicio de la necesidad de una transición energética hasta la prohibición de espectáculos que son degradantes, en primer lugar para los animales, pero que también degradan a los seres humanos, que son realmente espectáculos de tortura y se vicia contra seres inermes. Luego de décadas también que viva Luego de décadas de lucha del movimiento organizado que ustedes han encabezado, logramos salir de la vergonzosa lista de los ocho países en el mundo donde todavía la tauromaquia se considera como un espectáculo público que enriquece y divierte a la ciudadanía. Pero además, gracias a esta iniciativa que fue autoría del pacto histórico, la Corte Constitucional la ha completado con decisiones que son de la mayor importancia y que atañen también a otros espectáculos de esta naturaleza. logramos reducir por primera vez en mucho tiempo de una manera tan significativa. La deforestación ratificamos después de luchas bastante álgidas en el Congreso, el acuerdo de Escasú. sacamos adelante la ley de humedales, también parte de un proyecto de cambio legislativo autoridad de nuestra bancada y también la deuda histórica para la protección del 30% del territorio nacional que son los humedales y páramos. reconocimiento a los animales como sujetos de atención del sistema nacional de gestión de riesgo y de desastres y también la posibilidad de abrir otras reformas esenciales en materia de la protección de la vida. Por eso ahora, queridas compañeras y queridos compañeros, no podemos retroceder en lo que hemos ganado y por lo tanto les proponemos sellar un pacto por la vida para el segundo gobierno progresista que vamos a elegir en las próximas elecciones. Amigo, el pueblo está contigo. Vivo, el pueblo está contigo. Presidente siempre se espera presidente. Se vive siempre siente se espera presidente. Necesitamos profundizar la transición energética, acelerar la incorporación de energías renovables, no convencionales y dinamizar las economías verdes. Cumplir y superar el compromiso de reducir el 51% las emisiones de gases efecto invernadero al 2030. Necesitamos el control y la disminución de la ganadería extensiva y necesitamos discutir si modelos como el de la ganadería silvo pastoril pueden ser sostenibles y reemplazar y sustituir la ganadería extensiva. Claramente nuestra posición es en esto vertical y no negociable. No vamos a practicar el fracking, por mucho que quieran convencernos de que el fracking es benéfico para el país y para los ecosistemas. Tampoco permitiremos la fumigación indiscriminada del glifosato a través de la aspersión aérea. Vamos a fortalecer la protección, por supuesto, de las liderezas y los líderes ambientales, cuya vida se arriesga por defender la naturaleza y el agua en muchos territorios del país. Vamos hacia la generación de comunidades energéticas en barrios populares y zonas rurales. Necesitamos el impulso de un plan nacional de restauración ecológica, de reparación de la naturaleza, de reparación de las comunidades en los sitios donde ha habido riqueza natural y mineral que han sido gravemente sometidas por la violencia. Necesitamos la expedición urgente del código minero que haga regular la intervención de la explotación de nuestros recursos mineros. Necesitamos avanzar en el diseño y puesta en marcha de un programa nacional de reconversión laboral para los sectores taurinos, galleros, corralejeros y de las mangas de coleo, porque somos sensibles también a su situación laboral después de las leyes que han sido adoptadas y no los vamos a dejar solos. Necesitamos el fortalecimiento y puesta en marcha de una política pública de derechos animales, de reorganización del funcionamiento efectivo del sistema nacional de protección y bienestar animal. Necesitamos avanzar con el diseño y puesta en marcha de un programa nacional e integral de sustitución de los vehículos de tracción animal, el reconocimiento constitucional de los animales como sujetos de derechos. Sí, señoras y señores, la educación climática y ética en materia de preservación de los ecosistemas y de una cultura interesespecie dentro de las de los sistemas de educación en todos los niveles, tanto básicos como medios como superiores. Necesitamos la creación del Observatorio de Bienestar y Protección Animal, la creación de un viceministerio de derechos animales, por supuesto. Y un planteamiento importante, compañeras y compañeros, como parte de la transformación de los territorios, estamos preparando una propuesta para un desarrollo científico y del conocimiento puesto al servicio del desarrollo territorial. Necesitamos que la geología, la biología y otras ciencias comiencen a poder transformar nuestros territorios y que la ciencia esté a favor de la protección de la vida y no de su destrucción. Iancho amigo. Compañeras y compañeras Iancho. El primer gobierno que estamos concluyendo, como dije, liderado por nuestro compañero presidente Gustavo Petro, inició un proceso esencial para la sociedad colombiana, que es la transformación de nuestra sociedad en una sociedad que reconoce la justicia ambiental como parte de la justicia social. Y también, como lo dijo Esmeralda, que sin paz con la naturaleza no habrá paz en medio del conflicto armado y de la convivencia entre los seres humanos. La paz es un concepto integral. Así que como futuro jefe de estado, me comprometo con ustedes, no solo a continuar esta acertada orientación de nuestro primer gobierno, sino además a consolidarla y a profundizarla de manera que nuestro país, como lo hemos dicho, se convierta en una potencia internacional. primero y después mundial de la vida. Para eso les hago una cordial invitación a pocas horas de que se abran las urnas el 8 de marzo a votar masivamente por nuestras candidatas y nuestros candidatos a Senado y Cámara. Es fácil, basta marcar con una X el logo del pacto histórico, no recibir el tarjetón de las consultas presidenciales y reservarse para otro momento. Solochón esta porque les quiero hacer una propuesta además de estas. El costo de la segunda vuelta presidencial está calculado más o menos en un billón de pesos. Yo les propongo lo siguiente, ahorrarlo, que ganemos fulminantemente en primera vuelta y que ese millón lo destinemos a educación y salud a las comunidades que más lo requieren como parte de nuestro programa de austeridad republicana. Así que vamos a triunfar y tendremos una representación parlamentaria que seguirá defendiendo la vida y los derechos de los animales en el Congreso porque seremos mayoritarios. Un abrazo y muchas gracias, compañeras. Gabriela quiere que suscribas el pacto. No sé si puedes. Yo también le doy la palabra toma. Vive, se siente, se peda, presidente, se vive, se siente, sea presidente, se vive, se siente, se peda, presidente. Un aplauso para nuestro próximo compañero presidente de la República, Iván Cepeda Castro. Buenas tardes a todos y a todas. E y Iván, quiero aprovechar que estás aquí para pedirte, bueno, para hablar en nombre de mi generación y pedirte que no dejes de poner la vida en el centro de cada decisión como lo has venido haciendo hasta ahora. Que la protección y la defensa de los animales, los ecosistemas y las personas siga siendo tu prioridad. Y también te quería dar este pequeño detalle, eh, no como símbolo de marketing, eh, sino como eh como una muestra de protección animal y de rechazo al sufrimiento de los animales como entretenimiento. E y para que firmes esto, temáticas toma. Se siente, se peda, presidente, se vive, se siente, sea presidente, se vive, se siente, se peda, presidente y será nuestro presidente y presidente. Muy bien.";"2036"
"BTrsBqPs8bY";"20260306";"＂POR LA PROSPERIDAD DE LA TIERRA DEL VIENTO＂";"https://youtu.be/BTrsBqPs8bY";"estaba escuchando en las redes sociales a un temeroso, nervioso, desgastado y resentido jefe de la extrema derecha llamado Álvaro Uribe Vélez. Decir que estamos recorriendo los territorios, dice que para promover el terrorismo. No ha cambiado Uribe en estos años. sigue calumniando al pacto histórico, pero a nosotros ya no nos para nadie. Queridas compañeras y queridos compañeros, somos la principal fuerza política que hay hoy en Colombia y el domingo lo vamos a demostrar con creces en las urnas. He preparado para este acto multitudinario que agradezco por su numerosa presencia en este recinto, el discurso número 74. Hemos llenado 74 plazas, grandes plazas, recintos auditorios con miles de personas en esta campaña. Y el discurso que quiero pronunciar se titula así, por la prosperidad de la tierra del viento. Queridas compañeras y queridos compañeros, en este acto, el número 74 que realizamos en todo el país en esta campaña, quiero comenzar saludando fervientemente las luchas sociales y políticas del pueblo del agua gira. En primer lugar, por supuesto, desde las rancherías, la resistencia del heroico pueblo guayú, defendiendo su territorio, su cultura y su derecho a la vida. También saludo las comunidades afrodescendientes, al campesinado del sur que se esfuerza por sacar adelante sus cosechas. A la juventud saludo especial que quiere estudiar, trabajar y no dejar el territorio. las mujeres guajiras, quienes día a día cuidan hogares y comunidades. Aquí el pueblo no se ha resignado a los problemas. Quiero destacar a quienes han defendido el río Bruno, han enfrentado el modelo extractivista, han denunciado el desvío de los cauces y el agotamiento del agua. Aquí también los trabajadores de Cintra Carbón, a quienes saludo desde esta tribuna, el sindicato del complejo minero de la empresa Cerrejón, han luchado durante años por sus derechos sindicales y laborales que solamente hasta este gobierno que presiden nuestro compañero y presidente Gustavo Petro, a quien saludamos desde aquí. se han comenzado a materializar seriamente. Aquí se realizó el paro cívico en 2016 contra las redes de corrupción que han saqueado las regalías contra el abandono del Estado. Todas esas luchas, compañeras y compañeros, que a veces aparecen libradas en condiciones tan difíciles que pareciera que no tienen resultados en un primer momento, están fructificando. Hoy el pueblo colombiano ha aprendido a movilizarse, a defender sus conquistas y a impedir que le quiten lo que ha ganado en la lucha social. La Guajira no ha sido territorio pobre, ha sido un territorio que han empobrecido históricamente los políticos y las decisiones políticas. Y por eso, gracias a las luchas que han hecho ustedes, indígenas, sindicalistas, organizaciones sociales, hoy el país reconoce que el agua gira no puede seguir siendo tratada como tierra del olvido. Durante estas últimas décadas. En mi condición de defensor de derechos humanos y también de congresista, primero en la Cámara y el Senado, he acompañado muchas de esas luchas. He admirado la resistencia de los pueblos de la Guajira. Ahora en mi condición de futuro, segundo presidente de la República de carácter progresista, como sucesor de nuestro compañero Gustavo Petro, vengo aquí a comprometerme con ustedes. Sea, seá. Sea, sea, sea, sea, sea. Vengo aquí a comprometerme con ustedes en que juntos vamos a construir un futuro mejor para la Guajira. No les quea duda de eso. La Guajira es la tierra del viento, también del mar y del sol. Pero durante años comunidades enteras han tenido que depender de jagüeyes o carrotanques para acceder al agua. Y todavía hay comunidades en este territorio que no tienen luz. en sus viviendas. Esta tierra dotada de inmensa potencialidad de desarrollo ha padecido la maldición del saqueo de la corrupción, del robo de las regalías promovido por los clanes políticos que vamos a derrotar el próximo domingo en las urnas. A pesar de recibir cuantiosas regalías en esta última etapa, desde el 2012, pedí el dato, esta mañana, se han entregado 6 billones de pesos a la Guajira. ¿Dónde están esos billones de pesos? Pregunto yo. ¿Cuántas obras se han entregado? ¿Cuántos caminos? ¿Cuántas carreteras? ¿Cuántos acueductos? ¿O se los han robado? Díganme ustedes, esta tierra, repito, dotada de inmensa potencialidad de desarrollo, merece un futuro próspero, radiante. Pero antes de reconocer lo que ha hecho este gobierno para eso, lo primero que debo hacer estando aquí y en esto debo ser categórico, no puedo dejar de reconocer que la corrupción estructural que corroe buena parte de nuestras instituciones bajo nuestro gobierno tuvo el mal de que se atravesó esa corrupción para impedir que llegara el agua a muchas comunidades. El señor Olmedo López y una camarilla que está siendo investigada y juzgada en buena hora es el responsable de esos hechos y aquí vengo a reconocerlo ante ustedes y decirles que nunca más corrupción en la Guajira. Nos duele, no pasará, no pasará. Nos duele y avergüenza que nuestro propio gobierno, como lo ha dicho el presidente Petro, hayan ocurrido hechos como los que involucraron al señor Olmedo López y algunos otros funcionarios. Ellos se robaron el bien más preciado para las comunidades en este territorio, el agua potable, quien toca los recursos de los más vulnerables, quien le arrebata el agua a la sed de las comunidades de la Guajira y en primer lugar a sus niños y niñas, no tiene otro nombre que el criminal y ojalá lo juzguen y sobre él caiga todo el peso de la ley. Por eso que se oiga muy claro aquí. Quiero que esta parte allá con mi clon. Que se oiga bien lo que voy a decir. Mi compromiso con el pueblo del agua gira comienza por decirles que como el segundo presidente progresista de nuestra historia republicana, haré todo lo necesario para acabar con los Olmedos. Lo he anunciado con toda claridad. Bajo nuestro segundo gobierno habrá un combate a fondo, radical contra la gran corrupción que permite que los políticos, los clanes mafiosos se queden con los recursos que son del pueblo. Y por eso les hago la invitación a una rebelión ciudadana contra la gran corrupción, que no se hará desde las oficinas de Bogotá, sino que la haremos aquí en el territorio. Que nos oigan. Vamos a enfrentarnos a quienes saquean las regalías. Vamos a derrotar el pueblo estáo. El pueblo está Vamos a derrotar a quienes se roban los recursos, a quienes viven de los dineros que son para la educación, la salud y el agua potable. Vamos a enfrentarnos a la gran corrupción y la vamos a derrotar, compañeras y compañeros. Eso es lo que va a ocurrir en nuestro segundo gobierno. Hay que decirlo, nuestro gobierno, a pesar de situaciones como la que acabo de mencionar, ha avanzado en las reformas sociales. es el primero que ha entregado tanta tierra a los campesinos y a las poblaciones rurales. Aquí en la Guajira más de 7000 hectáreas han sido entregadas y más de 17,000 han sido tituladas para que la gente pueda recuperar las tierras que le fueron despojadas. Aquí nuestro gobierno invirtió efectivamente 2 billones de pesos para crear la facultad, la primera facultad pública de medicina en la Universidad de la Guajira en Uivia. Aquí en la Guajira estamos invirtiendo para dotar el sistema hospitalario con los recursos, con los aparatos de examen, de radiografía, de tratamiento médico para garantizar que las comunidades tengan acceso a la salud en buenas instalaciones médicas. Entonces, lo que ahora corresponde, compañeras y compañeros, es mantener el curso de los cambios que estamos haciendo. Les propongo 10 acciones para el próximo gobierno que vamos a elegir. Primera, mediante un plan integral vamos a articular diversas soluciones al problema del agua potable. Acueductos comunitarios, molinos, plantas desalinizadoras. Garantizar que en la Guajira no quede una sola comunidad que no tenga pleno acceso al agua potable. Es una meta necesaria e imperativa. Segunda acción, mejorar y expandir las vías terciarias para conectar todos los rincones del departamento y poder hacer que circulen los productos agrícolas y agropecuarios a los mercados. Tercera, convertida la Guajira en el epicentro, no solamente de la costa Caribe, sino del país, de la energía eólica y solar. Aquí existe condiciones para ello, compañeras y compañeros. Impulsar, en cuarto lugar comunidades energéticas que permitan que en la zonas rurales y en las zonas periféricas urbanas pueda haber acceso a la energía eléctrica. Quinta, fortalecer el acceso a la educación básica media y a la educación superior para que la juventud de la Guajira pueda participar con el conocimiento y la ciencia en la transformación del territorio para el bien de todo el pueblo guajiro. Presidente la vuelta. Vamos a fortalecer la Universidad del Pueblo Guayú para que los jóvenes también de los pueblos indígenas puedan educarse en su sistema de conocimiento y de visión del mundo. Vamos a garantizar el fortalecimiento y la reforma del sistema de salud e implementar el sistema indígena de salud propio e intercultural. Séptimo, vamos a hacer que la reconversión de las energías por de las energías tradicionales a las energías limpias no signifiquen desempleo para los trabajadores que hoy están en la explotación de la minería. Noveno, vamos a cuidar las regalías, compañeras y compañeros. Esos dineros no son de los políticos, no son de los funcionarios, son los dineros del pueblo y son para el pueblo. Vamos a cuidar cada peso de las regalías. Y por último, como lo dije, vamos a avanzar en la lucha, en la lucha a muerte y la vamos a ganar contra la gran corrupción. Que se tengan los corruptos de la Guajira, porque vamos por ellos. Compañeras y compañeros, al pacto histórico que decía es la principal fuerza política en el país, han intentado obstruirle su camino electoral de múltiples formas. Querían impedir que tuviéramos la personería jurídica como movimiento político. Solamente hasta hace unos días la Colombia humana se hizo parte oficialmente del pacto histórico. Han hecho todo tipo de campañas contra nuestro compañero presidente Gustavo Petro. Se le ha intentado difamar. descalificar, deslegitimar, pero nada de eso ha servido, porque en las encuestas el presidente Petro ostenta un alto índice de popularidad. La gente del pueblo lo quiere. A mí mismo me han hecho toda clase de campañas. No me permitieron participar en la consulta que se va a llevar a cabo el domingo y por eso decimos que no hay que votar la consulta. Atención a eso. A pesar de todo, a pesar de que sabemos que están en este momento en operaciones para comprar los votos de la ciudadanía, que la gente no va a vender su voto, que la gente no se va a dejar sobornar y va a votar por las listas del pacto histórico a la Cámara de Representantes y al Senado. A eso los invitamos. el domingo a que muy temprano, masivamente, marcando una X en el tarjetón de Cámara y otra en el tarjetón del Senado, elijamos una amplia y poderosa bancada en el Senado de la República y en la Cámara de Representantes para legislar a favor del pueblo colombiano. Les invito a que cuando concluya la votación cada uno sea testigo electoral. Vayamos a las urnas y nos aseguremos que no van a ser sustraídos o robados nuestros votos. Pido que se registre el mayor número posible de personas como testigos del pacto histórico en las mesas electorales el próximo domingo. Y por último, yo les hago una propuesta. La segunda vuelta a la elección presidencial se calcula se calcula que cuesta un billón de pesos. Entonces yo les propongo que nos ahorremos ese dinero, que ganemos en primera vuelta y que ese billón de pesos se dedique a la educación y a la salud de las comunidades que más lo necesitan. Así que la vuelta es en primera, me dicen aquí. Vamos a triunfar en primera vuelta. Que viva el pueblo de la Guajira, compañeras y compañeros. Que viva la tierra de los vientos y que viva el pacto histórico. Levanten la mano ya. Levanten la mano para que todos vean la ola. Para que todos vean la ola. La ola del pacto.";"2016"
"vKyls3jTtaI";"20260309";"DISCURSO DE IVÁN CEPEDA - RESULTADOS PACTO HISTÓRICO ELECCIO";"https://youtu.be/vKyls3jTtaI";"Arriba, arriba Iván Cep, presidente. El pueblo está contigo, Iván. Amigo, el pueblo está contigo. Amigo que está con Que viva el pacto histórico. Que viva Iván Cepeda presidente, que viva. En primera. Es primera, primera, en primera, primera, primera. Gracias. Queridas compañeras y queridos compañeros, yo pediría que nuestros candidatos que ya van dejando de serlo suban aquí a acompañarnos todas y todos, todos juntos. candidatos, por favor, nuevos miembros de nuestra bancada poderosa del Congreso, dirigentes del Pacto Histórico, por favor, en su diversidad. Claro, apagaste este por si acaso. Ah, cumpleaños doble celebración. Bueno, ya estamos perfecto. Primera, en primera, en primera. Quiere más calercito humano. ¿Cómo más calorcito human? Queridas compañeras y queridos compañeros, el resultado que estamos comenzando a apreciar en toda su magnitud y que pedimos sea objeto de riguroso escrutinio y observación porque está en curso. muestra sin lugar a dudas que lo que hemos sentido en el país, lo que hemos vivido en el país, se confirma hoy en las urnas y en las mesas de votación. Somos la principal fuerza política de Colombia, la más influyente y la que cuenta con la bancada hoy por hoy más numerosa en el Senado y en la Cámara de Representantes. Este triunfo no nos pertenece a nosotras y a nosotros, pertenece al pueblo colombiano que decidió confiar en el camino del cambio político y social. La razón de este respaldo es sencilla. Hemos sido fieles al pueblo. Hemos cumplido en alto grado nuestro programa de gobierno y a pesar de los obstáculos, a pesar de las resistencias y de las dificultades, hemos puesto siempre por delante la vida, la dignidad y los intereses de la gente. Por eso la gente nos quiere y nos ha respaldado en las urnas en el día de hoy. Nuestro propósito ha sido avanzar hacia una Colombia donde la pobreza y la desigualdad no sea el desolador destino de millones de nuestros compatriotas. Hemos demostrado que el cambio social no es enemigo del progreso económico, que cuando disminuye la pobreza, el país crece. Cuando aumentan los salarios de las trabajadoras y los trabajadores, crece la productividad y se fortalece la economía. Cuando el Estado atiende a los adultos mayores que han trabajado toda su vida y hoy viven en condiciones indignas, gana toda la sociedad. Hemos demostrado que es posible gobernar para transformar. Somos el gobierno de la reforma agraria, de la reforma laboral, de la reforma pensional. que dignifica el trabajo, que dignifica a los adultos mayores, que dignifica al pueblo que está en nuestro corazón y en nuestras preocupaciones de todos los días. Compañeras y compañeros, hoy comienza nuestro segundo tiempo. Con una bancada fuerte y comprometida, iniciaremos una nueva etapa de transformaciones. Profundizar los cambios, se lo decimos a nuestros adversarios, no es ningún extremismo, ni significa dividir al país, significa hacerlo apenas más justo, más próspero y más humano. Significa avanzar hacia el ideal de convertir a Colombia en una potencia mundial de la vida. una potencia agroalimentaria y biodiversa, un país donde las regiones más olvidadas dejen de ser enclaves del narcotráfico y se conviertan en territorios de desarrollo con agua potable, energías limpias y vías terrestres fluviales y férreas que conecten la economía campesina con los mercados del país y del mundo. Y en el corazón de esta nueva etapa, que no quea duda, estará nuestra lucha decidida contra la gran corrupción. No habrá tregua, lo anuncio y se me debe creer que lo estoy diciendo en serio. Contra quienes saquean el presupuesto público, contra quienes desvían recursos de la educación, de la salud o de las víctimas para enriquecer a pocos o alimentar redes criminales. a los corruptos del país. Los estamos notificando desde ahora. Nuestra lucha será firme e implacable. Promoveremos la rebelión ciudadana contra la gran corrupción y haremos de la austeridad republicana una norma del servicio público. Esta noche le decimos al pueblo colombiano que estamos listos para el segundo gobierno progresista. Un gobierno para servir, para garantizar la justicia social y para construir la equidad que es la base de la verdadera paz y de la democracia. al presidente Gustavo Petro Urrego, nuestro reconocimiento y gratitud por su defensa consecuente del pueblo colombiano y de sus derechos. Petro, Petro, Petro, Petro, Petro, Petro, Petro, Pet. Y ahora con la fuerza de la victoria por el siguiente paso. El próximo 31 de mayo ganaremos la presidencia de la República en primera vuelta. En primera, en primera, en primera, en primera. en primera, en primera, en primera a nuestros comités de todo el país, a las organizaciones y movimientos sociales, a las comunidades en los territorios, a la ciudadanía, a cada ciudadana y ciudadano que ha hecho posible este triunfo. Les enviamos nuestro abrazo y nuestra gratitud. Esta victoria es del pueblo y el futuro de Colombia también lo será. Que viva el pacto histórico. Que viva. Que vivan nuestros senadores y senadoras. Que viva. Que vivan nuestras representantes y nuestros representantes a la cámara. Vamos por la victoria, compañeras y compañeros. Gracias. Gracias. Vamos en primera con 2 millones en Bogotá. 2 millones deos en Bogotá. Se quedó. Se quedó. Se quemó Univ. Se quedó. Picos, mande pico.";"869"
"jVt-RmAYi5E";"20260312";"INSCRIPCIÓN PRESIDENCIA Y VICEPRESIDENCIA IVÁN CEPEDA Y AÍDA";"https://youtu.be/jVt-RmAYi5E";"Quiero hoy saludar de manera especial, como lo acabo de decir desde mi idioma nasayug que hago presencia por invitación a la fórmula de la vicepresidencia de la República, de mi colega senador y presidente de la República, Iván Cepeda. Hoy represento esa memoria milenaria. Represento la lucha y la resistencia de los pueblos indígenas, los pueblos negros, campesinos, mujeres, estudiantes, jóvenes, niños y niñas, población diversa, todos quienes Hemos sido excluidos histórica y milenariamente. Nos despojaron del territorio, mataron y exterminaron los pueblos y dijimos que de la lucha al poder. Por eso hoy es el día que reafirmo, como lo dijeron nuestros ancestros y ancestras, es el tiempo de las mujeres, es el tiempo de la madre tierra y es el tiempo de los pueblos. decirles a ustedes que estamos por este proyecto político. a mi saludo a quienes han construido desde las distintas luchas, miradas y esfuerzos colectivos, comunitarios, populares, que esto lo habíamos soñado alguna vez. Hemos vivido la horrible noche, aún no ha cesado, pero sé que si seguimos caminando juntos y juntas desde la resistencia civil, desde la construcción de paz desde los territorios con las distintas iniciativas de paz. Por eso hoy saludo a la Guardia Indígena, a la Guardia Campesina, a la Guardia Cimarrona y muchas expresiones del cuidado de la vida y el territorio. Porque hoy también estamos aquí, hermano y amigo Cepeda. Vamos a seguir el legado de cuidar la vida. No solamente de los humanos, sino de los que aquellos gritan desde las selvas y las montañas, que la vida hay que cuidarla, porque el agua, el aire, la tierra, los animales, los bosques tienen vida. Y por eso invito a las mujeres, como es el tiempo nuestro, no nos vamos a agachar en nuestras apuestas de la verdadera inclusión, de la verdadera construcción de país y de caminar al lado de nuestros compañeros y nuestros pueblos. Porque llegó la hora de la continuidad de la transformación, porque ya lo veníamos haciendo y lo ha hecho este gobierno que hoy ha encaminado las transformaciones del país. Invito a la juventud para que caminemos al lado de la sabiduría de nuestros pueblos, de esta gente diversa que hoy nos representa porque nos debemos a ella. Invito a los mayores y mayoras que con su sabiduría nos guíen el camino, pero también nos escuchen y nos acompañen. Invito también a los medios de comunicación comunitaria y alternativa, porque ustedes son la voz de quienes no tienen voz. Y sé que parte de este camino es visibilizar nuestras potencialidades de la lucha, de la resistencia y de las conquistas. Pero invito también a los medios tradicionales a que transformar a Colombia no es replicar la mentira, el odio y la exclusión. Es transformarnos para caminar juntos y juntas. Invito también a los que están al lado nuestro para que no desfallezcamos en esa construcción colectiva del proyecto del cambio que ya empezó el camino al Congreso de la República que hoy fue elegido y fuimos elegidos. y elegidas. un ejemplo para el país, porque no tenemos que comprar votos ni ir a convencer a la gente. Hoy hay conciencia y ha despertado la gente y por eso vamos a tener una bancada representativa que será también la voz del pueblo. Y quiero invitar también a que tiene las distintas creencias. Yo soy indígena y en mis venas corre las raíces de nuestra ancestralidad. Acompañaré desde ahí porque ser esta fórmula no significa que voy a olvidar mi origen y mis raíces. y decirle a los que tienen otras creencias desde la oración, desde las distintas prácticas religiosas, acompáñenos para transformar este país y nos deben acompañar para que la vida florezca. nos deben acompañar para que algún día, si nosotros no lo alcanzamos a ver, que nuestros nietos y nietas tengan una Colombia bonita como lo somos, pero con mucho más libertad de expresión, pero también de caminar el territorio colombiano, Latinoamérica y el mundo. Hoy el mundo se desangra. Colombia tiene que ser el ejemplo para decir que si hay posibilidades de vida del diálogo. Los invito al diálogo. Invito también a la oposición. Seguramente desde su ideología y desde el caminar cada uno tenemos la la razón. No estoy invitando a que se indigenicen, estoy invitando que desde la diferencia cultural, política, religiosa, busquemos puntos de encuentro. Y el presidente Petro dijo, ""Los invito a ese gran diálogo nacional. Yo quiero ser ese puente junto a ustedes mujeres, junto a ustedes campesinos, comunidad negra. junta a esa sociedad que espera un cambio real. Y por eso traigo a colación nuestra lucha. La palabra sin la acción seguirá siendo vacía y nosotros con este proyecto político vamos a llenar esa acción diversa desde el poder constituyente, desde el pueblo que nos ha caracterizado caminar juntos y juntas. Decirles entonces, cuentan con una humilde servidora. Claro, nos han estigmatizado. Hoy decían que Aida Quilque estaba inhabilitada, ¿no? Porque vengo de los pueblos indígenas, de la autodeterminación, de esa lucha de la libertad que todos y todas soñamos. Entonces decirles que aquí estamos firmes para seguir caminando junto a Iván y a toda esta bancada de mujeres y hombres que seguiremos con el esfuerzo colectivo para dejar esa Colombia que todos necesitamos. Acompáñenos a caminar. Los que aún están pensando, los invito a que reflexionemos desde acá. Los que están dudando, decirles que no duden porque somos esa expresión auténtica y real y los que no creen también los respetamos. Y los que ya están caminando, caminemos con mucho más fuerza, con la sabiduría de la palabra y por eso vamos a seguir caminando la palabra en Minga por Colombia. Que viva el pacto histórico. Que vivan las mujeres, que viva. Que viva la juventud. Que viva. Que vivan los mayores y mayoras. Que viva, que viva la madre tierra, que viva, que viva Iván Cepeda, que viva y que viva yo. Gracias. Si y se peda, el cambio se queda. Y se peda, el cambio se queda. Y fue y se peda, el cambio se queda. Y se peda, el cambio se queda. Bueno, muchas gracias. nuestras disculpas por haberlos hecho esperar, pero como todo el pacto histórico, todo lo nuestro es luchadito, ¿no? Quiero leer unas palabras que tienen el siguiente título. Aía Quilcué Vivas. Queridas compañeras y queridos compañeros, nuestro agradecimiento en primer lugar a las colombianas y los colombianos. Nuestro profundo agradecimiento a nuestro pueblo. Gracias por el inmenso respaldo, apoyo y cariño a nuestro presidente Gustavo Petro Urrego. Gracias por el respaldo y el apoyo a nuestro proyecto político. Gracias a ustedes, el pacto histórico se consolida indiscutiblemente como la principal fuerza política de Colombia. De eso no hay duda. Gracias por el abrumador respaldo en las urnas a nuestras candidatas y nuestros candidatos al Congreso de la República. Ese respaldo masivo en los territorios a nuestras listas de Senado y de la Cámara, la alta votación obtenida en los grandes centros urbanos. Todo configura un mensaje claro y contundente. Somos la fuerza política más querida y respaldada por los colombianos hoy por hoy. Así lo expresaron en la movilización electoral del pasado domingo. Así lo hemos sentido y lo he sentido a lo largo de nuestra campaña electoral en todo el país. Hoy inauguramos una nueva fase de nuestra campaña, una fase decisiva para el futuro de nuestro país. Vamos por la disputa de la presidencia de la República con un gobierno cada vez con mayor respaldo popular. con nuestro proyecto, el pacto histórico que se erige en la principal fuerza política sin discusión, con una campaña presidencial cada vez más fuerte, cada vez más sólida, cada vez más cerca de obtener un triunfo como lo vamos a obtener contundentemente en la primera vuelta el próximo 31 de mayo. Aunque parezca increíble, en Colombia se requiere argumentar públicamente una decisión que a todas luces no solo es justa, sino profundamente honrosa. Quiero decir hoy algunas palabras para explicar una selección que no hace justicia a un pueblo, sino que nos honra como pueblo. Lo hago no para justificar una decisión que se defiende sola, sino como mensaje claro a la sociedad colombiana, a mi propia formación política, al pacto histórico y a nuestros aliados. No hemos tomado ninguna opción que merezca ser catalogada como un gesto de generosidad, misericordia o solidaridad. Por el contrario, somos afortunados en que los pueblos indígenas y una de sus más dignas representantes haya aceptado nuestra petición de convertirse en mi fórmula vicepresidencial. Bravo. Somos nosotros, no los pueblos originarios, quienes debemos agradecer. Y quiero explicar los motivos que me han llevado y han llevado al pacto histórico a hacer esta selección. proviene de tres razones fundamentales. La primera es la gran cultura, los principios éticos y la herencia de lucha que nos han legado los pueblos indígenas. La segunda concierne al significado que tiene el movimiento indígena la minga y el Consejo Regional Indígena del Cauca, CRIC, como movimiento social. Y por último, aunque tal vez debía ser lo primero, por quien es la figura social y política que nos dignifica hoy aceptando ser nuestra próxima vicepresidenta de la República, me refiero a nuestra querida compañera, senadora de la República y mayora, Aida Quilcué Vivas. Lo dije desde el comienzo de la campaña. No me siento ni mi ni me interpreto como jefe político que manda sobre una colectividad. Soy parte de un pueblo, uno de sus hijos y hoy en día soy un servidor del pueblo. Desde el comienzo lo afirmé con claridad. y no es parte de una retórica electoral. Soy defensor del principio que nos han inculcado precisamente los pueblos originarios. se debe mandar obedeciendo. Nuestros hermanos y hermanas mayores nos han enseñado que las autoridades no gobiernan como jefes que imponen una voluntad, sino como servidores de la comunidad. Los pueblos indígenas en su historia más reciente llevan siglos de resistencia. Han sido blanco de genocidios, saqueos de sus territorios, intentos por acabar sus culturas, estrategias de colonización y dominación. Su sabiduría ha consistido en resistir estas centenarias persecuciones y con una inagotable generosidad volverse a levantar una y otra vez de la adversidad y del desastre y volver a reconstruir sus territorios. Así resistiendo centenariamente, han preservado a lo largo de la historia sus comunidades y sus familias, su lengua, sus instituciones, su territorio, su justicia y su visión del mundo, que es necesario decirlo, es superior a la superficial visión neoliberal. que piensa y pregona que el planeta Tierra es simplemente una morada transitoria del ser humano. A diferencia de esa visión pragmática y superficial, repito, nuestros pueblos nos enseñan que la tierra es la madre que nos ha dado la vida como especie en el universo. Esa grandeza espiritual, moral e intelectual de los pueblos indígenas los hace indispensables a la hora de considerar un proyecto de futuro para Colombia y para la humanidad. Me asombra escuchar la pregunta simplista, incluso en nuestras propias filas de y ellos cuántos votos van a poner. diría que seguramente muchos pues son una gran fuerza social, pero lo que aportan se mide no solamente ni principalmente en votos, compañeras y compañeros, nos aportan el sentido profundo de nuestra identidad como fuerza transformadora. el poder mostrar el poder mostrar y demostrar que la sabiduría de los pueblos ancestrales está en el fundamento de nuestro proyecto político y no en el de nuestros adversarios que con arrogancia y racismo estructural han persistido en la violencia. depredadora que ha sustentado gobiernos autoritarios en Colombia. Por eso, mi primera razón y conclusión es que esta acertada decisión coloca el pacto histórico en el lado correcto de la historia. Bravo. Pero en segundo lugar, la minga, el CRIC, la Guardia Indígena hacen parte de los movimientos sociales que han marcado la historia de nuestro país, dejando en alto la dignidad de nuestro pueblo. Como lo expresé hace unos días al conmemorar sus 55 años de existencia, celebrar la trayectoria del CRIC, Laminga y la Guardia es reconocer décadas de lucha organizada, de defensa del territorio, de la vida y de la autonomía. Décadas de dignidad que están sembradas en la tierra, de acción firme frente a gobiernos autoritarios y violentos. de resistencia pacífica y creadora en medio de las tormentas de la historia. Se trata de movimientos sociales de los más sólidos, creativos y respetados del país, referentes ineludibles en la lucha por la justicia social, la paz y la protección de nuestra diversidad como nación. Por eso, al invitar a Ida Quilque a ser nuestra segunda vicepresidenta progresista, se trata de reconocer a los movimientos sociales como la expresión del poder constituyente, que queremos como garantía de que los cambios en Colombia no se van a detener y por el contrario se van a arraigar hasta convertirse en irreversibles como Lo vamos a hacer con Y hablamos de la mujer, de la lidereza social ejemplar, de la persona sobre la cual han recaído grandes responsabilidades y la lucha de su pueblo, que siempre, incluso a costa de arriesgar su vida, la de su compañero y de su familia, ha resistido con serenidad, templanza y humildad el peso de esas luchas en las cuales, debo decirlo, ha triunfado con dignidad. Bravo. Aida la he visto no doblegarse ni amilanarse ante caudillos autoritarios, uno de los cuales se llama Álvaro Uribe Vélez. La he visto no doblegarse ante grupos armados ni circunstancias personales o políticas de alto grado de complejidad y en las cuales ha corrido peligro su propia existencia. Así que con orgullo me siento tranquilo y bien acompañado para la difícil y exigente tarea que comenzaremos el próximo 7 de agosto en el Palacio de Nariñ y en los territorios. Entre los aprendizajes valiosos que he tenido en esta campaña, se cuenta un pensamiento que me regaló nuestro compañero Alivantú, no sé si está presente. Angela Davis, luchadora afroestadounidense por los derechos civiles, decía que no basta con rechazar el racismo, se debe ser antirracista. Un pensamiento que en la actualidad tiene plena vigencia en nuestro país. Si queremos una revolución ética en nuestra sociedad, no basta con que seamos intolerantes con la injusticia, la dominación, el sometimiento de otros seres humanos, el desconocimiento de su dignidad y de sus derechos. Tenemos que ser activamente luchadores por la justicia, sujetos del cambio de la sociedad, activos en nuestra rebeldía contra toda forma de subordinación del ser humano y de la naturaleza. Las décadas de neoliberalismo han distorsionado gravemente nuestra valoración moral de otros seres humanos y de nuestra propia realidad. En Colombia, óigase bien, 71 pueblos indígenas, debo repetirlo, 71 pueblos indígenas están al borde de desaparecer. Ante nuestros ojos se está perpetrando un etnocidio físico y cultural. Frente a esa realidad monstruosa, todos los días nos topamos con expresiones de aberrante racismo en los medios de comunicación, en los debates públicos, en la escena del Congreso de la República. Nuestro proyecto debe liderar con todas sus energías el fin del racismo estructural con la misma fuerza que nos oponemos contra las otras formas de injusticia e iniquidad. Por todas estas razones creo que podemos al inscribir hoy nuestras candidaturas decir que rendimos un justo homenaje a las mujeres, a las liderezas sociales, a los pueblos originarios, a las luchas de los movimientos sociales. Por eso, Aida, hoy te decimos gracias. Gracias. Seguiremos recorriendo juntos el camino de la transformación social. Emprenderemos hoy juntos la marcha que nos llevará a conquistar el segundo gobierno progresista que tendrá por primera vez en nuestra historia y para gloria del pacto histórico, la primera mujer indígena vicepresidenta de la República. Compañeras y compañeros, hemos propuesto como parte fundamental de nuestro programa, que hoy hemos radicado aquí como parte de nuestra inscripción, la revolución agraria que nace del trabajo conjunto de las comunidades campesinas, los pueblos indígenas y los pueblos afrodescendientes, raizales y palenqueros, quienes han construido una ruta común para profundizar las transformaciones fundamentales, la redistribución de la Tierra, la justicia agraria en los territorios rurales, el reconocimiento de la agricultura campesina, étnica, familiar y comunitaria como motor de la economía, garante de la soberanía alimentaria y camino para proteger el suelo, el agua y los bosques. Sabemos que la disputa no es entre los pueblos ni entre los excluidos, sino contra el modelo político y económico que durante décadas negó la existencia y la dignidad del mundo rural. Precisamente en la diversidad de sus formas de vida, de trabajo y de gobierno está la fuerza del gran movimiento popular y social colombiano. el movimiento indígena, el movimiento afrodescendiente, el movimiento campesino, el movimiento sindical, las víctimas, perdón, las organizaciones sociales, comunitarias y populares, las organizaciones de jóvenes, las organizaciones feministas y de mujeres, las diversidades sexuales, las comunidades de fe, los discapacitados, las juntas de acción, comunal. Todas las formas de organización social comunitaria tienen un lugar en las anchas avenidas del proceso de transformación y cambio que consolidaremos en los próximos años. El movimiento social será nuestro principal aliado estratégico en esa transformación del país. Pero eso es aún insuficiente. Nuestro propósito de ganar en primera vuelta requiere una amplia alianza, de manera que el pacto histórico declara un proceso de conversaciones de diálogo franco y serio para construir una amplia coalición con demócratas, liberales progresistas, sectores progresistas de distintas agrupaciones, movimientos políticos nacionales y regionales para conformar la coalición del Pacto por la vida que nos conduzca a la consolidación del cambio. Vamos por el triunfo en primera vuelta. Que viva el pacto histórico. Que viva. Viva el movimiento social colombiano. Que viva. Viva el pueblo colombiano. Compañeras y compañeros. A triunfarse dias muchas gracias Oh.";"2945"
"ySjVytT07SI";"20260322";"＂JUNTO AL PUEBLO DE LA MEDIA LUNA SUR DE BOGOTÁ＂";"https://youtu.be/ySjVytT07SI";"Felídate. Gracias. Gracias, queridas compañeras y queridos compañeros. Voy a leer un discurso que dedico a nuestro querido compañero presidente Gustavo Petro Urrego y se llama Junto al pueblo de la media luna sur de Bogotá. Al pueblo que habita la media luna sur de Bogotá, un saludo lleno de respeto y gratitud. Saludo a las comunidades de Ciudad Bolívar, Kennedy, mi querido barrio natal, Bosa, Usme, a la gente que viene de su mapaz, San Cristóbal, Rafael Uribe Uribe, Tunjuelito. Abrazos para todas y todos. Los barrios populares de Colombia nacieron en medio de condiciones siempre difíciles. con el fruto de las luchas perseverantes de quienes llegaron del campo, muchas veces huyendo de la violencia y encontraron en la ciudad no un refugio, sino un territorio que había que ganar y construir. Recordamos hoy cómo esos espacios surgieron de la resistencia de comunidades. Primero en casas de cartón en medio de masacres, como ocurrió con el barrio Policarpas a la Barrieta y de muchas persecuciones, territorios inhóspitos donde la gente con sus propias manos y organizada en juntas de acción comunal levantó viviendas, salones comunitarios, calles, colegios, parques, tiendas, escuelas y centros de educación popular como aquí en Ciudad Bolívar. Aquí la gente que llegó desplazada de la violencia, luego de reconstruir su vida, emprendió nuevas luchas esenciales para la protección de la vida. Hablamos de la defensa de Cerro Seco en Ciudad Bolívar, frente a la minería y la destrucción ambiental, de la defensa de los humedales, de la acción de las comunidades para resistir la difícil realidad del relleno sanitario de doña Juana, de la organización territorial del campesinal de su mapaz y de la resistencia de los pueblos originarios de la sabana de Bogotá. Por eso quiero repetirlo. Hoy venimos aquí con Aida a rendir homenaje y reconocimiento al valeroso pueblo que habita el sur de nuestra ciudad capital. También hoy desde el sur de Bogotá quiero responder los ataques de la extrema derecha y de su desgastado y cada vez más resentido líder, Álvaro Uribe Vélez, contra el presidente Gustavo Petro. El pueblo estáando. Huíajo, el pueblo estáando. El pueblo estáando. Lo hago consciente de que no estamos hablando de hechos aislados, sino frente a una cadena de persecuciones que a lo largo de su vida pública y también en el ejercicio de gobierno han buscado minar su honra, destruir su liderazgo y en los momentos más oscuros, incluso de nuestro gobierno, atentar contra su vida. Hoy esas mismas fuerzas intentan abrir un nuevo capítulo, el de su judicialización en escenarios internacionales, como si no va a estar allá con la campaña sucia que han promovido aquí en Colombia. Pero lo digo, lo digo con tranquilidad, pero también con firmeza. Vamos a proteger al presidente Petro y a nuestro gobierno. El pueblo está contigo. Pero, amigo, el pueblo está contigo. Amigos, lo que estamos presenciando no es otra cosa que una inversión perversa de la verdad. Los criminales pretendiendo erigirse en jueces, los victimarios intentando ocupar el lugar de las víctimas, quienes han vivido del delito queriendo dar lecciones de moral pública en Colombia. Por momentos parece que los culpables acusan y los inocentes deben defenderse. Sin embargo, la historia es clara y no admite manipulaciones. Gustavo Petro, digámoslo clarísimamente, ha sido quien enfrentó la parapolítica, quien contribuyó a que muchos responsables rindieran cuentas ante la justicia y quien desde el gobierno ha liderado una lucha implacable contra el narcotráfico con incautaciones históricas de miles toneladas de cocaína. Por eso, no nos confundamos y no dejemos que nos confundan. No es por vínculos inexistentes con narcotraficantes que atacan al presidente. Lo que realmente no le perdonan es haber cumplido su palabra. No soportan que este sea un gobierno que ha puesto en el centro al pueblo colombiano, que ha trabajado todos los días por superar la pobreza, por impulsar la reforma agraria largamente postergada, por llevar desarrollo a los territorios históricamente abandonados en las zonas rurales y urbanas por defender la vida y proteger la naturaleza como principios irrenunciables. Eso es lo que la extrema derecha y Álvaro Uribe odian. Eso es lo que temen. Eso es lo que les incomoda. Eso es lo que quieren que no siga, lo que quieren detener, atacando también al pacto histórico y a nuestra candidatura. Y frente a ello, nuestra respuesta debe ser la claridad, la dignidad y la firme decisión de seguir defendiendo un proyecto de país más justo, más democrático y profundamente humano. Explicar quién es Gustavo Petro no es un ejercicio de propaganda política ni politiquera. Es un simple ejercicio de memoria, es recordar con hechos concretos al mejor alcalde que ha tenido esta ciudad, al gobernante que llevó la medicina preventiva y la educación hasta los barrios del sur, que dignificó el trabajo de los recicladores, que defendió los cerros como patrimonio de la vida y que luchó por una Bogotá más humana y social. Fue él quien se ha negado obstinadamente a aceptar que el Hospital San Juan de Dios quedara condenado al abandono. y quién persistió hasta hacerlo realidad hoy nuevamente e que esté al servicio de la gente salvando vidas donde antes se quería que solo hubiera ruinas. Por eso Petro es odiado por quienes quieren mantener la injusticia en nuestra sociedad. Fue Gustavo Petro quien defendió a los habitantes de calle, quien garantizó el derecho a la movilización social sin represión policial y quien impulsó subsidios para que los sectores más necesitados pudieran acceder al agua potable, reconociendo que el agua no es un privilegio, sino un derecho de todas y todos. Y lo que hizo cuando era alcalde es lo que hoy continúa haciendo como presidente desde el gobierno nacional. Esto es gobernar para la vida, para la dignidad, para quienes históricamente han sido excluidas y excluidos. Por eso a Petro lo quiere tanto la gente trabajadora, la gente que todos los días sale a ganar su vida en estos barrios. dentro. ustedes, la gente que todos los días sale a ganar su vida en estos barrios, desde la madrugada hasta bien entrada la noche. Por eso, cuando algunos intentan manchar su trayectoria, el pueblo responde con memoria, con mayor respaldo y simpatía al gobierno, porque lo vivido no se borra, porque las transformaciones reales van cambiando la realidad social y la conciencia política de la gente. La gente del sur lo sabe, lo ha sentido, lo ha vivido y por eso reconoce, defiende y seguirá defendiendo un proyecto que ha cambiado y seguirá cambiando la situación de millones de colombianos y colombianas. Por eso va a elegir el pueblo colombiano el 31 de mayo el segundo gobierno progresista. Presidente se vive. Presidente, se presidente, pero también presidente, compañeras y compañeros, presidente, pero también compañeras y compañeros, debemos decirlo, a diferencia de la extrema derecha que gira y gira en torno a su caudillo Uribe, debo decir que nuestro proyecto, el pacto histórico, es un proyecto colectivo. y democrático que tiene muchas y muchos dirigentes políticos. Es indispensable que lo digamos para comprender por qué vamos a ganar en primera vuelta. Debemos aclararlo a la sociedad colombiana, a los medios de comunicación, a los sectores políticos y gremiales, a nuestra diligencia, militancia, a nuestras bases. El pacto histórico no es un proyecto coyuntural surgido del ingenio de un líder o de un pequeño grupo de liderezas y líderes. Están muy equivocados quienes piensan así. El pacto histórico es una fuerza social, es el resultado de un largo proceso de encuentro de las izquierdas, los demócratas, los liberales progresistas, el movimiento social y comunitario que hunde sus raíces en la historia colombiana, por lo menos desde comienzos del siglo pasado. Necesitamos testigos muchos y muchas somos, para decirlo en una frase, la unión del movimiento social, de las izquierdas, de los demócratas y del liberalismo progresista. No somos el resultado de una maquinaria y una maniobra electorales. Surgimos para producir los cambios que el país necesita. Nuestra visión cuenta con el apoyo de multitudes, de millones de personas y de muy diversos sectores de la sociedad colombiana. Por eso, a pesar de que nuestro gobierno, nuestro proyecto político y nuestras candidaturas han sido sometidas a la más feroz campaña de aniquilamiento moral y político, nuestra fuerza se mantiene intacta y sigue creciendo en la sociedad colombiana. Por eso, a pesar de que lo han intentado todo por todos los medios, hasta la antipatriótica gestión de buscar una intervención extranjera en nuestro país, fracasan una y otra vez en sus intentos y seguirán fracasando si siguen por esa vía. Por eso produce tristeza su inhumanidad. Comprendemos su angustia y nos produce lástima su deseo de regresar al pasado. Ojalá escuchen. No pasarán, no pasarán, no pasarán, no pasarán. Ojalá escuchen el clamor del pueblo colombiano. Ojalá trabajemos juntos para acabar la desigualdad, la pobreza, la violencia, la exclusión social y territorial. Ojalá entiendan que se agotó, se acabó la paciencia del pueblo colombiano con la pobreza, con la corrupción y con la injusticia. Ojalá comprendan que el espectáculo y el maquillaje se agotaron como fórmula para distraer al pueblo colombiano. Pero si no lo quieren oír, si persisten en el odio, en la arrogancia y la pretensión de pisotear los derechos del pueblo, nos vamos a movilizar. pacífica y decididamente hasta lograr los cambios sociales que requiere el país y su gente. Que no quepa ninguna duda. Vamos a las urnas a derrotarlos. Nuestra fuerza proviene de nuestra unidad con el pueblo. La unidad con el pueblo es nuestra fuerza esencial. Es al mismo tiempo un principio y una razón de ser del pacto histórico. Unidad con el pueblo, democracia con el pueblo y para el pueblo. Ese es nuestro principio rector. Hago un llamado a acompañar este proyecto político para seguir cambiando a Colombia, a las organizaciones sociales y comunitarias. a las organizaciones sindicales y de trabajadoras y trabajadores, a las organizaciones cívicas y comunitarias, al movimiento social colombiano, a los pueblos originarios y afrodescendientes, a las víctimas, al movimiento campesino, a los jóvenes, las y los jóvenes, a las mujeres, a las organizaciones feministas, a las poblaciones diversas, a todas Y todos les decimos, con el pueblo, por el pueblo y para el pueblo, vamos a ganar en primera vuelta. Compañeras y compañeros, quiero cerrar estas palabras. Sea presidente se vive. Se siente. Sea presidente. Se vive. Se siente. Sea presidente. Se vive. Quiero cerrar estas palabras con sentimiento de gratitud hacia ustedes, habitantes del sur de Bogotá. En las elecciones del pasado 8 de marzo, en esta parte de la ciudad, una de cada dos personas decidió creer en el proyecto que encarna el pacto histórico y votar por nuestras candidatas y nuestros candidatos. Ese respaldo confirma que somos la principal fuerza política. Gracias a ustedes, hoy contamos con la bancada parlamentaria más numerosa de la historia reciente. 66, óigase bien, 66 congresistas del Pacto Histórico. entre ellas y ellos ocho representantes a la Cámara por Bogotá, quienes tienen la responsabilidad de sacar adelante las reformas que llevaremos al Congreso en esta nueva etapa. Pero este camino no se detiene. Esta semana dimos un paso más hacia la unidad que Colombia requiere. Hemos suscrito acuerdos con líderes y sectores diversos como el movimiento político en marcha y sectores representativos del Partido Verde. Así nace y se fortalece la Alianza por la Vida, un encuentro de progresistas, liberales, reformistas y demócratas decididos a abrirle las puertas a nuevos sectores sociales y a consolidar una mayoría para la transformación. Y como si todo esto, concejalas, concejales, edil solo, camino al lado de una mujer que representa dignidad de los pueblos, la sabiduría ancestral y la resistencia de siglos. La senadora y mayora Aida Quilque, quien será la primer mujer indígena vicepresidenta de la República. De esta forma, compañeras y compañeros. De esta forma el próximo 31 de mayo, con la fuerza del pacto histórico, con la unidad de la alianza por la vida, con el respaldo de la mayor bancada parlamentaria de la mano de Aía Quilcué, las y los invito a elegirme como segundo presidente progresista de nuestra historia republicana, digno sucesor de nuestro digno compañero presidente Gustavo Petro Urrego. Que viva el pacto histórico, que viva. Que viva la alianza por la vida, que viva. Que viva el pueblo digno y valiente de la media luna sur de Bogotá. Adelante compañeras y compañeros, porque vamos a ganar fulminantemente en primera vuelta. Presidente, se vive. Presidentea. Presidente vive. Presidente presidente. Se vive se siente. Sea presidente. Se vive se siente. Sea presidente. Se vive. Se siente. Ceda. Presidente. Se vive. Presidente se presidente. Fuerte. Fuerte.";"2106"
"57_3iaT-dEE";"20260329";"＂CON EL PODER DE LA VERDAD ALCANZAREMOS LA RECONCILIACIÓN DE";"https://youtu.be/57_3iaT-dEE";"Gracias al pueblo de Medellín y de Antioquia por esta calurosa y muy afectuosa recepción a Quilcue, a mí en esta tarde que nunca olvidaremos por su significado político. Nadie nos impedirá a ida y a mí recorrer los territorios de Colombia. Que quede claro, la época en que se prohibía y censuraba la movilización social. La época en que se sembró el terror en Colombia con falsos positivos y masacres ha pasado. Hoy es el pueblo el que manda. He preparado unas cuantas palabras que quiero dedicarles y que se titulan Con el poder de la verdad alcanzaremos la reconciliación de Antioquia y de Colombia. Queridas compañeras y queridos compañeros, mis agradecimientos de corazón. por las múltiples muestras de afecto que hemos recibido en estos días, las voces valientes de organizaciones de víctimas, de sectores juveniles, de dirigentes políticos y gremiales, que con generosidad han expresado que Aida y yo somos bienvenidos a esta querida Bienvenidos bienvenidos. Bienvenidos. Bienvenidos. Bienvenidos. Bienvenido, bienvenidos a todas y todos ustedes, ciudadanos y ciudadanas de Medellín y de Antioquia. Nuestra gratitud sincera y nuestro compromiso firme de servirle al gran pueblo paisa, a este departamento, a esta ciudad que tanto se lo merece y que tanto queremos. El pasado 12 de febrero, en discurso que pronuncié en un acto multitudinario como este, dije sin rodeos y sin lugar a equivocaciones, que admiro y respeto al pueblo antioqueño y que el pueblo antioqueño ha sido víctima de sectores que hicieron del enriquecimiento criminal su forma de acumulación de poder y riqueza. Dije con toda claridad que el pueblo antioqueño ha sido resistente, resilente, laborioso, creativo, noble, solidario y firme en sus convicciones. No han sido las mujeres y los hombres, la juventud que han forjado este departamento, la gente del común, el mundo académico y los empresarios. Pocas semanas después de esa manifestación, mis palabras fueron perversamente descontextualizadas por el alcalde de Medellín, el gobernador de Antioquia, algunos diputados y concejales uribistas, así como el periódico El Colombiano. amigos, amigos. Manipularon mi discurso para negar las verdades que dije ese día. buscaban producir un efecto negativo y fomentar el odio y la mentira en la sociedad antioqueña y en el país. Hace dos días un juez de la República me ha dado la razón al afirmar en una sentencia que mi intención era destacar la resiliencia y capacidad de transformación de los habitantes del departamento de Antioquia, no estigmatizarlos y que había hecho referencia a fenómenos de violencia, paramilitarismo y narcotráfico que efectivamente ocurrieron en la historia contemporánea. Campaña que ha llevado a cabo la extrema derecha en estos días. Uribe barco, el pueblo estáo. La campaña que ha llevado a cabo la extrema derecha en estos días ha sido un típico acto de negacionismo. El negacionismo es una de las formas más eficaces del poder violento y autoritario practicado desde hace mucho tiempo en Colombia. Se trata de borrar o distorsionar de la mente de los colombianos hechos históricos que han sido ampliamente documentados. Aquí se ha negado, desde la masacre de las bananeras, pasando por la existencia del conflicto armado que ha herido por tantas décadas a nuestra nación hasta el reciente genocidio contra la Unión Patriótica. han intentado convertir la mentira histórica en política de estado, porque saben que borrar esas verdades equivale a borrar la historia de las luchas democráticas del pueblo colombiano, la rebeldía contra la opresión y además de Eso permite generar la idea de que existe un consenso social sobre la injusticia. Con esa narrativa han justificado o encubierto el despojo violento de tierras en Colombia, la privatización de las empresas públicas, la mal llamada limpieza social, el feminicidio, la discriminación racial y el intento por destruir a los pueblos originarios y afro. la depredación de la riqueza natural de nuestro territorio. Esa ha sido la narrativa de un poder autoritario y rapaz. Hoy ya no es posible, compañeras y compañeros, seguir diciendo mentiras impunemente, ni escandalizarse cuando alguien recuerda en público estos terribles hechos. Los engaños negacionistas dejaron de funcionar. Las maniobras de la política del maquillaje y del disfraz ya perdieron efecto. Ya no pueden seguir engañando a la sociedad colombiana. Lo decimos con claridad y por eso que se oiga claro y fuerte, que lo oiga el alcalde, que lo oiga el gobernador, que lo oigan los diputados y concejales, especialmente aquel energúmeno que blande un bate para amenazar a la gente en esta ciudad. Que lo oiga el periódico, el colombiano. Hoy no vengo a retractarme ni arrepentirme ni a rectificar lo que dije aquí en Medellín en ese gran acto del pasado 12 de febrero. Por el contrario, se peda, se peda, se peda, se peda, se peda, se peda, se peda. Por el contrario, vengo a reafirmarlo, a decirlo con más contundencia, a ampliarlo y a detallarlo. No estamos aquí para callar o para esconder la verdad histórica. Las sociedades que amordazan la verdad perpetúan con hipocresía su barbarie. Acreditan con cinismo a los corruptos como ciudadanos nobles y censuran a las víctimas y a los justos. Que vivan las madres que buscan a sus hijos en la escombrera. Las tienen razón. Las cuchas tienen razón. Las tienen razón. Las tienen razón. Decir la verdad. Decir la verdad. Aunque incomode, aunque cueste, aunque desate ataques, es un acto cívico de responsabilidad con la memoria, con la justicia y con las nuevas generaciones de nuestro país. Por eso hoy afirmo, no hay transformación posible. No habrá transformación posible democrática de nuestra sociedad sin verdad. No hay reconciliación sin justicia. No hay futuro digno si no somos capaces de mirar de frente nuestra historia. Y por eso, por amor a Colombia y Antioquia, decimos que lo nuestro no es el imperio de la mentira, es el poder de la verdad, como reza mi campaña electoral. Y entonces, si vamos a decir toda la verdad, hagámoslo de manera serena. nítida y directa. El comienzo de la carrera política en Antioquia de Álvaro Uribe Vélez en la década de 1980 y 1990, desde que fue alcalde de Medellín y gobernador de Antioquia, se hizo de la mano de los clanes familiares del cartel de Medellín. Él y su hermano Santiago, hoy condenado como jefe paramilitar, fueron amigos, socios comerciales y colaboradores. fueron socios comerciales y colaboradores de clanes como los Ochoa, los Gallonenao, los Villegas Uribe y los Cifuentes Villa, quienes eran de la entraña de las estructuras narcotraficantes de Pablo Escobar y de los paramilitares. Como tantos otros políticos de este departamento, ellos eran propietarios de Grandes Haciendas, que fueron centros de entrenamiento paramilitar, que actuaban disfrazados como convivires y ellos acumularon tierra, dinero y poder mientras se masacraba al campesinado inerme en muchos municipios de esta importante zona del país. Eso está ya a estas alturas totalmente documentado y probado. Y para muestra, les recuerdo la rigurosa investigación de la periodista y directora de cuestión pública Diana Salinas, el laberinto del parqueadero de Padilla que recomiendo sea leído de manera atenta. En ese valioso trabajo se afirma que las masacres del Aro, de San Roque, el asesinato de Jesús María Valle y los hallazgos de la contabilidad del paramilitarismo, no muy lejos de aquí en el parqueadero Padilla, estaban íntimamente conectados con la gobernación en la época del señor Álvaro Uribe Vélez. Por eso decir que en esa época este departamento se convirtió en la cuna de la parapolítica, del narcotráfico y del terrorismo de estado, no es otra cosa que hacer la constatación de una realidad que es tan evidente como la muralla china. Y si vamos a hablar entonces de quién es persona non grata aquí en Antioquia, quienes le causaron tanto dolor, humillación y sufrimiento al pueblo antioqueño. Entonces, deberíamos comenzar esa lista por el caudillo de la extrema derecha, Álvaro Uribe, y su hermano Santiago, jefe de los 12 apóstoles. A propósito de esa actitud negadora que tanto daño le ha hecho a la verdad en Colombia, quiero agregar que lo que realmente le preocupa al gobernador de Antioquia, Andrés Julián Rendón, y alcalde de Medellín, Federico Gutiérrez, no es el honor de Antioquia y su gente. que verdaderamente los perturba es el despertar democrático de la ciudadanía en este departamento. Lo que los tiene inquietos es el triunfo electoral del pacto histórico. la gran votación que el pueblo nos dio el pasado 8 de marzo y que no es un hecho aislado, sino el anuncio de lo que será el triunfo de nuestra fuerza serena y poderosa, querida ida. El 31 de mayo en primera vuelta presidencial. En primera, en primera, en primera, en primera, en primera, en primera, en primera. En Antioquia Iván Cepeda se queda. En Antioquia Iván Cepeda se queda. Lo que verdaderamente los perturba es que hoy exista en Colombia el pacto histórico que ha hecho posible convertir el salario mínimo en el salario vital de 2 millones de pesos. Les incomoda que se hayan ampliado los derechos laborales y pensionales, que se ha comenzado a saldar una deuda histórica con el campesinado mediante la entrega de tierras y que defienda el pacto histórico con convicción el acceso a la universidad pública gratuita como un derecho y no como un privilegio. enfada a los señores Rendón y Gutiérrez, que nos opongamos con firmeza a la privatización de lo público, que defendamos la fábrica de licores de Antioquia y las empresas del departamento como patrimonio colectivo que debe servir al bienestar del pueblo. y no servir para la concentración de riqueza de unos pocos. Y en medio de esa desesperación, en medio de esa desesperación optan por repetir las viejas fórmulas de la política, del odio, la mentira y el espectáculo. Pero atención, también debo decir otra cosa aquí en esta plaza tan emblemática y espero que eso lo registren los medios de comunicación. Debo decir también que nuestra exigencia de verdad no es para alimentar las divisiones de la sociedad. Nuestro propósito es algo superior. Queremos construir un país donde la verdad histórica y política sea la base de la reconciliación nacional y de una auténtica democracia. Por eso no es mera casualidad que hoy nos encontremos en este emblemático lugar aquí en este parque, como ustedes saben, el 10 de junio de 1995, la violencia quiso imponerse sobre la vida. Una bomba instalada en la escultura. El pájaro del maestro Fernando Botero, estalló en medio de un encuentro cultural, dejando más de 20 muertos y de 200 heridos. Fue un acto de barbarie que pretendió silenciar la alegría, la cultura y la convivencia en esta ciudad. Y en medio de esa tragedia surgió un gesto profundamente humano que le debemos al maestro Botero. Él pidió que la escultura destruida no fuera retirada. decidió que ese pájaro herido permaneciera allí como testimonio vivo de lo ocurrido, como memoria que no se borra, pero al mismo tiempo donó una nueva escultura idéntica que hoy se levanta como el símbolo de la paz en Colombia y que una de sus réplicas está en nuestro palacio de Nariño. Ese gesto encierra una lección profunda para Colombia. No podemos olvidar, pero tampoco podemos quedarnos atrapados en el dolor. La memoria no es para perpetuar la guerra, sino para impedir que la guerra se repita. Por eso, con la misma fuerza y firmeza con la que decimos la verdad, en este lugar de memoria histórica, quiero invitar a todas las vertientes políticas, al empresariado y a toda la sociedad a dar un paso hacia la reconciliación. a tramitar con responsabilidad y grandeza todos los dolores, todas las verdades, a reparar a todas las víctimas sin excepción, las víctimas del Estado, las víctimas de la guerrilla y de las guerrillas, las víctimas de los paramilitares y del narcotráfico. Creemos con Aída que Colombia y Antioquia pueden reconciliarse, que pueden sanar, que pueden construir a través del diálogo una paz que sea tanto rural como urbana. De esa certeza nace nuestro proyecto político, de la convicción de que no solo es posible, sino urgente construir un gran diálogo nacional que nos conduzca a un verdadero pacto, un pacto que enfrente con decisión la crisis cada vez más grave del sistema de salud. Un pacto que derrote de manera definitiva la gran corrupción. Un pacto nacional de justicia social que consolide los avances alcanzados y profundice la lucha contra la pobreza y la desigualdad con oportunidades para todas y todos. Compañeras y compañeros, vengo hoy ante ustedes también a reafirmar, sin pretensiones triunfalistas el objetivo estratégico de esta fase decisiva de nuestra campaña. Venimos a decirle al país con la convicción que nace del respaldo popular que este próximo 31 de mayo vamos a ganar en primera vuelta. Se trata de una certeza construida sobre razones evidentes y poderosas. En primer lugar, porque los logros alcanzados por nuestro gobierno han comenzado a transformar la vida de millones de colombianas y colombianos y encuentran reconocimiento en el pueblo y junto a ello crece el respeto, la admiración, y el afecto hacia el compañero presidente Gustavo Petro Urrego, cuya conducción cuya conducción del Estado ha sido coherente, valiente y digna. siempre al servicio de los intereses de la gente. Eso es lo que ha puesto por delante Gustavo Petro como presidente de la República. En segundo lugar, porque estamos forjando la alianza por la vida, una convergencia amplia, generosa y plural que empieza a reunir destacamentos muy significativos de la política nacional como el movimiento en marcha. Saludo al exministro y ex senador, fundador y creador de la Ley de Víctimas, Juan Fernando Cristo, que comienza a reunir a destacados sectores del Partido Verde y eso significa que todos unidos por un propósito común defender La vida, la equidad, la democracia y el futuro de Colombia nos dará la victoria en primera vuelta. En tercer lugar, Frente Republicana. En tercer lugar, porque hoy contamos con la fuerza política más grande e influyente del país, que triunfó el pasado 8 de marzo conquistando una representación en el Congreso de la República sin precedentes para las fuerzas progresistas con 67 parlamentarias y parlamentarios elegidos hoy. Y como si todo esto no fuera suficiente, tengo el honor de caminar este proyecto junto a Ida Quilqué. Una mujer que encarna la dignidad de los pueblos originarios, símbolo de resistencia. y esperanza. Aí, aí, aí, aí, aí, aí, aí, aía. Aía será la primera mujer indígena vicepresidenta de la República. Por todas estas razones les propongo que en estas semanas salgamos a encontrarnos con Antioquia y con Colombia, que llevemos estos mensajes en un diálogo directo con la gente. Casa por casa, calle por calle, plaza por plaza, municipio por municipio, barrio por barrio, ciudad por ciudad. Y así el próximo 31 de mayo podemos consolidar la transformación histórica y progresista de la sociedad colombiana. A nuestros adversarios, a la extrema derecha y a su jefe Álvaro Uribe Vélez. Les decimos, nos vemos en las urnas. Que vivan Medellín y Antioca, Antioquia, libres y democráticas. que vive el pacto histórico y la alianza por la vida. A ganar, compañeras y compañeras. Ahí se vive, se siente, se peda, presidente. vive, se siente, se ped presidente";"2526"
"HxDjnkQxgC0";"20260410";"“SIN LOS TRABAJADORES NO HABRÍA SOBERANÍA ENERGÉTICA, NI TAM";"https://youtu.be/HxDjnkQxgC0";"Gracias Barranca Vermeja, gracias Magdalena Medio. Me emociona estar aquí. Hoy he preparado para ustedes un discurso que lleva por título: ""Sin los trabajadores no habría soberanía energética. ni tampoco transición energética. Queridas compañeras y queridos compañeros, me llena de orgullo estar hoy aquí en Barrancavermeja en este 9 de abril, día nacional de las víctimas. No es una fecha cualquiera, es un día en que ponemos de presente el sufrimiento que han padecido millones de personas y numerosas comunidades en nuestra larga historia de violencia, pero También hoy ponemos de presente las luchas de las víctimas por la dignidad y la memoria. Este es un día en el que renovamos nuestro compromiso con la verdad y la justicia, en que reafirmamos que el poder de la verdad de las víctimas no solo las emancipa a ellas, sino que emancipa a toda la sociedad. nos libera del imperio de la mentira y de la impunidad, de quienes con crímenes de lesa humanidad y genocidio han construido poder y riqueza. Precisamente porque yo mismo y mi fórmula vicepresidencial Aida Quilcué somos víctimas del genocidio y de la violencia política. Debo reafirmar desde Barranca que el segundo gobierno progresista que vamos a construir a partir del próximo 31 de mayo, cuando el pueblo colombiano nos lleve a triunfar en primera vuelta presidencial. El segundo gobierno progresista será un gobierno en el que las víctimas estarán en el centro de la acción de todas las instituciones del Estado colombiano. Nuestro gobierno será un gobierno que no olvida, que no niega, que no repite, que no odia, que busca la reconciliación nacional. Y eso haremos lo necesario para que entonces se plasme en cumplir con la reparación individual, familiar y colectiva de todas las víctimas. Terminaremos de implementar el acuerdo de paz de 2016 y apoyaremos a la jurisdicción especial para la paz. para que termine pronto y en forma exitosa su labor. Hablar de justicia en Barrancavermeja es también hablar de una deuda histórica. Esta tierra ha estado ligada a los procesos de surgimiento y desarrollo de la gloriosa Unión Patriótica. ha sufrido, como pocas regiones y territorios del país, la violencia política. Por eso quiero recordar hoy en este acto a un amigo entrañable, a un compañero de vida y de lucha, Leonardo Posada Pedraza. De él aprendí mis primeras lecciones de política. de compromiso, de ética. Fue el primer representante a la Cámara elegido por la Unión Patriótica en 1986 y ese mismo año fue asesinado en los inicios de uno de los capítulos más dolorosos y vergonzosos de nuestra historia, el genocidio político contra la UP. Y hoy, día nacional de las víctimas, quiero especialmente enviar un mensaje perentorio al señor Álvaro Uribe Vélez desde esta concentración. Quiero decirle que los victimarios como él y su hermano Santiago, el jefe paramilitar de los 12 apóstoles, nunca podrán, con sus justificaciones criminales mancillar la honra de las víctimas del genocidio contra la Unión Patriótica, ni de los jóvenes de los falsos positivos, ni de los jóvenes víctimas que están sepultados en la escombrera, ni de los campesinos que masacraron para quedarse con sus tierras. Hoy 9 de abril afirmamos que la verdad y la memoria de las víctimas siempre derrotarán a las fuerzas perversas de la muerte. Que lo oiga Uribe desde esta muy importante concentración. El pueblo está el pueblo está Uribco. El pueblo está Uribe para el pueblo está berraco. Uribe para el pueblo está berraco. Barrancameja es símbolo de la lucha social de la resistencia popular en Colombia. Es historia de lucha, es ejemplo de cómo un pueblo organizado puede enfrentar la adversidad y construir poder desde abajo. Esta ciudad fue cuna de la industria petrolera en Colombia, pero también fue y sigue siendo cuna de la dignidad obrera en Colombia. Sí, señor. Sí, señor. Aquí, trabajadoras y trabajadores, sindicatos y sectores populares enfrentaron a las grandes compañías petroleras, a los paramilitares y a las guerrillas. y también el abandono y muchas veces el ataque del terrorismo de estado. Aquí se forjó una idea poderosa que la riqueza de la nación debe estar al servicio de su pueblo, que la soberanía energética no es una consigna, sino una conquista. Barrancavermeja creció. entre la autogestión y la protesta. Se se levantó frente a la desigualdad, frente al poder de las multinacionales y supo construir poder popular como lo muestra esta gran concentración hoy, compañeras y compañeros. Y cuando el país parecía desmoronarse, Barranca dio una lección histórica. En 1948, recordémoslo, tras el asesinato de Jorge Eliéser Gaitán, en medio del caos nacional y de la indignación, este pueblo decidió gobernarse a sí mismo. que declaró capital independiente de Colombia, organizó sus servicios públicos, garantizó la seguridad, aseguró el abastecimiento en uno de los primeros gobiernos populares que ha existido en la historia de nuestro país. Ese gesto no fue un acto de rebeldía, fue un acto de soberanía popular. Aquí también en 1923 nació la gloriosa Unión Sindical Obrera Uso. Una organización que no solo ha defendido los derechos de los trabajadores, sino que se convirtió en protagonista de las grandes transformaciones del país. Gracias a esa lucha en condiciones difíciles, frente a grandes compañías extranjeras, Colombia pudo avanzar hacia la nacionalización del petróleo. Gracias a esa persistencia fue posible la creación de Ecopetrol en 1951. Sin la uso no existiría la industria nacional de hidrocarburos. Sin los trabajadores no habría soberanía energética en nuestro país. Hoy, compañeras y compañeros, estamos frente a una amenaza cierta contra la vida en el planeta. Una amenaza que nace de los efectos devastadores de las emisiones de gases provenientes de los combustibles fósiles. No es una advertencia lejana, es una urgencia del presente, es un llamado de la historia. Por eso, con responsabilidad y con valentía, nuestro compañero presidente Gustavo Petro ha convocado al país y a la comunidad internacional a acelerar la transición energética. Un camino que en este gobierno hemos iniciado, pero ahora debemos profundizar con decisión, con conciencia y con sentido de nación. Desde Barrancavermeja, tierra donde los trabajadores y las trabajadoras han dado vida al corazón energético de Colombia. Quiero hoy ratificar mi compromiso con la transición energética. En este campo no partimos de cero, partimos de una historia de luchas prolongadas, de conquistas colectivas, de sacrificios que no pueden ser y no serán olvidados. Y por eso lo digo con claridad, la transición energética será con las y los trabajadores, no contra ellos, no a costa de sus empleos, no a costa de sus derechos. Debemos ser totalmente claros en esto. Será una transición democrática participativa construida desde abajo con el saber, la experiencia y la inteligencia colectiva de quienes conocen este sector mejor que nadie, porque no puede haber transición justa si no hay justicia con quienes han hecho posible la energía de nuestra nación. Esta es una transición patriótica y popular. Así como se construyó el sistema energético nacional con el sudor, con la sangre y la dignidad del pueblo, asimismo construiremos su transformación con las y los trabajadores, con la minería tradicional y artesanal. con el empresariado comprometido con el país. Porque aquí no se trata de que unos pierdan y otros ganen. Se trata de que Colombia gane, de que la vida prevalezca, de que construyamos un sistema energético limpio, justo y sostenible. Pero esta transición también es soberanía, no es la continuidad de modelos fracasados que entregaron nuestros recursos. Es por el contrario la afirmación de nuestra independencia y de nuestra libertad como nación. Más aún cuando se han desatado en el mundo y en el hemisferio occidental del planeta fuerzas imperiales que quieren violentar nuestra soberanía como pueblos y gobiernos. La soberanía energética nos garantiza autonomía y libertad como nación. Ecopetrol no será privatizada. que no quepa duda sobre esto. Defenderemos con firmeza Ecopetrol como patrimonio público, como columna vertebral de esta transformación, como empresa líder de la transición energética. La protegeremos de la corrupción de las mafias, de quienes han querido desmantelarla. La fortaleceremos para que garantice el abastecimiento energético, el uso responsable de nuestros recursos y la recuperación plena de nuestra soberanía. Al mismo tiempo, impulsaremos una política energética integral que permita seguir diversificando nuestra economía, superar la dependencia, evitar los errores del pasado que nos llevaron al modelo de la llamada enfermedad económica holandesa. Una política que aproveche nuestra riqueza, el sol. el agua, la capacidad productiva, el río Magdalena para desarrollar energías limpias, fortalecer la industria nacional y abrir paso a una nueva etapa y era de riqueza. Riqueza para todos, riqueza para la nación. Una política que impulse la petroquímica para producir fertilizantes, que fortalezca el campo, que haga posible la revolución agraria, que respete el ambiente, la vida y los territorios y también una política que defienda la renta petrolera y las regalías como un recurso sagrado para el bienestar colectivo. Que lo oigan los corruptos, que se roban las regalías. Vamos por ellos en nuestro segundo gobierno progresista. Vamos a enfrentar la corrupción que ha saqueado esos recursos y vamos a destinarlos a transformar la vida de las regiones, a cerrar brechas, a garantizar derechos. No es aceptable que en territorios energéticos aún haya hogares sin acceso a la energía eléctrica. Eso no puede seguir ocurriendo, compañeras y compañeros. No es posible que los territorios donde hay regalías no tengan agua potable y acueducto. No tengan vías terciarias, no tengan educación, no tengan acceso a la salud. Nuestro segundo gobierno pondrá las regalías al servicio del pueblo colombiano y no de los políticos y sus amigos. La riqueza del subsuelo debe convertirse en dignidad en la superficie. Se peda presidente, se vive, se siente. Se peda, presidente se vive, se siente. Cepeda presidente. Por eso, compañeras y compañeros, vamos a avanzar en una profunda transformación institucional que permita que los recursos del país estén verdaderamente al servicio del pueblo, que se garantice transparencia. eficiencia y justicia en el uso de la riqueza de nuestro país y del pueblo colombiano. Por estas razones desde Barrancavermeja convoco desde ya el diálogo nacional con todos los sectores populares, empresariales e institucionales para que lleguemos a un acuerdo nacional para seguir desarrollando nuestra política de transición y soberanía energéticas con carácter democrático. e integral. Y lo primero en ese camino del diálogo será llegar al pacto con las y los trabajadores de Barrancavermeja y del Magdalena medio, que está condensado en seis puntos con los cuales me identifico plenamente. Este no es solo un cambio de matriz energética, es un cambio de rumbo histórico. es la posibilidad de reconciliar al país con su gente, con su naturaleza, con su futuro. Desde esta tierra de lucha reafirmamos nuestro camino, avanzar hacia una transición energética con soberanía y dignidad con los trabajadores, con las víctimas, con el pueblo. Porque no estamos defendiendo únicamente una política pública ni una promesa electoral. Estamos defendiendo la vida y la vida, que quede claro, no se negocia como lo ha hecho el neoliberalismo. Compañeras y compañeros, quiero agradecer a ustedes este multitudinario acto. Como hoy lo hemos hecho aquí, así venimos llenando plazas, parques y calles por todo el país. Llevamos ya en este momento más de 80 actos públicos de campaña en los que hemos congregado más de 400,000 personas en todos los departamentos de Colombia. Nuestro compañero presidente Gustavo Petro Urrego, durante estos años, a pesar de ataques, los más despiadados, le ha cumplido al pueblo. Hay que decirlo claramente. ha conseguido para tan solo nombrar uno de tantos logros, un histórico aumento del salario que antes se llamaba mínimo y hoy se llama salario vital de más de 2 millones de pesos para las trabajadoras y los trabajadores del país. Y no vamos a dejar que eso nos lo arrebaten. Tengan la seguridad, compañeras y compañeros. El presidente Petro ha gobernado para la vida, para la dignidad, para quienes históricamente han sido excluidos. Por eso lo quiere tanto la gente trabajadora, la gente que todos los días sale a ganar su vida desde la madrugada hasta bien entrada la noche. El pacto histórico es hoy la principal y más influyente fuerza política del país y cuenta con la bancada parlamentaria más numerosa que integran 67 congresistas, algunos y algunas de los cuales están en esta tarima, que van a seguir haciendo posible que avancemos en las reformas sociales en los próximos años. Hoy contamos con numerosos respaldos de movimientos sociales, de todo el aspecto progresista del Partido Verde, de liberales y conservadores, de todas las fuerzas del país que se han unido en la Alianza por la vida. Y como si todo eso fuera poco, ahora no estoy solo. Camino al lado de mi fórmula vicepresidencial Aida Quilqué, quien les manda un efusivo abrazo porque está en este momento también recorriendo el país y quién será la primera mujer indígena vicepresidenta de Colombia. De esta forma, el próximo 31 de mayo, con la fuerza del pacto histórico, con la unidad de la alianza por la vida, con el prestigio de nuestro compañero presidente Gustavo Petro y con el respaldo de la mayor bancada parlamentaria de la mano de Aida Quilcué. Las y los invito a elegirme como el segundo presidente progresista de nuestra historia republicana. Que viva Iván. Dicen que la segunda vuelta presidencial costaría un billón de pesos. Yo les propongo que nos ahorremos ese dinero y lo invirtamos en educación y en salud y ganemos en primera. Y para hacerlo es sencillo. Debemos marcar la primera casilla y ganar en primera vuelta arriba y a la izquierda. Que viva el pacto histórico, compañeras y compañeros. Que viva la alianza por la vida. Que viva. Que viva el digno y valiente pueblo de Barranca y del Magdalena Medio. Que viva. Adelante. Vamos por el triunfo en primera vuelta, compañeras y compañeros. Se puede, se puede. Se puede. Sí.";"2308"
"CIeOQKu4lS8";"20260411";"＂COMBATIR LA CORRUPCIÓN PARA DEFENDER AL PUEBLO＂";"https://youtu.be/CIeOQKu4lS8";"Un saludo, un saludo para Bucaramanga, para Santander. Lamento haber tenido que llegar un poco tarde. Algunos querían que no llegáramos, pero aquí estamos todas y todos. Que se oiga, nada ni nadie nos va a impedir triunfar. en primera vuelta. Saludos de mi compañera Ida Quilcué, quien está en otro acto multitudinario en el sur del país. Me pidió decirles que los quiere muchísimo y que está luchando con nosotros en la minga que se está haciendo en el país también por parte de los movimientos sociales recorriendo otros territorios. He escrito para este momento un discurso que lleva por título Combatir la corrupción para defender al pueblo. Queridas compañeras y queridos compañeros, presento un saludo emocionado al pueblo de Bucaramanga y de Santander, siempre comprometido en la lucha por la vida, la justicia social y la democracia. Desde los tiempos de Antonia Santos, Manuela Beltrán, José Antonio Galán, hasta la historia reciente simbolizada por figuras como el poeta asesinado Jesús María Chucho Peña o como Mercedes Pallares Valbuena, la gran lidereza sindical fundadora de las organizaciones del magisterio. Esta tierra ha dado lo mejor de sus hijas e hijos para construir el futuro de nuestra patria. Aquí el magisterio, los movimientos sociales, las y los estudiantes de la Universidad Industrial de Santander, a quienes saludo especialmente los movimientos ambientalistas han venido construyendo con paciencia y perseverancia el camino del cambio social y por supuesto Si se trata de mencionar esas luchas históricas, tengo que reconocer con respeto y admiración al movimiento cívico de Defensa del Páramo de Santurbán. que desde el año 2016, perdón, desde el año 2010 viene defendiendo incansablemente en una desigual confrontación con las grandes compañías mineras del oro, las estrategias para defender uno de los principales santuarios estratégicos del país. El gran páramo de Santurbán. El movimiento cívico por la defensa de ese páramo sabe bien que el agua vale más que el oro y por eso ha logrado generar una poderosa conciencia no solo en Santander, sino en todo el país, sobre el inmenso valor de nuestros páramos. debo decir que cuando triunfemos, cuando triunfemos en primera vuelta de las elecciones presidenciales, como lo vamos a hacer junto a mi fórmula vicepresidencial Aida Quilcueé, la preservación del gran páramo de Santurbán y de los páramos de todo el país en general será prioritaria en la política ambiental de nuestro segundo gobierno progresista. Así será porque vamos a ganar en primera vuelta. Compañeras y compañeros, en septiembre de 2025, cuando comencé este recorrido como candidato o en ese momento precandidato del pacto histórico en la ciudad de Cali expuse ante el país mi propuesta para combatir la gran corrupción que impera en la sociedad colombiana. Como lo he venido diciendo a lo largo de esta campaña electoral, en Colombia el problema de la gran corrupción es uno de los peores males que aquejan a nuestro país. Y en el corazón de ese mal hondamente enquistado en el Estado y en la sociedad, está la clase política corrupta. No se trata solo de individuos descarriados, de algunos políticos corruptos en nuestro país. Lo digo con tristeza, repito, en nuestro país, lo digo con tristeza, ha surgido una verdadera casta de políticos perversos que traicionó el mandato constitucional que dice que los elegidos deben estar al servicio del pueblo. clase política se ha convertido en una mafia que sin ninguna vergüenza exige cuotas, contratos y cogobierno, independientemente del partido y de la ideología que triunfe en las elecciones de turno. Esa clase política mafiosa, esa clase perversa y antipatriótica que ha ido creciendo en todos los partidos y en todos los niveles del Estado, siempre exige el tristemente célebre CB. Lo digo para los jóvenes que tal vez no conocen el término, pero es cómo voy yo. En cualquier gasto, cualquier contrato o cargo del presupuesto general de la nación, el político corrupto pregunta, ""¿Y cómo voy yo?"" Y sin exageración, debo decir que la acción criminal de estos políticos pervertidos es tan nocida como la de los grupos armados ilegales o como la acción de la delincuencia de la criminalidad organizada. Pero con una diferencia, compañeras y compañeros, que es sustancial. A los políticos corruptos siempre se les trata como gente de bien, como honorables padres y madres de la patria. Debemos poner fin al cogobierno con estos pervertidos que nos están robando el futuro. Por eso quiero que quede absolutamente claro. En nuestro segundo gobierno progresista no habrá contemplaciones, no habrá silencios cómplices. a enfrentar la gran corrupción, a sus jefes, a los políticos que la dirigen y a las redes criminales que la sostienen. Nuestra lucha anticorrupción será implacable. Venga de donde venga, caiga quien caiga. Vamos a acabar con el despilfarro y con los privilegios de las élites que han capturado el Estado colombiano. Ha llegado la hora de que no sean los políticos corruptos quienes le roben el futuro a Colombia. Ha llegado la hora de que sea el pueblo organizado quien recupere de los patrimonios mal habidos de los corruptos los recursos de la salud, de la educación, de la paz, de las víctimas, de los damnificados, de las regiones olvidadas del país. Ha llegado la hora de la rebelión ciudadana contra la corrupción. Eso. Y para eso, como lo propuse en septiembre del año pasado en Cali, en Colombia debemos crear un gran sistema nacional anticorrupción. Necesitamos un sistema anticorrupción para enfrentar la corrupción como sistema. Hoy quiero presentar ante ustedes, ciudadanas y ciudadanos de Santander, cuatro nuevas propuestas concretas que hacen parte del Sistema Nacional Anticorrupción. En primer lugar, vamos a aprobar, pido a mi bancada del Pacto Histórico que encabeza este propósito, la Ley Nacional Anticorrupción que tipificará la gran corrupción como delito grave, gravísimo. Esta ley endurecerá penas y tratará la corrupción como lo que es una forma de criminalidad organizada. Así como se ha hecho en México, por ejemplo, los grandes corruptos no tendrán casa por cárcel ni beneficios judiciales. Que burlen a la justicia. esta ley. Ese es, ese es, ese es. Esta ley castigará severamente a los jefes de los aparatos de corrupción, pero a la vez establecerá incentivos para quienes aporten información valiosa que permita desmantelar estas organizaciones mafiosas. En segundo lugar, vamos a perseguir la evasión tributaria en las más altas esferas. Crearemos mecanismos para identificar plenamente las personas jurídicas en los procesos de contratación. No más empresas fantasmas. y en el cumplimiento de sus obligaciones tributarias haremos que se cumpla, que todos paguemos impuestos. Ese no es un regalo, es un deber constitucional para todos los ciudadanos, no solamente para el pueblo. No puede ser que mientras el pueblo paga cumplidamente sus obligaciones tributarias y debe desembolsar todos los días el pago del IVA, los grandes contribuyentes evadan su responsabilidad. Pagar impuestos de acuerdo a lo que se gana es un deber cívico y constitucional. Todas y todos debemos pagar impuestos, no solamente la gente del pueblo colombiano. Que se oiga claro y fuerte. Vamos a acabar entonces con el privilegio de la evasión de impuestos de cuello blanco, que es también una forma de corrupción, por supuesto. En tercer lugar, reformaremos el sistema general de regalías para que deje de ser un foco de corrupción y se convierta en un motor del desarrollo de los territorios de Colombia. Los recursos de las regalías que provienen de la explotación de nuestra riqueza natural en los territorios deben transformar la vida. de los municipios, especialmente de aquellos que han sido históricamente excluidos. No más municipios donde hay explotación minera o petrolera que no tienen acueducto y que no tienen energía eléctrica en los hogares. Y en cuarto y último lugar, algo fundamental. Abriremos de par en par las puertas para la participación ciudadana en el control, la vigilancia, la propuesta y la auditoría de los recursos, los contratos y las obras públicas del país. La gente tiene que poder vigilar dónde van los recursos públicos. Fortaleceremos la participación de los movimientos sociales de las comunidades en la auditoría, la vigilancia, la definición del gasto público. Habrá mecanismos de denuncia eficaz, presupuesto participativo, deeduría ciudadana, con poder real para vigilar cada peso invertido. Porque la lucha contra la corrupción no es tarea solo de un gobierno, es una causa del pueblo colombiano y les invito a la rebelión ciudadana para acabar con ella. Compañeras y compañeros, gracias por este acto multitudinario que sé que ha sido hecho a pesar de intentos desesperados por impedir que nos encontremos hoy aquí. Es necesario decirlo y que se oiga bien fuerte y claro. Hagan las trampas que hagan. ni la extrema derecha, ni su resentido y desgastado jefe, Álvaro Uribe Vélez, ni sus aliados podrán impedir que el próximo 31 de mayo les propinemos en las urnas una gran derrota política. El pueblo estáando marando el pueblo estáando el pueblo estáando esta plaza llena, esta plaza rebosante demuestra el reconocimiento del pueblo colombiano organizado y movilizado por proceso de cambio social que ha liderado nuestro compañero presidente Gustavo Petro Urrego. Lo que vemos aquí no es un hecho aislado, es la expresión de una gran ola que recorre todo el país. Hemos llenado plazas, parques y calles en 80 actos. Óigase bien, 80 actos multitudinarios en los que han participado hasta ahora más de 400,000 personas en todos los departamentos del país. Nuestro compañero presidente Gustavo Petro ha resistido los ataques más duros, las campañas de desprestigio más sucias, los intentos de frenar la transformación histórica que acertadamente ha venido conduciendo desde nuestro gobierno. Y aún así, hay que decirlo, el presidente Petro le ha cumplido al pueblo colombiano, le ha cumplido, por ejemplo, dignificando el trabajo. Lo que antes llamaban salario mínimo, hoy empieza a parecerse a lo que siempre ha debido ser un salario vital, un ingreso que reconoce la dignidad de quienes sostienen este país con su esfuerzo y su trabajo. Más de 2 millones de pesos que no son una cifra, es comida en la mesa, es tranquilidad. en el hogar. Es educación para los hijos, es esperanza para millones de familias que antes estaban viviendo en la precariedad absoluta. Este gobierno ha sido un gobierno para la vida, para quienes históricamente han sido excluidos, olvidados, invisibilizados. Por eso el pueblo lo respalda. Por eso la gente, la que lucha desde la madrugada hasta la noche sabe que este proyecto político no les da ni les dará la espalda. Presente. Se pedo. Presidente que se vive. Presente. Que pedo. Presidente vive. Se siente, se pega presidente. Se vive, se siente, se pega presidente. Se vive, se siente, se pega presidente. Hoy el pacto histórico se ha consolidado como la primera fuerza política del país con la bancada parlamentaria. 67 congresistas comprometidas y comprometidos con hacer realidad la reformas sociales que Colombia necesita. Algunos y algunas de ellas están en esta tribuna y a ese esfuerzo se suma algo ahora también poderoso, la unidad de los movimientos sociales, del progresismo, de sectores del Partido Verde, de liberales, conservadores, de todas las fuerzas democráticas que han entendido que este es el momento de que construyamos juntos la continuidad del cambio social y político en Colombia y eso se llama la alianza por la vida y como si todo eso fuera poco. El pueblo está contigo, Iván. Amigo, el pueblo está contigo, Iván. Amigo, el pueblo está contigo y hoy lo digo con orgullo, no camino solo, camino junto a una mujer valiente, símbolo de la resistencia, de la historia de los movimientos sociales y de los pueblos originarios. Se llama Aida Quilcué y será la primera mujer indígena vicepresidenta de Colombia. Por todo eso, por lo que hemos logrado y por lo que aún nos falta conquistar, les hago una invitación muy clara. Los invito a elegirme presidente de la República en primera vuelta. para ser digno sucesor de nuestro digno presidente Gustavo Petro. Es fácil, hay que marcar la primera casilla a la izquierda y los invito a que nos ahorremos porque me dicen que eso cuesta un billón de pesos de segunda vuelta. Invirtamos ese recurso mejor en educación, en salud, que bastante lo necesita el pueblo colombiano. Que viva el pacto histórico, compañeras y compañeros. Que viva la alianza por la vida. Que viva. Que viva el pueblo digno y valiente de Bucaramanga y Santander. Viva. Adelante. Vamos juntos al triunfo de la primera vuelta. Gracias, compañero.";"2067"
"p_THu1axnSA";"20260412";"＂LEY NACIONAL CONTRA LA CORRUPCIÓN＂";"https://youtu.be/p_THu1axnSA";"o truene, el cambio se mantiene preparado para esta ocasión y quiero agradecer a esta multitudinaria concentración a pesar de la lluvia que está cayendo, que es fuerte, que estén todas y todos ustedes aquí, lo reconozco, me llena de emoción y de gratitud. Quiero hablarles hoy de una propuesta que hice en Bucaramanga, pero que no diría extrañamente porque de los medios de comunicación ya poco me extraña en Colombia, poca resonancia ha tenido en los medios. Me refiero a la propuesta de la Ley Nacional contra la Corrupción. Queridas compañeras y queridos compañeros, me alegra llegar hoy a Pitalito y al sur del Huila, donde se produce el café especial que tiene el mayor reconocimiento internacional. Me complace estar en esta región donde las comunidades organizadas se han movilizado para defender la biodiversidad amenazada por grandes proyectos hidroeléctricos como el del Kimbo. ¿Cómo se sabe? El macizo colombiano abastece de agua a gran parte del país y el río Magdalena nace en esta zona estratégica. Gracias a campesinos, liderezas y líderes ambientales, organizaciones sociales que han impulsado la resistencia a estos proyectos, ha sido posible defender el agua en este territorio. Esto se lo agradece a ustedes el país, se lo agradece a ustedes el mundo. preservar la naturaleza y preservar nuestra riqueza estratégica del agua. En el sur del Huila y en el Huila existe un movimiento social y político vigoroso, consciente que no se ha resignado nunca y que ha sabido librar luchas históricas por el cambio social, por la defensa del ambiente, por la reforma agraria, por la paz y por la democracia. Como lo dije cuando visité ya en enero a Neiva, aquí se ha protegido la riqueza natural como un recurso para explotar sin límites, sino como un patrimonio para la vida. Aquí se ha defendido el derecho a la tierra como condición para la dignidad y como base de la soberanía alimentaria de nuestro pueblo. Y por eso hoy vengo aquí para decirles que debemos seguir avanzando en la reforma agraria, fortalecer la producción cafetera con precios justos. subsidios, fertilizantes, alivios financieros para proteger al campesinado y a la región, para proteger nuestro café frente a las importaciones. Debemos reparar las vías rurales para que conecten esta región, impulsar el turismo cultural y fortalecer también la producción panelera para surtir los mercados nacionales e internacionales. continuar avanzando en el cambio que ha logrado que aquí tengamos hoy un aeropuerto en Pitalito, gracias al gobierno y a su acción decidida. Eso, compañeras y compañeros, lo vamos a lograr cuando el próximo 31 de mayo y en primera vuelta de las elecciones, ustedes me elijan junto a Ida Quilcué como el presidente y la primera vicepresidenta indígena del segundo gobierno progresista de nuestra historia republicana. Nuestra campaña no se fundamenta en mentiras, injurias y calumnias, sino en propuestas programáticas concretas y construidas con la gente. Como lo he venido diciendo a lo largo de esta campaña electoral, en Colombia uno de los más grandes problemas es la corrupción que impera no solo en el Estado, sino en la sociedad. La gran corrupción nos arrebata el futuro, nos arrebata el derecho a la salud, a la educación, a la paz. nos arrebata el programa de alimentación escolar, nos alimenta la nos arrebata la reparación de las víctimas, nos arrebata incluso la atención de los damnificados y por eso, porque la corrupción es un mal endémico y sistémico en la sociedad colombiana, la propuesta que he presentado Luego de consultarla con muchos movimientos sociales, es la de que creemos el sistema nacional anticorrupción. Lo digo con claridad. Se siente sea. Presidente se vive. Se siente. Se peda. Presidente se vive. Lo digo con claridad. En nuestro segundo gobierno, el combate contra la corrupción será implacable. Venga de donde venga y caiga quien caiga, vamos a enfrentarnos a las mafias políticas de la corrupción. Quiero presentar ante ustedes cuatro elementos que integran esta iniciativa. En primer lugar, vamos a aprobar la Ley Nacional Anticorrupción que tipificará la gran corrupción como delito grave. Esta ley endurecerá las penas y tratará la corrupción como lo que es una forma de criminalidad organizada. Así como se ha hecho en otros países de nuestro continente, los grandes corruptos no podrán tener casa por cárcel, ni beneficios judiciales especiales. Que burlen la justicia. Se castigará severamente a los jefes de los aparatos de corrupción. ese es se castigará severamente a los jefes de los aparatos de corrupción, pero a la vez se establecerá incentivos para quienes aporten información valiosa que permita desmantelar las organizaciones criminales de la corrupción y de los políticos corruptos. Debo decir a ese propósito que ayer dije en la ciudad de Bucaramanga que una fiesta organizada por narcotraficantes en la cárcel de Itagüí en Medellín debía ser debidamente investigada por las autoridades de esa cárcel, por supuesto, pero que no vayan Ahora decir que eso ocurre por primera vez en Colombia cuando se trata de un proceso de diálogo que se está dando en esa ciudad. Los políticos corruptos han hecho fiesta en las cárceles desde hace años y nadie dice nada frente a eso. En las cárceles de Colombia hay salones VIP para los políticos corruptos. Eso se va a acabar, señoras y señores, no más hipocresía. En segundo lugar, vamos a perseguir la evasión tributaria en las más altas esferas. Crearemos mecanismos para identificar plenamente a las personas jurídicas en los procesos de contratación y en el cumplimiento de sus obligaciones tributarias, como debe ser. Quien tenga grandes riquezas, óigase bien, y no pague los impuestos que le corresponde, enfrentará sanciones ejemplares, porque el pueblo sí paga sus impuestos con el IVA. Quienes también deben pagar son los grandes contribuyentes. No puede seguir siendo que mientras el pueblo se ajusta el cinturón en las altas esferas se puede hacer lujo y derroche sin que ha haya castigo ejemplar. Todos debemos pagar impuestos en Colombia. Pagar impuestos de acuerdo a lo que se gana es un deber cívico y constitucional. Se va a acabar el privilegio de la evasión de impuestos de cuello blanco, que es también una forma de corrupción, por supuesto. En tercer lugar, vamos a reformar el sistema general de regalías para que deje de ser un foco de corrupción y se convierta en un motor de desarrollo de los territorios. Las regalías que provienen de la explotación de nuestra riqueza natural, minera de los hidrocarburos, debe servir para que los territorios tengan agua potable, vías, energía eléctrica, educación y salud. No puede seguir siendo que los municipios que son sometidos a explotación minera no tengan agua, no tengan energía cuando dotan al país de inmensos recursos que se los devoran los políticos corruptos. Y en cuarto lugar, algo que es esencial. Abriremos de par en par las puertas para la participación de la ciudadanía en el control, la vigilancia, la auditoría de los recursos, los contratos y las obras públicas. Fortaleceremos la participación de los movimientos sociales y de las comunidades en auditoría, vigilancia y definición de los gastos públicos. No más elefantes blancos, obras que están inacabadas por todo el país. Necesitamos que los movimientos sociales y las comunidades controlen efectivamente el gasto público y que no quede simplemente a recaudo de las redes de políticos mafiosos. Porque la lucha contra la corrupción no es tarea solo de un gobierno, es una causa del pueblo. Y por eso les invito a una rebelión ciudadana anticorrupción en todo el país. Compañeras y compañeros, como ustedes saben, estamos ya en las últimas semanas de esta campaña electoral. Se avecina el momento decisorio y conforme se consolida nuestra potente ola de respaldo popular en todo el país, llevamos 80 actos en los que han participado más de 400,000 personas en todo Colombia hasta ahora, desde el mes de agosto hasta este día. Y conforme se consolida esta ola de respaldo popular, también se hacen cada vez más agresivas y más sucias las campañas de la extrema derecha y del establecimiento político y mediático en contra nuestra. Ayer, por ejemplo, se intentó impedir con bloqueos de vías promovidos por el uribismo que hiciéramos una gran concentración en Bucaramanga. No pudieron impedirla. Allá estuvieron miles de personas. En el día de hoy se intentó impedir que yo llegara hasta esta plaza para encontrarnos en este nuevo multitudinario acto en Pitalito. Y tampoco lo lograron. Nada ni nadie impedirá que el próximo 31 de mayo sellemos nuestro triunfo en las urnas. Compañeras y compañeros, el pueblo está el pueblo está dejo. Un barato, el pueblo está deo. Ni esas campañas sucias, ni las trampas que nos excluyeron de la consulta del pasado 8 de marzo, ni los bloqueos. han podido impedir que el pueblo organizado y movilizado demuestre su fuerza y su respaldo por nuestra candidatura presidencial y vicepresidencial. Nuestro respaldo al pacto histórico y a la alianza por la vida. Así la extrema derecha y su jefe Álvaro Uribe Vélez se empeñen en mentir y negarlo desesperadamente. La gente sabe que nuestro gobierno conducido de manera correcta por nuestro compañero presidente Gustavo Petro Urrego, ha producido cambios sociales que están mejorando de manera efectiva la vida de millones de colombianas y colombianos. Pero la sociedad colombiana ha dejado de creerles. Yo les pregunto, ¿cómo se puede negar, si no es con mentiras, el crecimiento de la producción de alimentos en este país, la disminución del desempleo, la restitución masiva de tierras? ¿Cómo se puede desconocer si no es con mentiras el bienestar que trae el salario vital para millones de hogares de las trabajadoras y los trabajadores del país? ¿Cómo se puede negar si no es con mentiras el beneficio que para la juventud tiene la matrícula cero en las universidades públicas? y el fortalecimiento presupuestal de la educación, la construcción de centros universitarios en zonas rurales del país. ¿Cómo se puede desconocer que mientras la extrema derecha se ha limitado a hipócritas proclamas sobre la fuerza pública, nuestro gobierno sí está tomando medidas efectivas. en materia salarial y pensional que han traído más bienestar que nunca a los soldados y policías de nuestro país. ¿Cómo se puede negar si no es con engaños que nuestro gobierno ha sacado de la pobreza a 2,600,000 personas? ¿Cómo se puede ocultar que nuestro gobierno ha mejorado la situación de 1,600,000 personas adultas con la reforma pensional que la extrema derecha y una de sus candidatas intenta acabar a toda costa demandándola ante el Consejo de Estado. ¿Cómo se puede ignorar que nuestro gobierno ha hecho los pactos regionales del Catatumbo, de Nariño, del Cauca para traer desarrollo, bienestar y oportunidades de progreso a los territorios y sus poblaciones. Nada de eso se podrá desconocer. Nada de esto es mentira ni fantasía. Son los hechos que sustentan el respaldo popular a nuestro presidente Gustavo Petro, a nuestro gobierno y a nuestro programa. Y esas son las razones por las cuales millones de personas saldrán a darnos la victoria electoral el próximo 31 de mayo en primera vuelta presidencial. Vamos a continuar con esos cambios, a profundizarlos y a traer nuevos cambios para que Colombia sea una potencia mundial de la vida. Así que vive si presidente, se vive se siente sea presidente se vive. Presidente, presidente. Así que desde esta plaza llena, a pesar de la lluvia, a pesar de los distintos hechos que han intentado impedir que aquí estemos, les hago una invitación a que el 31 de mayo, desde muy temprano vayamos a las mesas y puestos de votación. marquemos por la primera casilla para ganar en primera vuelta arriba y a la izquierda. Y algo muy importante, después de que se cierren las votaciones, vigilemos rigurosamente que no nos roben ni un solo voto. Así que vamos a ganar en primera vuelta. Adelante compañeras y compañeros. Que viva el pacto histórico. Que viva la alianza por la vida. Que viva el pueblo de Pitalito y del Huila.";"1990"
"WMWNuNQPFcU";"20260417";"CUATRO PROPUESTAS DEL SISTEMA NACIONAL ANTICORRUPCIÓN";"https://youtu.be/WMWNuNQPFcU";"Nada ni nadie nos va a impedir triunfar en primera vuelta. Vamos a enfrentar la gran corrupción a sus jefes, a los políticos que la dirigen y a las redes criminales que la sostienen. Nuestra lucha anticorrupción será implacable. Venga de donde venga, caiga quien caiga. Vamos a acabar con el despilfarro y con los privilegios de las élites que han capturado el Estado colombiano. Ha llegado la hora de que no sean los políticos corruptos quienes le roben el futuro a Colombia. Ha llegado la hora de que sea el pueblo organizado quien recupere de los patrimonios mal habidos de los corruptos. los recursos de la salud, de la educación, de la paz, de las víctimas, de los damnificados, de las regiones olvidadas del país. Ha llegado la hora de la rebelión ciudadana contra la corrupción y para eso, como lo propuse en septiembre del año pasado en Cali, en Colombia debemos crear un gran sistema nacional anticorrupción. Necesitamos un sistema anticorrupción para enfrentar la corrupción como sistema. Hoy quiero presentar ante ustedes, ciudadanas y ciudadanos de Santander, cuatro nuevas propuestas concretas que hacen parte del Sistema Nacional Anticorrupción. En primer lugar, vamos a aprobar, pido a mi bancada del Pacto Histórico que encabezece este propósito, la Ley Nacional Anticorrupción que tipificará la gran corrupción como delito grave, gravísimo. Esta ley endurecerá penas y tratará la corrupción como lo que es una forma de criminalidad organizada, así como se ha hecho en México. Por ejemplo, los grandes corruptos no tendrán casa por cárcel, ni beneficios judiciales que burlen a la justicia. Esta ley castigará severamente a los jefes de los aparatos de corrupción, pero a la vez establecerá incentivos para quienes aporten información valiosa que permita desmantelar estas organizaciones mafiosas. En segundo lugar, vamos a perseguir la evasión tributaria en las más altas esferas. Crearemos mecanismos para identificar plenamente las personas jurídicas en los procesos de contratación, no más empresas fantasmas y en el cumplimiento de sus obligaciones tributarias haremos que se cumpla, que todos paguemos impuestos. Ese no es un regalo, es un deber constitucional para todos los ciudadanos, no solamente para el pueblo. No puede ser que mientras el pueblo paga cumplidamente sus obligaciones tributarias y debe desembolsar todos los días el pago del IVA, los grandes contribuyentes evadan su responsabilidad. Pagar impuestos de acuerdo a lo que se gana es un deber cívico y constitucional. Todas y todos debemos pagar impuestos, no solamente la gente del pueblo colombiano. Que se oiga claro y fuerte. Vamos a acabar entonces con el privilegio de la evasión de impuestos de cuello blanco, que es también una forma de corrupción, por supuesto. En tercer lugar, reformaremos el sistema general de regalías para que deje de ser un foco de corrupción y se convierta en un motor del desarrollo de los territorios de Colombia. Los recursos de las regalías que provienen de la explotación de nuestra riqueza natural. en los territorios deben transformar la vida de los municipios, especialmente de aquellos que han sido históricamente excluidos. No más municipios donde hay explotación minera o petrolera que no tienen acueducto y que no tienen energía eléctrica en los hogares. Y en cuarto y último lugar, algo fundamental. Abriremos de par en par las puertas para la participación ciudadana en el control, la vigilancia, la propuesta y la auditoría de los recursos, los contratos y las obras públicas del país. La gente tiene que poder vigilar dónde van los recursos públicos.";"578"
"LVUAiZc4uiA";"20260418";"＂POR LA SALUD Y LA VIDA＂";"https://youtu.be/LVUAiZc4uiA";"Se vive, se siente, se pega presidente, se vive, se siente, se peda, presidente. Fuerte el aplauso para el próximo presidente, Iván Cepeda. Gracias. Bienvenido a Tungja, senador y próximo presidente, Iván Cepeda Castro. Gracias. Gracias. Me alegra ver esta plaza colmada de gente de nuestro pacto histórico. Saludo Alianza Verde. Saludo a todos los liberales, a los miembros de todos los partidos y movimientos sociales. Nuestra querida y futura próxima vicepresidenta, primera mujer indígena. vicepresidenta Ida Quilcué les manda un gran abrazo. Sigue recorriendo el país. El día de hoy el presidente Gustavo Petro, quien está haciendo un importante recorrido internacional, ha señalado en su cuenta de X que ha sido informado un plan criminal en mi contra. y que es conocido por parte de la Central de Inteligencia Americana. Quiero comenzar este discurso diciendo claramente, nunca, óigase bien, nunca lograrán que nos detengamos. Ningún miedo. Nadie evitará que lleguemos al segundo gobierno progresista. No pasa nada. No pasará. Así que pasará. Cero miedo. Cero miedo. Aquí estamos y aquí nos mantendremos. Somos sobrevivientes de muchas luchas. Así que adelante, compañeras y compañeros. El 31 de mayo vamos a derrotar en las urnas a la extrema derecha colombiana. He preparado un discurso para la tarde de hoy que se llama Por la salud y la vida. Queridas compañeras y queridos compañeros, me honra dirigirme a ustedes en esta tierra donde nació la República. Aquí en el corazón de estas montañas se libró una de las gestas más decisivas de nuestra historia, la batalla de Boyacá en 1819. No fue solo la victoria de una batalla militar, fue el triunfo de un pueblo decidido a ser libre. Fue el comienzo de nuestra primera independencia. Hoy recordamos con honor y orgullo el sacrificio de quienes cruzaron el páramo de Pisba, desafiando el frío, el hambre y la muerte. Recordamos a los campesinos que apoyaron la causa libertadora, a los lanceros que con coraje cambiaron el rumbo de la historia y derrotaron el colonialismo. Hoy acá no solo fue escenario, fue protagonista de la independencia y esa valentía sigue siendo ejemplo para todo el pueblo colombiano. Ha sido una larga historia y una larga tradición de lucha que ha conocido momentos que han iluminado a todo el pueblo colombiano como el del paro agrario. Recordémoslo, en 2013 y en todas las ocasiones en las que el campesinado boyacense levantado para exigir justicia. No han sido protestas simplemente, sino el clamor de quienes sostienen la alimentación de todo el país. Nuestra soberanía alimentaria la han garantizado los campesinos y las campesinas de Boyacá. Desde Tunja hasta las veredas más apartadas, el pueblo ha salido a defender el derecho a la vida con dignidad, denunciando el abandono estatal, los altos costos de producción y la competencia desigual frente a las importaciones promovidas por décadas de neoliberalismo. impulsado por los gobiernos de la extrema derecha. Boyacá le enseñó y le ha enseñado a Colombia que el campo no se rinde y que el campesinado es un movimiento transformador, poderoso cuando se activa y se levanta. A ese campesinado le digo con convicción y con compromiso que será el centro de la revolución agraria que promoverá mi gobierno con acceso a la tierra. Créditos baratos, tecnificación, compras públicas de alimentos. y medidas de protección a nuestra producción de papa y cebolla. Quiero expresar también un profundo reconocimiento a los movimientos ambientalistas de este departamento. Ustedes han sido guardianes del agua, de los páramos y de la vida. han defendido el territorio del fraking, las megaobras hidroeléctricas y un modelo codicioso que arrasa la naturaleza en nombre de las ganancias. Boyacá es ejemplo de esa lucha y esa misma fuerza inspira nuestro proyecto político, la fuerza de la naturaleza, la fuerza del campo, la fuerza de la vida. Hoy, compañeras y compañeros, luchamos por obtener nuestra segunda independencia. que ha comenzado a construirse con el gobierno del cambio social del pueblo y del pacto histórico, acertadamente conducidos por nuestro gran compañero presidente Gustavo Petro Urrego. Así es. Hemos comenzado nuestra segunda independencia para liberarnos definitivamente de la opresión, de la pobreza, de la desigualdad, del racismo, del odio contra los pobres, del patriarcado, de la violencia, de la injusticia social, de la ignorancia, del atraso y de la corrupción. Estamos construyendo una revolución pacífica que tendrá su segundo periodo cuando el próximo 31 de mayo triunfemos en primera vuelta y nos convirtamos con mi compañera de fórmula. en los nuevos presidente y vicepresidenta del segundo gobierno progresista de la historia republicana de Colombia. Como ustedes lo han visto, en el primer gobierno progresista, el país ha comenzado un proceso de transformaciones reales que no solo han comenzado a crear bienestar para millones de personas, sino que han puesto las bases para una Colombia distinta, más justa y equitativa. Hemos puesto las bases de la revolución agraria, el impulso de la economía popular, la disminución de la pobreza y de la desigualdad, también del desempleo, la continuidad de los pagos de los programas de bienestar social, el salario vital de más de 2 millones de pesos para las y los trabajadores, las matrículas gratuitas en la universidad pública, la construcción de universidades en territorios rurales, la defensa de derechos laborales y pensionales. Pero nos falta un camino, nos falta un camino por recorrer para lograr la patria justa, pacífica y democrática que necesitamos y queremos. Por eso, hoy en Boyacá, tierra de historia y de luchas, me dirijo a ustedes para hablar de un tema que toca lo más profundo de la vida humana, la salud. La salud es el derecho esencial a vivir plenamente, sin padecimientos, sin enfermedades, sin dolor corporal o psíquico que podemos evitar, sin angustia, sin la incertidumbre de no saber si seremos atendidos cuando más lo necesitamos. La salud esencial. La salud es la posibilidad de una vida plena. Es la tranquilidad de una madre, la seguridad de un trabajador, la esperanza de una familia. Y sin embargo, en nuestro país ese derecho ha sido monstruosamente desfigurado, convertido en algo distinto y ajeno a la verdadera naturaleza que tiene. Hace algunos años, recordémoslo, una pandemia nos enfrentó a una verdad que ya estaba ahí, pero que muchos prefirieron no ver. nos mostró con crudeza el COVID, las grietas de un sistema que dejó de poner en el centro a las personas para poner en el centro los negocios. La pandemia nos reveló que cuando los derechos se privatizan, cuando se entregan a la lógica de la rentabilidad, lo que se pierde no es solamente eficiencia, lo que se pierde es la vida. Porque debemos decirlo sin rodeos, el modelo que privatizó el sistema de salud, la Ley 100 de 1993, creada como si esto fuera poco en su historia y en su prontuario por el dirigente de la extrema derecha, Álvaro Uribe Vélez. convirtió la salud en una mercancía. Estáando el estáando el Esta ley transformó la salud en un campo de lucro, en un espacio donde la codicia encontró terreno fértil. Allí, donde debía haber humanidad hubo codicia. donde haber cuidado hubo negocio y las consecuencias las estamos hoy viendo. Un sistema que hoy se cae a pedazos, no por accidente, sino por la acumulación de fallas estructurales. La intermediación financiera que desvía recursos esenciales, la corrupción que ha saqueado los dineros públicos con cifras que escandalizan, por lo menos, óigase bien, 50 billones de pesos en los últimos años y la quiebra de empresas que después de lucrarse trasladan sus deudas a toda la sociedad. A este panorama se suma nuestro drama cotidiano. Pacientes, mujeres y hombres con cáncer buscando medicamentos que no llegan. Trabajadores de la salud, mujeres y hombres sometidos a condiciones indignas. Hospitales que cierran sus puertas, comunidades rurales condenadas a toda clase de enfermedades. Es la desigualdad hecha sistema. Es la injusticia convertida en norma. Es un sistema que en lugar de traer salud y plenitud a nuestros compatriotas, les ha dejado vivencias escalofriantes y crueles, como por ejemplo la de los vampiros del cartel de la hemofilia, la de los paseos de la muerte o la de los corredores de la muerte, de pacientes asinados esperando una cama hospitalaria. o un quirófano para una operación de urgencia. Por eso, digámoslo con serenidad, pero con firmeza. Este modelo ha fallado y hay que reformarlo desde sus bases hasta toda su estructura. ha fallado no en lo accesorio, sino en lo esencial. ha fallado en proteger la vida de la gente y que ahora no tengan el descaro de decirnos que el colapso de todo este andamiaje es obra de nuestro gobierno. La clase gobernante colombiana es por excelencia hipócrita. Privatiza la atención médica. Se llena por décadas los bolsillos con los dineros públicos de la salud y cuando el sistema se viene abajo le echa la culpa al presidente Petro, al gobierno progresista que recibió este desastre neoliberal. Digámoslo con toda claridad. Le echan la culpa a nuestros congresistas y a nuestras congresistas que valientemente intentan reformar el sistema. Se lucran, roban y le echan la culpa a quien viene a resolver el problema. Hágame el favor. Es como aquel que está robando y cuando es sorprendido mira para otro lado y grita con alarma, ""¡Cojan al ladrón! ¡Cojan al ladrón! No podemos seguir administrando la crisis y pagando la deuda de los delincuentes que se han robado la salud del pueblo colombiano. Se necesita un plan de choque que responda a la urgencia del presente, pero también una reforma estructural que mide hacia el futuro, un sistema de salud que garantice atención integral, digna, oportuna y sin privilegios. un sistema que vamos a construir con el pueblo para que vuelva a poner en el centro la vida de la gente, no los negocios. Por eso hoy presentamos al país nuestro plan de choque para atender la crisis del sistema de salud y comenzar su reforma estructural. Nuestro segundo gobierno progresista continuará profundizando el cuidado de la vida como el eje central de la acción del Estado. Lo haremos impulsando un modelo de salud preventivo ante todo que acompaña a las personas en su lugar de vivienda, a las familias y a las comunidades en sus territorios a través de equipos de atención primaria que no solo atiendan la enfermedad, sino que la eviten. que observen el pulso de la vida cotidiana, tengan el historial médico de cada persona y articulen soluciones integrales, agua potable, vías dignas, educación, nutrición para los niños y niñas, trabajo, salud mental y prevención de la violencia. Todo eso es salud, compañeras y compañeros. Porque la salud no empieza en un hospital, empieza en las condiciones mismas de vida. Superaremos un sistema que se ha lucrado y que ha lucrado a unos pocos con la enfermedad y ha convertido el sufrimiento en negocio para construir un sistema que promueva el bienestar de todas y todos. Fortaleceremos estos equipos con tecnologías diagnósticas y telemedicina para llevar atención oportuna a cada vereda y a cada barrio, respetando e incorporando los saberes ancestrales de nuestros pueblos y comunidades originarios. Al mismo tiempo, exigiremos responsabilidades a las EPS. deben garantizar el flujo real de los recursos hacia hospitales y proveedores, saldar sus deudas y someterse al control del Estado. Avanzaremos hacia una reforma estructural que haga del derecho a la salud una realidad y no una promesa, incluyendo el giro directo a los prestadores para que cada peso llegue donde debe llegar, no a los bolsillos de los políticos y los empresarios corruptos, sino que sea destinado para cuidar la vida de la gente. Esta transformación se sostendrá sobre la territorialización de los servicios de salud, organizando redes cercanas, eficientes al servicio de la gente y no del interés de los particulares, donde hoy no hay infraestructura suficiente. Construiremos y fortaleceremos hospitales y centros de atención, priorizando las regiones históricamente olvidadas para que nadie tenga que recorrer largas distancias en busca de atención. Y eso lo decimos con la valiosa experiencia de la lucha del presidente Petro como alcalde de Bogotá para rescatar el hospital San Juan de Dios, que hoy ha vuelto a ser una realidad para los colombianos. Enfrentaremos con decisión la crisis de medicamentos mediante acuerdos urgentes que permitan la compra centralizada, amplíen la oferta y reduzcan los costos de los medicamentos al tiempo que impulsamos el renacer de la industria farmacéutica nacional para garantizar soberanía sanitaria. Y todo esto será posible con una apuesta decidida por el talento humano en salud, más formación en universidades públicas con enfoque preventivo y humano y un plan que lleve profesionales de la medicina a todos los territorios. Trabajaremos en el cuidado del personal de enfermería, porque las enfermeras y los enfermeros son la primera línea de la lucha por la vida en los centros de atención médica. Porque cuidar la vida no es una consigna, es una responsabilidad histórica. Y en esa tarea es donde se mide la dignidad de un país y la conducción de un gobierno que es con el pueblo, por el pueblo y para el pueblo como será el nuestro. Compañeras y compañeros, hoy tenemos todo para ganar en primera vuelta con mi equipo, con los congresistas y y las congresistas que hemos elegido con la Alianza por la vida que ahora se fortalece con la muy valiosa presencia saludo en esta plaza de manera especial y a nuestro compañero Ariel Ávila con la compañera vicepresidenta Aía Quilcé con todas y todos los convoco hoy aquí desde Boyacá a las organizaciones sociales al campesinado, a la juventud, a las mujeres, a las y los trabajadores, a los liderazgos de todos los partidos políticos, al empresariado democrático que entiende que solo habrá futuro con reformas sociales y con prosperidad y justicia. Los convoco a que ganemos la elección de nuestro segundo gobierno el 31 de mayo. Desde ya les hago la invitación a recorrer palmo a palmo el territorio. Presidente, presente sea presidente, les hago la convocatoria presidente a que hablemos con nuestros amigos, con nuestros vecinos, con nuestras comunidades, que convenzamos a los que todavía no están convencidos, que convenzamos a quienes dudan y a los convencidos a que vayan a convencer a los que no están convencidos, a que vayamos casa por casa hablando con la gente, mostrando los logros de nuestro gobierno, a que movilicemos el electorado el día 31 de mayo a las urnas, a que marquemos arriba y a la izquierda la primera casilla y que al cerrarse la votación, ojo con esto, vigilemos atentamente para que no nos roben ni un solo voto de los que hemos trabajado, ni uno solo. Presidente, presidente. Presidente, presidente. Presidente, presente presidente. El pueblo de Boyacá será vital para la victoria popular. Esta tierra de lucha, de trabajo y de dignidad ayudará a escribir una nueva página gloriosa para nuestra nación. Desde ya les agradecemos su fuerza, su compromiso, su decisión valiente de ponerse del lado de la vida, de la justicia social, del lado del pueblo. Voy a repetir una vieja consigna que seguramente todos recordamos. Me llamo Iván Cepeda y quiero ser su presidente en primera vuelta. Hola, hola, hola. Dame volumen, por favor. Hola, hola, hola. Volumen. Hola. y serás nuestro presidente. Presidente Iván Cepeda, mucha atención, por favor. Eh, en nombre de todo el Pacto Histórico de Boyacá, le queremos dar un precioso obsequio y Sara ha sido la delegada para dar este obsequio. Ustedes se preguntan, ¿qué será este obsequio? ¿Verdad? ¿Qué será este obsequio? Vamos a ver, señoras y señores, adivinen, por favor. Si si puede darse la vuelta, compañera, por favor, denle espacio para que podamos tenerlo aquí en la cámara. Muy bien. ¿Qué será este regalo para nuestro próximo presidente? Vamos a ver, señoras y señores, la vuelta. Aquí se llama Iván Ceseda y será nuestro próximo presidente. Ese regalo tejido con las manos. Y con la lana de acá, Que se la ponga un poquito para acá, dicen. Venga para acá un poquito, que lo vean acá un poquito, que si se deja ver. Está contigo porque es el pequeño homenaje de sus padres que entregaron la vida por nosotros. Se llama y será el próximo presidente de Colombia. Ah.";"2699"
"okCW1-ceQUk";"20260419";"＂VAMOS POR LA REVOLUCIÓN AGRARIA＂";"https://youtu.be/okCW1-ceQUk";"En primera vuelta. En primera vuelta se peda, presidente. En primera vuelta. Buenas tardes, sugazugá, Un abrazo de la que va a ser la vicepresidenta, la primera mujer indígena que va a ser vicepresidenta de Colombia. Aía Quilcu está recorriendo el país también. Quiero leer esta tarde una intervención que dedico con mucha admiración, cariño y respeto al gran movimiento campesino de esta región. Intervención en la cual ustedes van a ver, voy a hacer un importante anuncio al país, se llama Vamos por la revolución agraria. Queridas compañeras y queridos compañeros, me alegra estar hoy aquí y saludar con respeto, con el gran respeto que merece al valiente pueblo de Suma Paz, una región y un pueblo que han sido faros de dignidad para Colombia. Vamos, mira. Quien quiera reconocer el legado de las luchas sociales en su mapaz de rendir homenaje merecido a la figura legendaria que organizó y lideró el campesinado en esta zona, Juan de la Cruz Varela. Su lucha incansable por la tierra y por la paz marcó el rumbo de la acción política del campesinado en todo el país. Su vida atravesada por la persecución, pero también por la esperanza, inspiró a generaciones de campesinas y campesinos a organizarse, a resistir y a soñar con la reforma agraria justa que estamos construyendo en Colombia. Y hoy esa herencia de luchas está viva en cada vereda de su mapaz. Lo más los más valiosos resultados de esas luchas históricas de este campesinado son la concepción y la movilización por la reforma agraria y la creación de las zonas de reserva campesina. como conquistas históricas del pueblo colombiano. Las zonas de reserva campesina son la expresión organizada e institucional del campesinado como sujeto político, con identidad, con territorio, con un papel esencial en la economía nacional, la economía campesina. no solo alimenta a Colombia, sino que preserva saberes ancestrales, cuida la biodiversidad y sostiene la vida en el campo. Como lo decía el Papa Francisco, quienes trabajan por la tierra no son actores marginales del desarrollo, sino custodios esenciales de la vida, de la naturaleza y de nuestra propia supervivencia. Los campesinos y las campesinas con sus manos sostienen el alimento que llega a nuestras mesas y preservan un conocimiento ancestral que ningún modelo económico debería despreciar. El pueblo de Sumapaz también ha sido ejemplar en la defensa del territorio. Aquí las comunidades han protegido ni más ni menos que el páramo más grande del mundo. Lo han protegido de amenazas extractivas. han impulsado las consultas populares y han levantado una voz firme en defensa del agua y de la vida. Esa fuerza colectiva tejida en la movilización social y en la organización campesina, junto con experiencias como las zonas de reserva, han demostrado que cuando el campesinado gobierna su territorio y lo defiende, no solo protege su sustento, sino que cuida uno de los ecosistemas más estratégicos para la vida En Colombia y en el mundo, óigase bien, el campesinado de su mapaz es guardián del agua en el mundo. La defensa de la reforma agraria y de las zonas de reserva campesina han tenido un alto costo para este valiente pueblo. Lo sabemos. Miles de víctimas han soportado el despojo, la violencia y además la persecución que se ha desatado para que ellas, las víctimas, no ejerzan el poder de la verdad y se logre borrar esa historia de sufrimientos e injusticias. Pero no lo han logrado, compañeras y compañeros. ha sido más poderosa la memoria de este pueblo. Ante ustedes vengo hoy a comprometerme con esas luchas históricas. El segundo gobierno progresista que vamos a elegir en primera vuelta el próximo 31 de mayo, que presidiré junto a mi compañera Aía Quilcué. El segundo gobierno progresista que presidiremos con Aida Quilcué será el gobierno de la revolución agraria, de la defensa del agua, de la vida y de los páramos. El pueblo está contigo. Amigo, el pueblo está contigo. Esta región el pueblo está contigo. El pueblo está contigo. Amigos, el pueblo está contigo. Amigos, el pueblo está contigo. Esta región y sus luchas han sido también una fuente de inspiración permanente para el enorme esfuerzo que ha adelantado el gobierno liderado con acierto por nuestro compañero presidente Gustavo Petro Urrego, quien mañana cumple años. Desde aquí saludamos al presidente en su cumpleaños. Tras años de persecución contra el campesinado y contra las zonas de reserva campesina por parte de gobiernos uribistas y de extrema derecha, hoy Colombia empieza a ver resultados concretos en materia de reforma. forma agraria. El pueblo estáando el pueblo está. Se ha avanzado en la creación de 20 de las 27 zonas de reserva campesina existentes, superando ya el millón de hectáreas bajo esta figura. Se aprobó el reconocimiento constitucional del campesinado como sujeto de derechos. Y el impacto de la formalización de títulos y de la compra de tierras es de 2.5 millones de hectáreas, configurando así el avance más significativo en la historia reciente del país para enfrentar de manera estructural el problema de la tierra en Colombia. Estos avances ya se ven reflejados en la vida cotidiana del país. Alimentos más baratos para las familias colombianas, campesinos y campesinas con mejores ingresos y un impulso real a la transformación de la economía. Por eso, en mi gobierno abriremos una nueva etapa que será, repito, la de la revolución agraria con rostro campesino, indígena y afro. El campesinado será eje de las decisiones y contará con los recursos necesarios para convertir en realidad sus planes de desarrollo sostenible. En el Sumapaz avanzaremos decididamente en la aprobación de las zonas de reserva campesina de San Bernardo, Pasca y Fusagaz. Vamos a consolidar un gran cinturón territorial de protección del páramo de Suma Paz, que fortalezca la organización social y proyecte una economía campesina sólida y con identidad. La revolución agraria necesariamente vendrá de la mano de un verdadero ordenamiento democrático y ambiental del territorio organizado en torno al agua como el eje de la vida. Amigo, el pueblo está conmigo. Se queda, amigo. El pueblo está conmigo. Garantizaremos que las comunidades de Sumapaz participen de manera incidente en las decisiones sobre el uso del suelo, el modelo de desarrollo y la relación de la región con Bogotá, como lo hemos afirmado, y lo cumpliremos. Nuestro gobierno es por el pueblo, con el pueblo y para el pueblo. Es un gobierno en que Aida y yo mandaremos obedeciendo, dialogaremos escuchando. Compañeras y compañeros. Así es, es así como el movimiento campesino ha buscado la democracia, el bienestar y el desarrollo nacional con la reforma agraria. Asimismo, debo decirlo, ha existido una clase latifundista ligada la extrema derecha política, que en su afán por extender su poder e influencia ha sostenido un orden premoderno, semifeudal y violento, un rasgo esencial de esa extrema derecha terra teniente. es que ha estado orgánicamente ligada al despojo masivo de tierras, a la masacre, al genocidio del campesinado, al desplazamiento forzado, a mantener a la población rural en la pobreza y el atraso, a lavar los dineros del narcotráfico en la compra de tierras, a mantener la práctica sistemática del asesinato de liderezas y líderes sociales, a criminalizar cualquier intento de búsqueda de la paz, a oponerse a la jurisdicción agraria, a perseguir las organizaciones del campesinado, pero sobre todo a ser enemigos de la reforma agraria. El proceso electoral hoy en 2026, óigase bien, enfrenta precisamente esas dos visiones de país y del lado de la extrema derecha están los representantes de ese sector latifundista ultraconservador. De una parte, el jefe de la extrema derecha, Álvaro Uribe Vélez, que representa a terratenientes emergentes que se quedaron con las tierras de campesinos, indígenas y afros, desplazados por masacres en departamento como Antioquia, Córdoba y Sucre, cuyas tierras eran codiciadas por su fertilidad, por tener minas de oro y por ser aptas para la reforestación o los cultivos de palma de aceite. Y también en ese grupo, en ese sector, está la representante de un linaje de viejos terratenientes en el Cauca, la familia Valencia, que desde el siglo X, la familia Valencia, que desde el siglo despojaron a los indígenas de las tierras y los territorios en los que hoy se conoce como el departamento del Cauca. despojaron a los pueblos indígenas como el pueblo NASA de sus tierras, a pesar de que estos pueblos poseían títulos coloniales que los acreditaban como pobladores y poseedores originarios de esos dominios. Desde la colonia, figuras como Pedro Valencia promovieron sistemas como el terraje que sometían a los pueblos indígenas a formas de trabajo forzado a cambio del uso de la tierra. Con el sabio liderazgo de Manuel Quintín Lame, pueblos indígenas. Manuel Quintín Lame. Pueblos indígenas como el NASA en el Cauca han dado ejemplos de resistencia histórica a la voraz usurpación de sus tierras. A comienzos del siglo XX, la élite payanesa no solo persiguió las luchas agrarias encabezadas por Manuel Quintín Lame, sino que las enfrentó con desprecio racial abierto. Guillermo León Valencia, presidente de la República y uno de sus más férrios opositores. Ya. Dejemos que repito, repito, Guillermo León Valencia, presidente de la República y uno de sus más férreos opositores, llegó a referirse a él como asno de los montes. Así se refería a Manuel Quintin Lamet, expresión que sintetiza el racismo con el que se intentó deslegitimar la lucha indígena. Por eso, entre muchas otras razones, para mí es un orgullo contar como fórmula vicepresidencial a Ida Quilque, quien representa de manera emblemática otro linaje, el de las luchas populares en el Cauca. El uribismo y la descendiente de esa clasista y racista tradición terrateniente, Paloma Valencia ha catalogado la resistencia indígena como un litigio con invasores ilegales. llegó incluso a explicitar la aberrante propuesta racista de segregar a los indígenas, dividiendo el departamento del Cauca en dos. Por su parte, cuando fue presidente de la República, Uribe reprimió violentamente las protestas indígenas e incluso llegó a proponer como estrategia incentivar las disputas entre los pueblos indígenas, porque había que buscar que, entre comillas, entre los delincuentes se maten a esa extrema derecha. a esa concepción oligárquica de la tierra, a esa violencia contra los pueblos campesino, indígena y afro, a esa visión de un país atrasado y feudal, es la que vamos a derrotar en las urnas el próximo 31 de mayo. Como se los he dicho a Uribe y a su gente, el 31 de mayo nos vemos en las urnas y aquí viene el anuncio. Compañeras y compañeros, aquí viene el anuncio. Atención a esto. Dado que entonces estamos ante dos modelos de sociedad y de país que se han confrontado a lo largo de nuestra historia, es necesario que dirimamos el rumbo de la nación. O seguimos y profundizamos el cambio social por la vida o volvemos al pasado de la acumulación rapaz criminal que ha asumido al pueblo en la pobreza y la violencia. Por eso, atención a esto. Por eso, atención a esto. Desde este territorio que representa esa confrontación histórica de modelos de país, desde esta multitudinaria concentración en Suma Paz, reto a la extrema derecha a sus dos candidaturas. Reto a la extrema derecha a sus dos candidaturas, a la senadora Paloma Valencia y al abogado Abelardo de la Espriella a que debatamos sobre propuestas de fondo. Llegó el debate. Ahora sí. a que debat propuestas de fondo, visiones de país y modelos de desarrollo y de equidad social. Como lo he dicho, mi debate no es con el centro político. Muchos de cuyos más representativos sectores ya se encuentran a nuestro lado en la Alianza por la Vida. Saludos al partido verde, al partido en marcha, Ariel Ávila, a Juan Fernando Cristo que nos acompañan en este acto, a los liberales y a otros partidos. Mi debate, nuestro debate es con la extrema derecha que representa la más retrógrada visión del mundo, la que busca sacrificar a los seres humanos sus derechos y su dignidad por las ganancias y el dinero. La que no le importa destruir la naturaleza. los páramos y el agua en su afán de acumular riquezas sin límites, la que acaba con los derechos de las mujeres y de las diversidades sexuales, la que practica el racismo y la segregación de los pueblos originarios, la que, en resumidas cuentas no le importa destruir la vida en el planeta por su ambición de poder y de riqueza. Así que así que llegó la hora en la que vamos a pasar del cómodo ejercicio que han practicado la candidata Valencia y el candidato de la espriella de calumniar, insultar y agredir para debatir a fondo al debate conceptual. argumentativo estructurado sobre ideas y propuestas y para que ello sea posible, atención también a esto, anuncio que concertaré las modalidades en que vamos a debatir. No voy a prestarme a la manipulación mediática y a la política del espectáculo. las condiciones equitativas, el temario, los moderadores y el escenario en el que se realizará serán rigurosamente pactados, de tal forma que en los próximos días designaré a las personas compromisarias que acordarán por mi campaña las condiciones básicas para asegurar que este ejercicio político no va a ser una manipulación, sino un ejercicio realmente democrático. Nos van a ver debatir ahora sí y se preparen. Compañeras y compañeros, convoco al pueblo de Sumapaz, a sus organizaciones sociales, a sus fuerzas políticas, al empresariado democrático que cree en un camino de prosperidad con justicia social, hacer suya esta campaña. Es el momento de sumarse al pacto histórico y a la Alianza por la vida, de recorrer vereda por vereda, casa por casa, calle por calle, dialogando con las familias, escuchando a los indecisos, motivando a quienes se han abstenido y convenciendo a quienes han votado en blanco. Que nadie se quede por fuera de esta conversación nacional, que este 31 de mayo el Sumapá se levante con fuerza y vote masivamente, marcando arriba y a la izquierda la casilla en la que estamos con Aida para hacer posible en primera vuelta el segundo gobierno progresista de nuestra historia republicana. Me llamo Iván Cepeda y quiero ser su presidente en primera vuelta. En primera vuelta se pega presidente. En primera vuelta se peda, presidente. Un agradecimiento especial al partido político en marcha y al partido Alianza Verde, a Juan Fernando Cristo y al senador Ariel Ávila. En primera vuelta sea presidente.";"2400"
"iSH5AEHq_ag";"20260420";"＂HOY 19 DE ABRIL＂";"https://youtu.be/iSH5AEHq_ag";"Gracias, gracias. Abrazo a Funza, a todo el pueblo de la sabana occidental de Cundinamarca. Quiero hoy dedicar este discurso a la fecha que hoy tenemos. Se llama Hoy 19 de abril. Queridas compañeras y queridos compañeros, saludo al pueblo de Funza y de toda la sabana occidental de Cundinamarca por el esfuerzo que ha realizado para preservar, desarrollar esta región que cuenta con tierra fértil y trabajos de sus pobladores. Saludo a este pueblo laborioso que ha contribuido a la riqueza del país, a la producción agrícola, a la industria, a los servicios y que incluso ha conquistado mercados internacionales. Un pueblo que ha producido riqueza económica, social, pero también que tiene una rica diversidad cultural. Me enorgullece estar entre ustedes en el día de hoy. Saludo y hago un reconocimiento al campesinado que ha resistido el avance de un modelo de expansión urbana y de especulación inmobiliaria que busca extender a Bogotá sobre la sabana sin orden y sin justicia. Saludo con admiración la lucha de los y las ambientalistas, de quienes defienden el agua de esta región. Han denunciado durante años la contaminación del río Bogotá. han alertado sobre la pérdida de los humedales, ecosistemas fundamentales para la biodiversidad ecológica de La Sabana. Y quiero saludar y reconocer a quienes trabajan en la flor y cultura, especialmente a las mujeres que han hecho posible que Colombia sea una potencia de exportación de flores. Desde esta sabana se genera una riqueza que llega a decenas de países, pero que no se ve reflejada en la vida de quienes la producen. En muchos casos, debo decirlo, persisten condiciones laborales injustas, salarios bajos, jornadas extensas, enfermedades laborales por el desgaste físico y la exposición a los químicos. limitaciones para acceder a derechos y a la organización sindical. Muchas de las mujeres son madres cabeza de hogar y sostienen doble jornada. Sí. Cada flor que se cultiva y produce en esta sabana encarna la historia de sacrificio de muchas mujeres. A ellas les rendimos hoy nuestro respeto y admiración. Este modelo que daña a seres humanos y destruye la naturaleza. genera explotación laboral, encarece la tierra, permite la especulación inmobiliaria, desplaza la producción agrícola y debilita la economía campesina en esta región. Este modelo es el que hemos comenzado a cambiar en este gobierno y el que tenemos que transformar radicalmente por el bien de nuestro pueblo. Por eso, como lo he hecho en muchos de los lugares que estoy recorriendo en el país, vengo a comprometerme solemnemente con la gente de la sabana occidental de Cundinamarca. El 31 de mayo, cuando sea elegido presidente de la República en primera vuelta y cuando mi compañera Aida Quilqué sea la primera mujer indígena en nuestra historia, vicepresidenta de República. Vamos a avanzar con decisión en cambiar este modelo y en defender los derechos de la gente. Vamos a proteger el campesinado, su economía y la soberanía alimentaria. Vamos a proteger a las mujeres trabajadoras de la floricultura y garantizar los derechos de los trabajadores en materia salarial, prestacional y pensional. Vamos a cuidar el suelo y el agua de la sabana. Vamos a impulsar un modelo de economía productiva con vías rurales para transportar los productos de la economía campesina a los mercados y además vamos a impulsar el turismo ecológico. Vamos a garantizar que las decisiones sobre el territorio y las vías y todo lo que ataña la vida de la gente, todo lo que ataña el destino del territorio, sean decisiones tomadas con la gente, con sus organizaciones y movimientos sociales, porque el segundo gobierno progresista que vamos a elegir en primera vuelta es el gobierno por el pueblo, con el pueblo y para el pueblo. Hoy es 19 de abril. Se puede, sí se puede, sí se puede, sí se puede, sí se puede, sí se puede, sí se puede, sí se puede. Hoy es 19 de abril y conmemoramos dos aniversarios, el nacimiento del M19 y el nacimiento de nuestro compañero presidente Gustavo Petro Urrego. Quiero hacer aquí algunas reflexiones sobre ambos aniversarios. Contigo amigo que el pueblo está sea contigo. Hace 56 años, en medio de un país herido por la desconfianza y la exclusión, un fraude electoral cerró las puertas de la democracia y empujó a muchos jóvenes, entre ellos, a pensar que no había Otro camino distinto al de las armas. El 19 de abril de 1970, lo recuerdo para los más jóvenes, el establecimiento y la oligarquía colombiana, encabezados por el señor Misael Pastrana Borrero, le arrebataron de manera fraudulenta las elecciones a la Napu. En ese contexto nació el M19 no solo como una insurgencia, sino como una pregunta sobre el sentido mismo de la democracia en Colombia. Fue una organización que desde sus inicios se atrevió a pensar distinto. Entendió que la lucha no puede reducirse a la confrontación armada. sino que debe ser un horizonte para la democracia, la dignidad y la participación del pueblo. Por eso, incluso en medio del conflicto armado, el M19 tuvo que plantear con claridad que la paz y el diálogo no eran una debilidad, sino una propuesta transformadora frente a la violencia. y la exclusión históricas. Con el paso del tiempo, esa reflexión se hizo más onda. El M19, sus comandantes y sus bases comprendieron que las armas que pretendían defender al pueblo comenzaban a perder totalmente su sentido y que ya no habrían caminos, sino que podían cerrarlos, que incluso esas armas corrían en el en la suerte y el riesgo de dañar a aquellos que buscaban supuestamente proteger. Y entonces el M19 tomó la decisión que exige más valor que la guerra y esa decisión es renunciar a la guerra. Entendieron que la verdadera revolución consiste en atreverse a cambiar el rumbo, en dar, como decía Carlos Pizarro, su comandante, que fue asesinado, en dar un salto al vacío, pero con la convicción de que la paz debía ser el camino del cambio. Ya no se trataba de hacer la guerra para alcanzar la paz, sino de construir la paz como condición para transformar a la sociedad. En esa apuesta histórica también estuvo Gustavo Petro, vinculado desde joven a las luchas populares, a las reivindicaciones por la vivienda y a la dignidad de los sectores excluidos. firmó la paz y ha cumplido con ese compromiso hasta el día de hoy. Fue parte de esa generación que decidió dejar atrás las armas y abrirse a la política civil, a la palabra y a la construcción democrática. Pero sobre todo Petro es fruto de esa decisión. Creció en la paz, en la acción política sin violencia, en la convicción de que el cambio verdadero se construye con la gente y no contra la gente. Es precisamente la grandeza de esta historia, haber demostrado que incluso en los momentos más oscuros, Colombia ha sido capaz de elegir la vida, la democracia, la esperanza, la paz como camino. Ese es el camino al que llamo a recorrer a todos los armados, a que renuncien a la violencia contra el pueblo y se unan a construir una sociedad distinta. La historia de los grandes liderazgos políticos y sociales suele entrelazarse con la historia misma del país y eso es precisamente lo que ocurre con Gustavo Petro. No se pueden recorrer los hechos más importantes de las últimas décadas sin encontrar su presencia. Después de la lucha armada con el M19, pasando por procesos de paz, la Asamblea Constituyente y la Constitución de 1991, la lucha contra los grandes carteles de la corrupción, la confrontación con la parapolítica y con la extrema derecha, la construcción de gobiernos locales progresistas hasta la firma del acuerdo de paz en 2016 y la conquista del primer gobierno progresista de la historia de Colombia. una trayectoria que refleja la lucha permanente y un profundo amor por el pueblo colombiano. La historia de los grandes liderazgos no se escribe al margen del destino de los pueblos y en Colombia esa verdad se encarna en la trayectoria del compañero presidente Gustavo Petro Urrego. Su vida ha sido una vida al servicio del pueblo. Es en esencia el recorrido de una convicción que no ha claudicado que la justicia social, la democracia y la paz son caminos que se construyen sin miedo y con amor profundo por el país. Podrán criticar el gobierno y el presidente, pero no pueden negar su gran acumulado de conquistas sociales que se han alcanzado respetando las instituciones, la democracia y la Constitución. Es cierto, en nuestro gobierno ha habido errores, desaciertos y vacíos. Se han presentado, lo reconozco aquí, situaciones de corrupción. que lo digo de una vez para que quede claro. En mi gobierno no solo corregiremos, sino que tomaremos las medidas para evitar que se repitan y sobre todo para sancionar ejemplarmente a quienes incurran en tales prácticas. que quede claramente sentado. El presidente Petro ha gobernado para la vida, para la dignidad, para quienes históricamente han sido excluidos. Por eso lo quiere tanto la gente trabajadora y por eso merece nuestro reconocimiento. Como hoy en un artículo lo recuerda mi compañero y amigo Gustavo Bolívar, hay que hacer la lista de los 100 logros de nuestro gobierno. Son muchos los avances positivos. que han mejorado en estos años la vida de millones de personas. Voy a nombrar tan solo 10 de ellos. Nuestro gobierno y el presidente Petro primero han producido el más alto incremento del salario mínimo en la historia del país. El salario ha pasado a ser un salario vital de más de 2 millones de pesos. Segundo, han sacado de la pobreza más de 3 millones de compatriotas, según cifras del dane, y han conseguido que tengamos los índices de pobreza más bajos desde el año 2010. Tercero, han entregado más de 700,000 hectáreas de tierra al campesinado más pobre y esperan llegar a 1 millón de hectáreas al final de este periodo. Es decir, han entregado 30 veces más tierra de la que entregaron los gobiernos anteriores. No tiene precedente. Cuarto, nuestro gobierno y el presidente Petro han garantizado y protegido el derecho a la protesta social, sin reprimir a los jóvenes, sin reprimir a la oposición. Quinto, han tipificado, perdón, han triplicado el bono pensional para 3 millones de adultos mayores, duplicando el número de beneficiarios. Sexto, han duplicado los presupuestos de educación y salud. Hoy se gasta el doble en educación y salud que en anteriores gobiernos. Séptimo, han reducido 50% las muertes por desnutrición infantil. Octavo. han entregado por primera vez salario mínimo a los miembros de la fuerza pública y han democratizado la carrera militar, permitiendo que cualquier joven, así tenga un origen popular pueda llegar a ser general de la República. Han creado el salario mínimo para cerca de 400,000 aprendices del Sena que antes trabajaban gratis. Noveno, han obtenido que 350,000 nuevos estudiantes sean matriculados gratuitamente en la educación superior. Décimo, han disminuido drásticamente la deforestación en Colombia, 70% en 2023. Esos son solo 10, pero podríamos seguir y seguir hablando como lo hace Gustavo Bolívar. recomiendo su artículo de los 100 principales logros enunciados uno por uno. Compañeras y compañeros, las conquistas obtenidas marcan, sin lugar a dudas el comienzo de un cambio histórico en Colombia, que yo continuaré con coherencia y entrega total acompañado por ustedes, a pesar de los ataques más despiadados de poderosas campañas mediáticas, está contigo de mentiras y odio. El pueblo está contigo. Sea, amigo, el pueblo está contigo. A pesar de los ataques más despiadados, de poderas campañas mediáticas, de mentiras y de odio, de intentos por desestabilizar nuestro gobierno, con presiones que incluso se hacen en la frontera con Ecuador y en Estados Unidos, de amenazas y planes criminales, de bloqueo de las reformas sociales en el Congreso de la República. El balance que podemos entregar hoy 19 de abril es que hemos venido cumpliendo con nuestro programa de transformaciones sociales y que hoy Colombia ha comenzado a cambiar con la participación decidida del pueblo organizado y movilizado. Les hago la invitación entonces a que nos sumemos al pacto histórico, a la alianza por la vida, para recorrer casa por casa, dialogar con cada familia y cada comunidad, convencer a quienes todavía están dudando. Y este 31 de mayo en primera vuelta y marcando la primera casilla del tarjetón arriba y a la izquierda, los convoco a que triunfemos y nos elijan a Ida Quilcué, vicepresidenta de la República y a mí como el sucesor de nuestro compañero presidente Gustavo Petro, a quien desde esta plaza le enviamos nuestro abrazo de feliz cumpleaños. Me llamo Iván Cepeda y quiero ser su presidente en primera vuelta. Se vive, se siente, se pega presidente. Se vive, se siente, se peda, presidente. Mucha atención. Vamos a tomar la foto, presidente. Vamos a tomar la selfie. La selfie, la selfie de toda esta plaza. Arriba esas banderas, compañeros y compañeras. Se llama Iván Cepedo y será nuestro próximo presidente. Vamos por los derechos Iván Cepa. Si viene de visita, salgo rápido de casa. Me voy con la familia y los amigos para la plaza. Se asoman los vecinos y ya fulta la terraza. Llegó con la verdad y lo recibe aquí mi raza con el corazón. con el corazón. Iván ya llegó. Se escucha fuerte el clamor del pueblo también en la vereda, en la calle y en el andén. Que lo escuche la ciudad. Yo apoyo la verdad. La justicia va a llegar. Oh, ya la gente no come cuento. Ey, este ya no es un momento. Estamos para que el cucho quede preso. Ay, no. Mi hijo, se cayó la tapa la olla. ¿Cómo no comemos? Cuento le hacemos movimiento, pero desde el corazón. Presidente. Presidente, codero.";"2286"
"i6eXnL8d5lE";"20260424";"＂FRENTE A LA ESTRATEGIA DE LA MENTIRA EL PODER DE LA VERDAD＂";"https://youtu.be/i6eXnL8d5lE";"Un gran saludo, queridas compañeras y queridos compañeros. Muy contento de estar aquí en Riseralda en Pereira. Me dicen que hoy ha fallecido un histórico líder de la Unión Patrión, José Isaac Mosquera. Un abrazo para la gente de la UP, para su familia condolencias y también me dicen que una chiva que venía nuestra gran movilización de hoy tenido un accidente. Hay algunos heridos, pero eso muestra las muy difíciles circunstancias, pero también los enormes esfuerzos que hace la gente por llegar a estas plazas con nosotros. ¿Cómo quiere la gente al pacto histórico, a la Alianza por la vida, a nuestro compañero presidente Gustavo Petro, a nuestra compañera futura vicepresidenta de la República, la primera mujer indígena que será vicepresidenta Ida Quilcé. En fin, muchas gracias a todas y todos. Voy a leer un discurso en el día de hoy que se llama Frente a la estrategia de la mentira, el poder de la verdad. Queridas y queridos compañeros, hoy me dirijo a ustedes un pueblo que no solamente sabe cultivar el café en estas montañas, sino que ha cultivado trabajo honesto y una identidad construida con esfuerzo y con rectitud. El pueblo de Risaralda es ejemplo de resistencia, de organización y de esperanza. Un pueblo que no se doblega ante la adversidad ni ante la exclusión, que transforma las dificultades en fuerza colectiva y que una y otra vez ha demostrado que el futuro se construye actuando colectivamente. Lo vimos en el estallido social cuando la juventud se levantó con valentía frente a las políticas injustas, frente a las decisiones que pretendían profundizar el sufrimiento de millones luego de la pandemia. Allí estuvo la primera línea de la dignidad. Allí estuvo el espíritu rebelde de un país que no acepta más abusos y en esa memoria vive y vivirá siempre. Lucas Villa, símbolo de la juventud que decidió no callar y que pagó con su vida el derecho a soñar con un país distinto. Desde aquí le mando a su familia, a sus hermanas un abrazo. Entrañable está aquí. Lucas siempre en nuestro corazón. Su voz Su voz, la voz de Lucas, sigue presente recordándonos que la democracia no puede ser silenciada. y que el cambio no es una promesa, es una exigencia histórica. Por eso y como lo he venido haciendo en mi largo recorrido por municipios y ciudades de todo el país, vengo aquí hoy a firmar mi compromiso con el pueblo y la juventud de Risaralda, el segundo gobierno progresista que vamos a elegir el próximo 31 de mayo en primera vuelta de las elecciones presidenciales. Será un gobierno del pueblo, con el pueblo y para el pueblo. Junto a Ida Quilque construiremos un proceso democrático que no le dé la espalda a la gente, que escuche, que dialogue y que gobierne obedeciendo al pueblo. Defenderemos la educación pública, la economía campesina, la organización social, porque allí está la base de un país justo. Compañeras y compañeros, hoy no debemos equivocarnos. En Colombia y en el mundo enfrentamos una gran amenaza, una amenaza radical. Como lo he dicho en la disputa electoral de este año en nuestro país nos confrontamos dos fuerzas claramente opuestas con dos concepciones de país y de mundo abiertamente divergentes. La política que ha practicado la extrema derecha uribista se basa en la mentira, la mentira cínica, desvergonzada y perversa, que no solo busca confundir, sino que pretende manipular, controlar e instigar la rabia y el miedo en la sociedad. para frustrar el avance del cambio social, del progreso y de la libertad del pueblo. El pueblo está de roso. Un barajo. El pueblo está de roso. Un barajo. El pueblo estáo. Ese régimen de mentiras cínicas, de manipulación y control, se aplicó en Colombia para ocultar los crímenes, desacreditar y destruir los procesos de paz, inculpar a otros de los problemas propios, tergiversar las cifras y estadísticas del país, borrar la enseñanza de la historia en los planteles educativos. Borrar la memoria de las víctimas de los crímenes del uribismo. Borrar el sentido de dignidad del pueblo, empobrecido y reprimido. Presentar a luchadoras y luchadores sociales y a los movimientos sociales como terroristas. Presentar a los peores criminales como buenos muchachos. Acabar con toda la esperanza del pueblo en un cambio social. Presentar al paramilitarismo como una respuesta legítima, justificar las políticas de hiperconcentración de riqueza y tierras como una buena noticia para la economía. Aducir que la pobreza no es otra cosa que el desgo. Y la pereza de los campesinos, los indígenas. y los afros. Nada de eso es cierto, compañeras y compañeros. Es la mentira que ha pregonado el uribismo en Colombia. Ejemplos de esa manipulación desvergonzada de la opinión pública fue la desfiguración del Sistema Nacional de Estadística. El Dane hoy ha demostrado que durante años millones de seres humanos no fueron tenidos en cuenta en los censos nacionales. Se dejó de contar a la población afro y a los campesinos en una expresión abierta de racismo y de clasismo. Otro ejemplo, la campaña de mentiras y odios que se adelantó para destruir el acuerdo de paz en 2016 y que ganara el no en el plebiscito o la práctica y la justificación de los mal llamados falsos positivos para simular que se estaban obteniendo enormes éxitos militares en la confrontación. Ese cinismo urivista llega al punto de querer presentar políticas abiertamente autoritarias como democráticas, modelos promotores de la desigualdad como sociales, políticas de discriminación clasistas y racistas como expresión de cohesión social. Ahora la candidata de la extrema derecha, Paloma Valencia, reproduce a la perfección estos métodos de la mentira que ha utilizado Álvaro Uribe en las últimas décadas. La señora Valencia no tiene ninguna clase de vergüenza en distorsionar la verdad y en desfigurar la realidad política y social del país. Acostumbra usar cifras cuyo origen y veracidad nunca sustenta. Irregularmente esas cifras falsean los hechos reales. acusaciones de manera sucia, carentes de todo sustento. Veamos dos ejemplos. Hace algunos días, la señora defensora del pueblo, Iris Marín, tuvo que desmentir públicamente a Valencia por haberla citado falsamente para acusar al pacto histórico de obtener votación supuestamente con la presión de grupos armados. y que mi campaña y nuestra campaña estaría haciendo uso de proselitismo armado. Valencia dijo que era una información de la defensora del pueblo, una mentira grave e irresponsable que no sustenta ni la convierte en denuncia penal porque sabe conscientemente que es una mentira impúdica. Los medios de comunicación que le hacen campaña a ella, hay que decirlo, y a la extrema derecha, simplemente reproducen esas afirmaciones irresponsables y peligrosas. En otro ejemplo, hace un tiempo sostuvimos un debate en el Senado de la República y cuando ella se salió de casillas gritó a través del micrófono de su curul, ""Senador Cepeda, no me vaya a mandar a matar."" Luego, para intentar disimular esta incriminación, Valencia dijo que semejante señalamiento era una súplica y no una acusación directa. Hágame el favor. La candidata Valencia no tiene ningún problema en desdecirse de sus opiniones. Un día ataca el aumento salarial y al otro a regañadientes lo acepta y dice que fue su defensora. Un día ataca con una demanda las pensiones para adultos mayores, los más pobres, y al otro en la plaza pública con tono y arenga ventejuliera dice defenderlas. Ella vive intentando disfrazarse de centro político, pero esa operación ya no le funciona al uribismo. Cuando pierde la calma, cosa que ocurre, debo decirlo con frecuencia, brota su naturaleza de terrateniente autoritaria, manipuladora e hipócrita. Hay que decirlo con todas las palabras que son. Y en este punto, compañeras y compañeros, debemos preguntarnos por los grandes medios de comunicación y su papel hoy en la sociedad colombiana. Es cierto, la libertad de expresión es un derecho fundamental en una sociedad democrática. No puede ser restringido, óigase bien lo que digo, no puede ser restringido ni censurado el derecho a la libertad de expresión, pero también está el derecho de las ciudadanas y los ciudadanos a informarse verazmente. Y ese derecho tampoco puede ser ni restringido ni censurado por nadie. incluyendo a los grandes medios de comunicación. Vivimos un tiempo en el que algunos de los grandes medios de comunicación y portales de las redes sociales han tomado abiertamente partido por la extrema derecha y su propaganda sucia. En medio de una cultura del espectáculo, del rumor y del chisme, han renunciado a la imparcialidad y se han convertido en caja de resonancia de las candidaturas de la extrema derecha. Ya de lo que se trata no es de informar, investigar, sustentar, explicar o informar. Ahora el asunto es mentir e instigar odios. Todo se hace válido. Se simplifica al máximo los argumentos que no gustan. Se descontextualiza los discursos. Se atribuyen opiniones simplificadas al máximo para rebatirlas con otras opiniones tan o más simplistas. Y cuando se exige un poco, solo un poco de responsabilidad y seriedad en la información, se acusa a quien lo dice de querer censurar. Esta no es una actitud casual, inocente ni incauta. Hace algunos días se conounció un informe del equipo investigativo de la revista Raya sobre el llamado proyecto Júpiter, una operación diseñada por ideólogos uribistas con el fin de promover el miedo para incidir en el comportamiento político y electoral de la ciudadanía. Para ese objetivo, según la revista, se habría recaudado más de 7,000 millones de pesos para promover ataques contra el gobierno, contra el presidente Petro y contra mi campaña política, así como mostrar a la candidata Valencia como una opción centrista. Por esa razón he pedido a la fiscal general de la nación, Luz Adriana Camargo, que se realice a la mayor brevedad una investigación para determinar la veracidad de estos hechos, determinar y sancionar quiénes son responsables si es que los hay. Frente estas mentiras y esta estrategia de la mentira, nuestro nuestra respuesta es diáfana. frente a la estrategia de la mentira, el poder de la verdad, que es el lema de nuestra campaña. La verdad de un pueblo que ha sufrido, pero también ha resistido con dignidad, que hoy construye una gran transformación social. Nuestra tarea es recuperar el valor de la palabra honesta, del pensamiento crítico, la demostración con argumentos, con evidencias, reconstruir una cultura donde la verdad no sea la más ruidosa, sino la más sólida, la más justa, la que nos permita como sociedad encontrarnos nuevamente sobre la base de lo real. lo ético y lo verificable, porque no hay estrategia, debo decirlo, por muy sofisticada que sea, capaz de derrotar la conciencia despierta de un pueblo organizado. Colombia ya despertó y no volverá a dormir, no volverá al pasado. En consecuencia, que se oiga bien, desde Pereira invito a los directores y a las directoras de los grandes medios de comunicación. Está contigo amigos. El pueblo está contigo. Se queda, amigos. El pueblo está contigo. Se queda amigo, el pueblo está contigo. En consecuencia, aquí desde Pereira invito a los directores y las directoras de los grandes medios de comunicación a que tengamos un diálogo sobre la comunicación social, no para la mentira, no para el odio, no para la manipulación, sino para la verdad, la paz, la reconciliación y la democracia. Estoy en disposición de construir ese diálogo de forma sincera, transparente y respetuosa. Compañeras y compañeros, he dicho que reto al debate a los candidatos de la extrema derecha. Que se olviden, no me voy a someter, quiero decirlo con claridad y con firmeza, a cualquier clase de condiciones para ese debate. mucho menos me prestaré al intento de someter la dignidad del pacto histórico o la alianza por la vida a la cultura del espectáculo. No soy de los que se vende por un micrófono, una cámara o una portada de revista. No, señores, lo mío no es caerle bien al poder, no, señoras y señores, lo mío es decir la verdad, estar junto al pueblo, escuchar al pueblo, defender sus intereses y sus derechos. Eso es lo nuestro en el pacto histórico. No vinimos a la política para congraciarnos con opresores, con la abección ni mucho menos con la gran corrupción. Vinimos para seguir adelante con el proceso de transformación social y de eliminación de la pobreza que ha iniciado nuestro primer gobierno bajo la acertada conducción, lo diremos una y mil veces, de nuestro compañero presidente Gustavo Petro. Esta semana hemos concluido trascendentales acuerdos que fortalecen la Alianza por la vida. Aquí están hoy todos los movimientos sociales, el Partido Verde, sectores del centro político y social, liberales y conservadores y conservadoras. Los invitamos y las invitamos a todos a construir un gran acuerdo nacional. Es el momento de afianzar entre todos y todas nuestro segundo mandato progresista, el segundo de nuestra historia republicana. Así que junto a ida Quilqué, con la fuerza de nuestras ideas, de nuestro programa, de nuestra historia de luchas con el poder de la verdad, vamos a triunfar el 31 de mayo en primera vuelta de la elección presidencial. Me llamo Iván Cepeda y quiero ser su presidente en primera vuelta. Presenteo presidente como presente presidente Yeah.";"2187"
"xhYfKd28eig";"20260425";"＂UNA PROPUESTA CONCRETA Y VIABLE PARA LAS PEQUEÑAS EMPRESAS ";"https://youtu.be/xhYfKd28eig";"en Tarima el próximo presidente de la República de Colombia, Iván Cepeda Castro. Lo recibimos, los saludamos los liberales, los progresistas, el pacto histórico, todos reunidos para recibir a Iván Cepeda. Bienvenido. Con las notas del mundo tolimense, del maestro Alberto Castilla, este puñado de hombres y mujeres luchadoras, recibemos hoy en la plaza Manuel Murillo Toro a nuestro próximo presidente Iván Cepeda Castro. ¿Cómo van? Bien. Gracias, gracias. Me critican porque leo mis discursos, les dicen algunos papelitos y cuando leo los papelitos se arman unas discusiones en el país tremendas. Aquí les traje un papelito. Nuestras opiniones son serias. Nosotros no hacemos arengas ventejulieras para engañar la gente. Hacemos discursos programáticos serios, con planteamientos que vamos a cumplir, con propuestas viables y concretas como las que voy a hacer en la tarde de hoy. Por eso no les gustan nuestros discursos, porque saben que se encer una propuesta concreta y viable para las pequeñas empresas familiares. Queridas compañeras y queridos compañeros, presento mi saludo entusiasta y respetuoso al valiente pueblo tolimense. cuando visité y vagué hace algunos meses en desarrollo de esta campaña que ha llenado, hay que decirlo, más de 50 plazas y parques en todo el país con demostraciones multitudinarias como esta en la que estamos. Recordé que este departamento ha sido escenario de acontecimientos históricos y que este pueblo ha sido protagonista. de luchas sociales democráticas. Recordé, por ejemplo, que hace medio siglo aquí se firmó el pacto de Chicoral, un acuerdo de contrarreforma agraria que se llama la alianza de grandes terratenientes. Terratenientes como los Valencia en Cauca, hay que decirlo aquí en esta plaza. de los dos partidos tradicionales, el liberal y conservador y de sectores empresariales, con el gobierno de Misael Pastrana Borrero para posponer por décadas la reforma agraria y blindar la extensa e improductiva propiedad latifundista. También dije que a pesar de esa férrea oposición terrateniente por impedir la reforma agraria, el campesinado del Tolima ha luchado intensamente por hacer realidad el cambio del mundo rural, que hoy comienza a cumplirse bajo nuestro gobierno que conduce con acierto y valentía El compañero presidente Gustavo Petro Urrego, que aquí en esta tierra también las comunidades han hecho una firme y exitosa protección de los territorios y que han sabido defender la naturaleza y el agua frente a la voracidad. de la gran minería, que aquí la protección del agua, la protección de las montañas y de la vida ha unido a la gente con expresiones como la marcha carnaval por la vida. Una alegre demostración rebelde y como la histórica consulta popular de Cajamarca, que fue la primera en Colombia para salvar el territorio de la depredación extractiva de la transnacional Anglogol Ashanti, que fue derrotada por el pueblo en democracia. Como lo he dicho, la victoria del campesinado de la población contra la gran multinacional minera no es solo el derrotar un proyecto extractivista. Es la victoria que demuestra que el agua vale más que el oro y es parte del corazón de nuestro programa ambiental hoy por hoy. Esos procesos de organización popular en esta región nos llenan de sentimientos de gratitud, admiración y reconocimiento. Y por eso vengo a reiterar aquí mi compromiso con el Tolima y con su gente. Tendremos presente en nuestro programa de gobierno al pueblo tolimense, sus necesidades, aspiraciones y sus luchas históricas cuando el próximo 31 de mayo sea elegido en primera vuelta. presidente de la República, junto a mi compañera Ida Quil fue, primera mujer indígena, vicepresidenta de la República. Hoy quiero hablar aquí de un tema esencial, una propuesta económica concreta y viable de lo que será el programa de nuestro gobierno dirigido al fortalecimiento de la microempresa familiar. Como en todos los demás temas, nuestra visión es totalmente distinta a la que tiene la extrema derecha urivista sobre los problemas económicos de nuestra sociedad. Buscamos consolidar un modelo en el que el crecimiento económico, la consolidación de la democracia, la justicia social y la sostenibilidad ambiental se refuercen mutuamente en beneficio del país, de nuestro pueblo, de nuestros ciudadanos, de nuestras comunidades y de los propios empresarios. Hay que decirlo. Para nosotros y nosotras, desde el pacto histórico y la alianza por la vida, la eliminación de la pobreza y la desigualdad son el objetivo económico fundamental del programa de gobierno. Primero los pobres para que el país se beneficie. En cambio, el urivismo y sus candidatos y candidatas, para ellos el objetivo es seguir avanzando en la concentración de la riqueza y en el beneficio máximo de las élites del país. Son dos visiones radicalmente distintas e incluso opuestas. Una, la nuestra, quiere el beneficio del pueblo, la otra, la de Uribe y sus candidatos presidenciales, busca el beneficio de los círculos restringidos y tradicionales del poder económico y financiero. Esa discusión se ha visto claramente expresada en los temas esenciales de la política social. Nuestro gobierno ha logrado, ustedes saben, convertir el salario mínimo en un salario vital de más de 2 millones de pesos que vamos a defender pase lo que pase. Según el Dane, nuestro gobierno ha sacado de la pobreza a más de 3 millones de compatriotas. A través de la reforma ha logrado triplicar el bono pensional para 3 millones de adultos mayores que viven en las condiciones más difíciles en nuestra sociedad. ha logrado entregar 700,000 hectáreas de tierra al campesinado más pobre y ha hecho posible que 350,000 jóvenes de origen popular tengan acceso gratuito a la universidad pública, algo que no se había visto en Colombia. Y el uribismo, ¿y el uribismo, ¿qué ha hecho? Mientras estábamos discutiendo estas propuestas, se ha opuesto a cada una de ellas, de esas reformas y de esos cambios que benefician al pueblo. Se opuso a la reforma laboral y en un comienzo al aumento salarial. demandó la reforma pensional, siempre se ha opuesto a la reforma agraria y busca seguir privatizando la educación. Así que eso es lo que hay que decidir el 31 de mayo. O estamos con el modelo de la restricción para el pueblo o estamos con el modelo de beneficio para todo el pueblo. La concepción de la extrema derecha de lo social se reduce a la precariedad de algunos subsidios que no honran la dignidad de las personas ni sus derechos plenamente, sino que buscan convertir a la gente nuevamente en clientelas electorales y politiqueras. Nuestra visión, parte de la convicción de que el desarrollo económico sostenible solo es posible cuando se combate eficazmente la pobreza y la desigualdad que han enfrentado grandes segmentos de la población y además cuando se fortalece el estado social de derecho en beneficio de todas y todos. Nuestra propuesta esencial busca promover una economía productiva, diversificada y socialmente incluyente, donde el sector privado, tanto nacional como extranjero, tengan un rol importante que contribuya al mejoramiento de las condiciones de vida de toda la población y no de algunos pocos. El uribismo cree que la redistribución se produce porque los excedentes de la riqueza llegan por la vía de la libertad del mercado a los más pobres. Pero esta visión y esta práctica han tenido como consecuencia la profundización de la desigualdad de la pobreza, de la pobreza extrema, la exclusión social y territorial y el racismo estructural en la sociedad colombiana. Mientras ellos defienden la opulencia de unos pocos, nosotros buscamos acabar con la escasez y la miseria de muchos en la sociedad colombiana. Por nuestro primer gobierno, esa visión neoliberal ha comenzado a ser derrotada. Colombia se merece un modelo económico en el que la equidad y la justicia social sean fuentes de riqueza y prosperidad para todas y todos. Colombia tiene ventajas reales para hacer que toda la nación, todos los pueblos, todas las comunidades, todas las clases sociales, todos los sectores, todos los territorios, todos y cada uno de ellos puedan beneficiarse de nuestra riqueza natural extraordinaria con sostenibilidad ambiental y además beneficiarnos del inmenso talento humano que hay en nuestra gran nación Colombia. Ha llegado la hora de profundizar y radicalizar la transformación social con nuestro segundo gobierno progresista. A eso vamos. Uno de los aspectos más dañinos del modelo neoliberal ha sido que ha minado los tejidos comunitarios. El individualismo y el egoísmo han acabado con los lazos familiares, comunitarios, vecinales, organizativos y asociativos que proporcionan la solidaridad, el cuidado y el apoyo mutuos. La disputa para sobrevivir en la vida social y económica se ha vuelto un sálvese quien pueda. Han debilitado los lazos solidarios entre la gente. Parece que se nos olvida que en esa dura prueba que fue la pandemia, lo que salvó a muchos fue la solidaridad en el seno de la familia y de nuestras comunidades. Por eso, desde Ibagué, hoy quiero lanzar una propuesta para impulsar la microempresa familiar. Las microempresas son el alma de la economía en general y de la economía popular en particular. Y cuando se trata de microempresas familiares, hablamos de un núcleo fundamental del tejido económico. Muchas personas tienen en su hogar el emprendimiento con el cual se ganan la vida y obtienen su sustento. Mi gobierno apoyará decididamente a las familias en sus microempresas. Que se oiga bien. Es evidente la importancia de ese tejido empresarial en el Tolima. Las microempresas, muchas de ellas familiares en este departamento. Amigo, el pueblo está conito. Sea, amigo, el pueblo está conito. Sea, amigo, el pueblo está contigo. Es evidente, amigo, el pueblo está contigo. La importancia de ese tejido empresarial en el Tolima. Las microempresas, muchas de ellas familiares, en este departamento alcanzan el 97%, óigase bien, el 97% del total de las unidades productivas. ¿En qué consiste nuestra propuesta para desarrollar y apoyar las empresas, microempresas familiares? El sostenimiento de ellas se dificulta porque no existe oferta sólida de crédito por parte de las entidades financieras. Actualmente las entidades bancarias no tienen esa clase de microcréditos porque consideran que no existe respaldo suficiente para los préstamos que se deben hacer. Eso se traduce en altas tas de interés, costos de los microcréditos, grandes intereses, lo que se traslada a elevados costos por cada uno de esos empréstitos que tienen que pagar con mucho esfuerzo los microempresarios. Se necesita entonces un proyecto que amplíe definitivamente la oferta con un nuevo tipo de crédito para las microempresas familiares. Baje las tasas de usura y asegure el microcrédito. El objetivo entonces es alcanzar que al menos el 20% de las microempresas familiares tengan créditos mediante un nuevo fondo que agrupe recursos que actualmente se brindan a través de otros fondos e instituciones, como por ejemplo el Fondo Nacional de Garantías. Este proyecto puede llegar a beneficiar, óigase bien, a 50,000 microempresas anualmente. Es decir, que al final de nuestro segundo gobierno 200,000 microempresas familiares puedan obtener créditos por 50 millones de pesos en promedio pagaderos hasta en dos en 24 meses, 2 años. Este y otros proyectos de esta naturaleza pueden lograr avances significativos para las microempresas familiares, traer felicidad, bienestar e ingresos para muchos hogares del país y del Tolima. Y por eso lo vamos a hacer. Tengan la seguridad. Compañeras y compañeros, en Ibague y el Tolima, el pacto histórico fue la fuerza política más votada para las elecciones del Congreso de la República realizadas el pasado 8 de marzo. Gracias a ese respaldo de ustedes y de millones de compatriotas, hoy el pacto histórico es la principal y más influyente fuerza política en Colombia. Hoy, además, contamos con el valioso respaldo de todos los sectores del liberalismo en el Tolima. Repito, hoy contamos con el valioso respaldo de todos los sectores del liberalismo en el Tolima. Bienvenidos los liberales. Nada, señor liberales. Primera vuelta. El pueblo está contigo. Se queda, amigo. El pueblo está contigo. Se el pueblo está. En la mañana, por mayorías muy significativas, el Partido Verde decidió adherir formalmente a la Alianza por la Vida. Hoy mi compañera y futura vicepresidenta Aía Quilcué recorre el país llenando plazas tan bien como esta. Hoy están con nosotros todos los movimientos sociales de este país. Con la dignidad que caracteriza al pueblo tolimense, con su espíritu rebelde, vamos a impulsar la gran movilización electoral que nos conduzca a conquistar el segundo gobierno progresista de nuestra historia. Les hago la invitación a que en estas cinco semanas que restan de campaña electoral recorramos el territorio rural y urbano del Tolima, a que cada casa, cada familia, cada comunidad tenga nuestro mensaje programático, que cada uno y cada una de ustedes consiga otras 10 personas que desde muy temprano, el próximo 31 de mayo, marquen la primera casilla del tarjetón arriba y a la izquierda. Bueno, digo 10, pero ya veo rostros que aquí me están diciendo 20 o 30. Bienvenidos y con una votación masiva, elijamos en primera vuelta nuestro nuevo gobierno democrático y social para avanzar en las reformas. Un gobierno que trabaje incesantemente por acabar la pobreza y la desigualdad social, por impulsar las microempresas familiares, por reformar el sistema de salud, por avanzar en la lucha contra la gran corrupción, por garantizar la educación de calidad en todos los niveles para la juventud colombiana, por hacer realidad la revolución. agraria, por reformar el sistema general de regalías, por profundizar los logros en materia laboral y pensional, por desarrollar los territorios, por proteger el agua, nuestras montañas, nuestros ríos, nuestra naturaleza. Vamos por un gobierno del pueblo, con el pueblo y para el pueblo. Me llamo Iván Cepeda y quiero ser su presidente en primera vuelta.";"2251"
"aS1Y1zKuC94";"20260426";"＂LA REVOLUCIÓN AGRARIA ES CONVERTIR A LA ECONOMÍA RURAL EN E";"https://youtu.be/aS1Y1zKuC94";"Que recibamos al próximo presidente de Colombia y sea con las banderas arriba desde un aplauso, un aplauso al futuro presidente de Colombia Iván Cepa. ¿Dónde están nuestros amigosistas? Arriba la mano, arriba, arriba las banderas. Iván se presidente a ver la dorada que se sienta con esa aplauso fuerte. La llegada de Iván se peda, la donada Carlas. Arriba, arriba, por el cambio, por el progreso. Somos más y van presente, arriba las manos, arriba los sombreros, arriba los ponchos. Este es el cambio. Juntos vamos por más Iván Cepedo, presidente. Vamos a darle la bienvenida. Bienvenido. Gracias Iván sea la dorada Calda. Gracias la dorada. Gracias Magdalena Medio. Querido pueblo del Magdalena Medio, creen, creen que con el miedo van a parar la ola progresista que recorre el país, que nos van a intimidar desde aquí, desde La Dorada, hoy les decimos con claridad, nada ni nadie va a parar nuestra campaña electoral. victoriosa. Nada ni nadie nos va a atemorizar. Pasaron la época en que el miedo y el terror hacía que la gente se silenciara. Hoy somos un pueblo organizado. Hoy el pacto histórico y la alianza por la vida somos la más grande fuerza política que hay en el país. Así que con sus amenazas, con sus intimidaciones se pueden quedar porque a nosotros no nos inmutan. Y aquí está la demostración multitudinaria de eso. Gracias por estar aquí, pueblo de la Dorada y del Magdalena Medio. He traído un discurso que tanto choca a los señores y señoras, especialmente a la señora Valencia de extrema derecha. Se lo voy a dedicar hoy con toda la claridad y la franqueza a los terratenientes, a los ascendados, a los latifundistas que han intentado parar la reforma agraria. El discurso se llama La revolución agraria es convertida a la economía rural en el centro de nuestro desarrollo. Queridas compañeras y queridos compañeros, saludo con emoción y con respeto al pueblo de La Dorada y del Magdalena Medio, al que tanto admiro y respeto por su tradición de lucha y valerosa resistencia en estas tierras del Magdalena Medio, donde hoy nos congregamos multitudinariamente. habita una memoria que no podemos ni debemos olvidar. Aquí hace algunos años surgió el paramilitarismo. Surgieron las alianzas oscuras entre sectores del poder político, grandes intereses económicos, estructuras del narcotráfico encabezadas por Pablo Escobar y Rodríguez Gacha, unidades de las fuerzas militares e incluso la injerencia de agentes israelíes que trajeron la doctrina de la muerte. Ese tenebroso aparato de violencia tuvo como objetivo crear un centro de entrenamiento y operaciones desde el cual silenciar a las organizaciones políticas del cambio e impulsar el despojo masivo de las tierras del campesinado. El primer gran blanco de esa barbarie fue la Unión Patriótica desde Puerto Boyacá, denominado por los ganaderos en ese entonces la capital antisubersiva de Colombia. Se desató el genocidio contra ese partido y una persecución sistemática que cobró la vida de líderes sindicales y campesinos. Allí fueron desaparecidos, los recuerdo, sindicalistas de la UP como Miguel Ángel Díaz y Faustino López, a quienes rindo homenaje hoy desde esta multitudinaria demostración. Desde allí se tejieron crímenes que marcaron la historia del país como el magnicidio de Luis Carlos Galán. El campesinado y sus organizaciones en el Magdalena Medio, en municipios como Puerto Boyacá, Jacopí y Cimitarra, sufrió de manera directa el peso cruel de esa tragedia y buscó ser destruido con el despojo de sus tierras, las masacres, el intento de arrancar de raíz su dignidad y su liderazgo. Pero si algo nos ha enseñado este territorio es la capacidad que ha tenido transformar esta realidad y construir un camino distinto al que buscaban los grandes ascendados, los políticos corruptos y sus organizaciones criminales. Fue la valentía del campesinado, su organización, movilización y decisión de perseverar para vivir y permanecer, lo que permitió paso a paso que estas tierras comenzaran a liberarse del terror paramilitar y hacendatario. Hoy, en un giro de la historia hemos comenzado a hablar de esperanza. de justicia, de prosperidad y de transformación. Pasaron los tiempos del terror paramilitar. Los sepultamos y los seguiremos sepultando cuando haya necesidad de ellos. Bajo el liderazgo acertado de nuestro compañero presidente Gustavo Petro Urrego, la reforma agraria empieza a hacerse realidad en el Magdalena medio. Hace apenas unos cuantos días se entregaron miles de hectáreas de tierras fértiles a quienes durante décadas fueron despojados y desplazados en Puerto Boyacá. En la región ya se han entregado, óigase bien, 19,000 hectáreas por la Agencia Nacional de Tierras, muchas de ellas arrebatadas a los poderes criminales que despojaron a los campesinos y campesinas en este territorio. Así lo que antes fue símbolo de violencia, hoy se convierte en símbolo de dignidad. Puerto Boyacá ha pasado de ser la capital antisubersiva de Colombia para erigirse ahora como la capital de la reforma agraria y así también lo es el Magdalena Medio y la Dorada. Y en ese tránsito histórico lo que estamos presidente siente presidente siente presidente y en ese tránsito histórico, lo que estamos construyendo No es solo una política pública, sino una nueva forma de país. Uno, donde la tierra sea para quien la trabaja, donde la vida sea cuidada y donde la verdad florezca sobre la memoria. Vengo hoy a La Dorada a establecer con claridad mi compromiso de continuar el camino marcado por el presidente Petro. El camino. El camino de la vida, de la justicia, de la equidad, el camino de la reforma agraria que vamos a convertir en revolución agraria. compañeras y compañeros, ese camino, ese camino lo seguiremos recorriendo al lado del pueblo del Magdalena medio después del próximo 31 de mayo, cuando a pesar de todos los intentos de la extrema derecha por bloquearnos, Vamos a ganar fulminantemente y seremos elegidos. Mi compañera Ida Quilcué, primera mujer indígena, vicepresidenta de Colombia y este servidor, nuevo presidente de la República. El pueblo está contigo. Espera, amigo. El pueblo está contigo. como lo he dicho con toda claridad, como lo hemos dicho con toda claridad, con el uribismo, con su candidata, la señora Valencia, con la extrema derecha, con el señor de la Espria, tenemos dos visiones totalmente opuestas frente a la vida política y social del país. Frente a la reforma agraria hemos expuesto claramente nuestras diferencias. Uribe y sus candidatos. Uribe y sus candidatos presidenciales se oponen abiertamente a la reforma agraria. Ellos provienen precisamente de los sectores terratenientes y hacendatarios. La candidata Valencia proviene de una rancia tradición familiar terrateniente. Hay que recordárselo. llegó incluso a proponer dividir el departamento del Cauca en dos y segregar a los pueblos indígenas para ubicarlos en las peores tierras, porque ella considera que han sido invasores de lo que llama sus propiedades. El uribismo y la extrema derecha han atacado el acuerdo de paz de 2016 y su primer punto que era precisamente la reforma agraria. Votaron por el no en el plebiscito de 2016, o sea, que votaron no a la reforma agraria, se han opuesto a la jurisdicción agraria. La señora Valencia ha dicho que esta justicia legalizaría la invasión de las tierras. Se han opuesto a la entrega de tierras a los firmantes de paz. Se han opuesto a las entregas de tierras a campesinos diciendo que esas entregas violan la propiedad privada. Así ocurrió, por ejemplo, cuando el presidente Petro le entregó a los campesinos víctimas la emblemática Hacienda Bella Cruz. En fin, el uribismo y la extrema derecha se han opuesto a todos y cada uno de los elementos, instrumentos y procedimientos de una reforma rural integral. Vamos a derrotar para decirlo con una sola frase, el uribismo, sus candidatos presidenciales, el Centro Democrático son el partido de la contrarreforma agraria. Son el partido que ha discriminado siempre al campesinado, a los pueblos indígenas, a las comunidades afrodescendientes. Son el partido que no quiera al campo, a la justicia agraria, al desarrollo de los territorios rurales de Colombia. En cambio, óigase bien, nuestro gobierno, el pacto histórico, nuestro presidente Gustavo Petro, nuestra candidatura presidencial, hemos puesto en el centro de nuestro programa y gestión al campesinado, a los pueblos indígenas y a las comunidades afro siempre. Hemos hecho de la reforma agraria nuestra principal política y eje programático. Nuestro gobierno ha logrado que el campesinado sea reconocido por fin en la Constitución como sujeto pleno de derechos y ha logrado abrir el camino de la jurisdicción agraria. Hemos creado el sistema nacional de reforma agraria para poder real y participativamente que las organizaciones campesinas, indígenas y afro participen directamente en la reforma agraria. Hemos gestionado y estamos entregando 75,000 hectáreas para el campesinado más pobre. Aspiramos a entregar un millón de hectáreas antes de terminar el gobierno y vamos por otro tanto en mi gobierno. Sí, señoras y señores, hemos formalizado más de 1,700,000 hectáreas, formalización que incluye las zonas de reserva campesina, los territorios campesinos agroalimentarios, TECAM, los resguardos indígenas y los territorios colectivos de las comunidades negras. Hemos logrado que la agricultura crezca, que los precios de los alimentos disminuya significativamente. Hemos detenido importaciones de alimentos y hemos comenzado la exportación de alimentos a otros mercados en el mundo. Nuestro proyecto político es el del bienestar del mundo rural y su pueblo. Nosotros somos el partido de Colombia, potencia mundial de la vida. Somos el partido de Colombia, potencia mundial agroalimentaria. Compañeras y compañeros, ahora debemos no solamente continuar este cambio, sino radicalizarlo para hacerlo irreversible. Como presidente de la República trabajaré por convertir la reforma agraria que ya está en curso en la revolución agraria. Estos son algunos de los elementos de mi plan de revolución agraria para beneficiar a la población del campo y en el Magdalena Medio. Vamos a dar más poder decisorio y participativo a las organizaciones campesinas, indígenas y afro. Vamos a fortalecer el sistema nacional de reforma agraria y las formas asociativas del pueblo rural. Vamos a poner a funcionar la jurisdicción agraria para resolver los litigios de la tierra que agobian a muchos campesinos en el país. Vamos a seguir entregando y formalizando cada vez más tierra fértil y para ello vamos a simplificar los procedimientos de compras estatales y de entrega de predios incautados por la Sociedad de Activos Especiales SAE y también las tierras que están en el fondo de víctimas para que lleguen pronto al campesinado. Vamos a seguir fortaleciendo la economía campesina y rural con más créditos baratos, subsidios para la producción agrícola, fertilizantes y ayudas técnicas. Vamos a seguir protegiendo el agua, los ríos, las montañas para que la política ambiental complemente y potencie el desarrollo económico del campo. Vamos a fortalecer la agroindustria con perspectiva ambiental sostenible, a impulsar la compra estatal de alimentos a las comunidades rurales más pobres. para entregarlo a las comunidades que tienen problemas de hambre y de inseguridad alimentaria en el país. Vamos a apoyar o seguir apoyando la creación de universidades en zonas rurales y la educación superior para que la ciencia y la tecnología le permitan a los jóvenes ser motor de la revolución agraria y del desarrollo territorial. Vamos a exonerar al campesinado. Lo dijo el presidente Petro hace unos días. del impuesto predial y hacer que ese impuesto lo paguen cumplidamente los ascendados que no hacen producir sus tierras. Y aquí en La Dorada y en el Magdalena Medio vamos a seguir desarrollando el ferrocarril que como lo dijo el presidente Petro hoy ya transporta, óigase bien, toneladas de alimentos por nuestras tierras. Eso es el gobierno del cambio, compañeras y compañeros, como lo dijo hace unos días nuestro presidente, al entregar 5300 hectáreas de tierra a los campesinos de Puerto Boyacá, la trocha ha quedado abierta en nuestro primer gobierno. Ahora nos corresponde, como segundo gobierno progresista continuar esta labor, afianzarla y hacerla irreversible para las generaciones futuras de colombianos y colombianas. Estamos seguros de que con el respaldo del pueblo del Magdalena Medio y con la fuerza de su historia de luchas, resistencias, victorias, es posible continuar este camino de cambio y justicia social. Salud. Por eso junto a ida Quilcué les hago la invitación, hago la invitación a todo el pueblo del Magdalena Medio a seguirse sumando a nuestra campaña, al pacto histórico, a la Alianza por la Vida, a organizar, a recorrer juntos cada vereda, cada municipio, cada núcleo de la reforma agraria, llevando el mensaje de cambio y esperanza. Les hago la invitación a que en cada casa, familia, comunidad llegue nuestro mensaje programático. Que cada uno y cada una de ustedes consiga otras 10 personas. 10, aunque ya veo caras que dicen que van a conseguir 20 o 30. Muy bien. a conseguir a otros para que desde muy temprano, el 31 de mayo, marquen la primera casilla del tarjetón arriba y a la izquierda y con una votación masiva, elijamos en primera vuelta el segundo gobierno progresista y de la revolución agraria. Vamos, se puede, si se puede, si se puede, si se puede, sí se puede. Vamos por un gobierno del pueblo, con el pueblo y para el pueblo. Me llamo Iván Cepeda y quiero ser su presidente en primera vuelta. Gracias. Bueno, saludo a María José. El domingo se cumple un nuevo aniversario del asesinato de Carlos Pizarro. Siempre lo llevamos en el corazón.";"2213"
"0z0a4lcdoGs";"20260428";"LA ALIANZA POR LA VIDA LA EQUIDAD Y LA DEMOCRACIA";"https://youtu.be/0z0a4lcdoGs";"Gracias. Gracias. Sin preámbulo y con mucho afecto a todas las fuerzas políticas, sociales, todas las organizaciones que hacen parte de como se llama este discurso, la alianza por la vida, la equidad y la democracia. Queridas compañeras y queridos compañeros, en primer lugar quiero expresar mi solidaridad con el pueblo del Cauca y del Valle del Cauca, ante la cadena de actos terroristas que tienen por blancos civiles y que han dejado numerosas personas muertas y gravemente heridas. El objeto de estas acciones está a la vista, ya lo señalaba la compañera futura vicepresidenta de la República, Aida Quilque. De lo que se trata aquí es de provocar el máximo miedo, desestabilización y generar la sensación de que se requiere volver a las fórmulas. tantas veces fracasadas de militarizar a Ultranza los territorios. Es evidente que los autores de estos actos terroristas buscan favorecer, digámoslo con claridad, el proyecto político de la extrema derecha. Sin duda, sobre eso que no quepa duda. Esto no es gente que está trabajando por transformar el país ni por beneficiar a las comunidades. Esta es una guerra contra el pueblo del Cauca y del Valle del Cauca. Repito, es evidente que los autores de estos actos terroristas buscan favorecer a la extrema derecha, paralizar la movilización política y electoral del pueblo en territorios que han mostrado un claro respaldo a la política de nuestro gobierno, hacer el mayor daño posible a las organizaciones y a los movimientos sociales y a sus liderazgos en esos territorios. Frente a ese terrorismo, afirmamos hoy que nuestra reacción es de firmeza serena, de respaldo total a los movimientos sociales y de persistir sin alteraciones, óigase bien, sin cambios en nuestra agenda y en nuestra labor de seguir haciendo la movilización multitudinaria que llena plazas parques y calles por todo el país. La ola progresista y democrática que está recorriendo a Colombia. Por eso, desde ya llamamos a convertir este primero de mayo el día de los trabajadores y las trabajadoras en movilizaciones en solidaridad con el pueblo colombiano, rechazo abierto y frontal al terrorismo y reafirmar el camino del cambio social. No lograrán que sedamos al miedo, a la violencia y al odio. Se los decimos con toda claridad. Hoy nuestra mejor respuesta a esas acciones de terror y al discurso del odio de la extrema derecha en este acto es presentar públicamente a la gran alianza por la vida como coalición que reúne numerosas fuerzas políticas y sociales de todo el país. Somos una poderosa corriente diversa y unificada que reúne muy variadas y plurales expresiones identificadas por ideas programáticas claras que buscan continuar el camino de la transformación de la sociedad colombiana hacia la equidad y la democracia. Así lo vamos a conseguir, tengan la certeza, con el triunfo que vamos a obtener y eso es cada vez más claro el próximo 31 de mayo en la primera vuelta de las elecciones presidenciales. Hoy tenemos ante nosotros una decisión histórica. Avanzar con determinación hacia una transformación social que dignifique la vida. reconstruya el tejido comunitario y haga irreversible la justicia o retroceder hacia fórmulas del pasado que ya han demostrado ser contrarias a la vida, a la democracia y a lo mejor que ha construido la humanidad. La de la extrema derecha y la nuestra son dos visiones del mundo y del país abiertamente divergentes y opuestas. No nos equivoquemos ni contribuyamos a inducir a error a la gente. No es solo una disputa política, no es solo un asunto electoral, es una elección profunda, histórica y ética de dos caminos distintos. es la definición del tipo de sociedad que queremos ser y en esa decisión no podemos ser neutrales. Lo decimos con claridad. Es trascendental que el pueblo colombiano, nuestras ciudadanías, nuestro proyecto político, quienes integramos esta alianza, tengamos plena y cabal conciencia de este hecho. Esto es lo que está en juego en la contienda electoral que estamos adelantando actualmente. Llevar a necesidad estratégica la derrota de la extrema derecha en nuestro país no es un asunto de enemistades personales, de rencillas políticas. No es un problema coyuntural. Se trata del asunto decisivo que define el futuro de nuestro país y la posibilidad de contribuir a un mundo mejor, a un orden global más justo, equitativo y sostenible. Durante décadas se nos dijo que el camino del neoliberalismo traería prosperidad para todas y para todos. Sin embargo, la realidad que hoy enfrentamos es radicalmente distinta. Un grave estado de postración de la vida social es el que ha dejado el neoliberalismo y de preocupante degradación moral en todos los planos. El neoliberalismo no solo amplió e intensificó la desigualdad y la pobreza, sino que llevó a niveles extremos la concentración de la riqueza, erosionando las bases mismas de la convivencia entre los seres humanos. Poco a poco se instaló la cultura del egoísmo, de la competencia sin límites, del sálvese quien pueda, donde el otro dejó de ser un semejante para convertirse en un obstáculo o peor aún en un desecho humano. Como lo advirtió con claridad el Papa Francisco, quien dedicó su pontificado a esta idea, surgió una sociedad que ha normalizado el odio y el desprecio hacia los pobres, hacia los abandonados, hacia los migrantes, hacia los enfermos, hacia los descartados por el mercado imperante y con ello se normalizaron conductas como el racismo estructural, la violencia patriarcal contra las mujeres y las diversidades sexuales y se redujo la naturaleza a un simple objeto de explotación. Esta visión utilitaria de la vida ha causado un daño enorme, considerable a los lazos de solidaridad, cooperación y cuidado mutuo que sostienen a la especie humana. Cuando se rompe el tejido social, cuando se deshumaniza al otro y a la otra, la violencia deja de ser una anomalía y se convierte en la forma en como se presentan las supuestas soluciones de las diferencias. Así la codicia y el odio terminan alimentando una lógica de fuerza y de autoritarismo. Es el terreno fértil para la emergencia de los gobiernos de extrema derecha que en nombre de una supuesta libertad individual aplican de forma la más arbitraria posible y la más despótica posible, el poder político y económico. Y ahí tenemos los ejemplos, el gobierno de Netanyu, el gobierno de Trump, el gobierno de Miley, el gobierno de Novoa que en nuestro país quieren reproducir, Álvaro Uribe Vélez y sus candidatos Paloma Valencia y Abelardo de la Espriella. Ellos son los representantes nacionales de esta amenaza global para la humanidad y quieren imponer la dominación y la exclusión como si fueran inevitables, como si no existiera una alternativa posible. Pero sí, sí la hay y esa alternativa está aquí en esta sala y por todo el país y se llama la alianza por la vida. Como ustedes saben, el sustento de nuestra alianza, de nuestra relación y yo diría de nuestra amistad profunda está fundamentada en tesis programáticas de fondo, no en alianzas burocráticas y coyunturales. Queremos una coalición firme y sólida para la transformación social. Hoy que presentamos a la sociedad colombiana, nuestra alianza, quiero recordar algunas de esas tesis, tal vez las más significativas, que no solo nos identifican, sino que trazan con claridad el rumbo de la Colombia que queremos seguir construyendo juntas y juntos. La primera de esas tesis es la equidad y las reformas sociales. Nuestra visión de la transformación que requiere el país parte del principio de la eliminación de la pobreza en todas sus formas y de la superación de la desigualdad social. Como en otros países latinoamericanos, nosotros necesitamos hacer nuestra la idea de que por el bien de toda la sociedad, primero los pobres. En un país que ha sido durante décadas uno de los más desiguales del planeta, la justicia social no puede seguir siendo vista como un obstáculo para el crecimiento económico. Es la condición esencial de nuestro desarrollo social y económico. Nos dijeron durante años que la prosperidad surgiría de las fuerzas ciegas del mercado, de una competencia que nunca fue libre ni justa. Hoy sabemos que esa promesa es y ha sido una falacia. La verdadera prosperidad nace de la equidad, del acceso a derechos, de la transformación de los territorios periféricos y excluidos del mundo rural. y urbano. Consolidar la reforma agraria que hemos iniciado en este gobierno con fuerza y con resultados tangibles como una transformación estructural del campo colombiano capaz de generar desarrollo territorial, productividad y paz. Es una línea estratégica de nuestro segundo tiempo como gobierno progresista y debemos intervenir con decisión en los territorios históricamente excluidos, llevando estado, oportunidades, prosperidad, futuro y así obtendremos la paz, evidentemente. La segunda tesis es profundizar la democracia. No basta con defender la Constitución de 1991, aunque hacerlo es imprescindible. Necesitamos más democracia, una democracia real y no formalmente participativa en la que el pueblo incida en las decisiones, en la que las mujeres, los jóvenes, las comunidades tengan voz y poder real y efectivo. Es hora de renovar la política para que recupere su sentido original, el servicio público, no el negocio privado, el bien común, no el interés particular. Y en eso estamos comprometidas y comprometidos. Una auténtica revolución ética con lucha radical y sistémica contra la gran corrupción en todas sus formas. Y lo anuncio, contra las mafias y poderes que sostienen la gran corrupción, vamos de frente en el segundo gobierno progresista. La tercera tesis programática es la política ambiental. Con nuestro actual gobierno y el liderazgo acertado del presidente Gustavo Petro Urrego, Colombia ha comenzado a liderar la lucha global para encarar la crisis climática y sus peores efectos. Debemos transitar hacia un modelo sostenible que proteja la vida, el agua, la biodiversidad, que garantice la transición hacia una soberanía energética basada en fuentes limpias y en el respeto por los territorios. Cuidar la naturaleza no es una opción ideológica, es una obligación histórica, es responsabilidad frente al planeta Tierra con las generaciones presentes y futuras. La cuarta tesis es la seguridad humana y la paz. Un gobierno progresista no renuncia a la paz porque entiende que la guerra es siempre el fracaso de la humanidad. Llevamos décadas en Colombia de conflicto armado, de violencia, de políticas fallidas contra el narcotráfico y las economías ilícitas. Ese camino ha demostrado sus límites. Nuestro compromiso es con una política de paz, pero lo digo con toda claridad, eficaz, seria y responsable. Todo diálogo deberá tener como principio innegociable el respeto a la población civil, al liderazgo social y a quienes han firmado la paz en procesos anteriores. La vida y la dignidad de la gente en los territorios no se negocia. Señoras y señores, implementaremos integralmente el acuerdo de paz de 2016. Porque es un compromiso con el país y con la historia y avanzaremos con decisión en la verdad, la justicia y la reparación para millones de víctimas que han sufrido el horror de la violencia. Lo digo también desde mi condición de víctima que comparto con Aida Quilqué y muchos de ustedes. No habrá paz completa sin verdad, sin justicia y sin memoria. La quinta tesis es el diálogo y el acuerdo nacional. Colombia necesita encontrarse consigo misma, superar la fragmentación y construir un consenso sobre lo fundamental. No se trata de pensar igual, sino de caminar juntas y juntos hacia objetivos comunes, la equidad, la democracia, la paz y la vida. El diálogo no es debilidad, es la mayor fortaleza de una sociedad que decide resolver sus diferencias sin violencia. Estas cinco tesis programáticas y muchas otras que no he explicitado aquí, pero que nos identifican, son una invitación a transformar el país con dignidad, con justicia, con esperanza. Porque Colombia merece un futuro distinto y porque ese futuro hemos comenzado a construirlo, lo vamos a afianzar y lo haremos irreversible. Compañeras y compañeros de la Alianza por la Vida, me enorgullece y me llena de esperanza y satisfacción que nuestros aliados y aliadas nos acompañen en estos propósitos hoy. satisface el creciente respaldo de nuestro pueblo en la plaza pública, en las grandes manifestaciones que hemos venido realizando a lo largo y ancho de la geografía nacional. Somos una fuerza esencialmente multitudinaria y que no podrán detener ni con el terror, ni con la amenaza, ni con la política del odio. Las mediciones conocidas muestran que estamos con Aída a seis puntos de obtener la meta. Lo hemos afirmado sin triunfalismo y sin soberbia. Vamos a ganar el 31 de mayo. Les invito, las invito, los invito a atraer a nuestra gran alianza a quienes aún faltan, a sectores progresistas y democráticos de centro y de todo el espectro político y social. Nuestra invitación a ellas y ellos vengan a fortalecer el triunfo de la gran alianza por la vida. Me llamo Iván Cepeda. Queremos ser el segundo gobierno progresista de la historia republicana de Colombia. Alianza por la vida en primera. Ah.";"2149"
